# Blender 4.5.3 LTS
# www.blender.org
mtllib Miku.mtl
o Bake
v 5.000602 10.905463 0.313853
v 5.049982 10.891187 -0.102547
v 4.780900 11.057599 0.086608
v 5.507139 10.564672 0.524836
v 5.481996 10.819226 0.422670
v 5.340727 10.702202 0.491475
v 5.340727 10.702202 0.491475
v 5.283293 10.886709 0.286714
v 5.521415 10.969207 0.442258
v 5.159041 11.202023 0.278911
v 5.739786 10.946714 0.386065
v 5.451287 10.862061 0.529905
v 5.331846 10.750672 0.563768
v 5.017529 11.006306 0.455698
v 5.481996 10.819226 0.422670
v 5.451287 10.862061 0.529905
v 5.169172 11.174966 -0.057402
v 5.796806 10.920159 0.063119
v 5.603255 10.755904 -0.010585
v 5.481996 10.819226 0.422670
v 5.699864 10.839480 0.399181
v 5.634960 10.830266 -0.213189
v 5.746924 10.879321 -0.098816
v 5.147013 11.115618 -0.163306
v 5.788761 10.939909 0.236256
v 5.604503 10.760382 0.248698
v 6.241514 10.469393 0.047846
v 6.331984 10.534962 -0.031503
v 6.232057 10.446899 -0.026442
v 6.110960 10.513046 0.047514
v 5.743688 10.771591 0.082456
v 5.796806 10.920159 0.063119
v 5.964054 10.760965 0.035315
v 5.954840 10.735813 -0.057312
v 5.746924 10.879321 -0.098816
v 5.686667 10.751752 -0.071920
v 5.905704 10.620533 -0.043783
v 6.107391 10.504084 -0.032744
v 5.905704 10.620533 -0.043783
v 5.908940 10.631985 0.049339
v 6.107391 10.504084 -0.032744
v 5.743688 10.771591 0.082456
v 6.012112 10.782541 0.110179
v 5.796806 10.920159 0.063119
v 5.743688 10.771591 0.082456
v 6.011446 10.779141 0.203139
v 5.739867 10.814749 0.245129
v 5.788761 10.939909 0.236256
v 6.315470 10.521343 0.324317
v 6.316378 10.532220 0.403325
v 6.412907 10.591811 0.319750
v 5.739867 10.814749 0.245129
v 5.969611 10.701536 0.296755
v 6.018998 10.797983 0.279163
v 5.739867 10.814749 0.245129
v 5.969780 10.713737 0.396107
v 5.969611 10.701536 0.296755
v 5.788761 10.939909 0.236256
v 6.012526 10.797983 0.385400
v 5.739786 10.946714 0.386065
v 6.176781 10.597457 0.401087
v 6.179352 10.584673 0.317341
v 5.969780 10.713737 0.396107
v 6.176781 10.597457 0.401087
v 5.968531 10.662199 0.220480
v 6.202671 10.539358 0.224219
v 5.964135 10.651572 0.127025
v 5.968531 10.662199 0.220480
v 6.202671 10.539358 0.224219
v 6.064979 10.443494 -0.093836
v 6.158937 10.485744 -0.174094
v 6.057257 10.433615 -0.164961
v 5.746924 10.879321 -0.098816
v 5.868434 10.729753 -0.112013
v 5.686667 10.751752 -0.071920
v 5.843039 10.705438 -0.212272
v 6.001981 10.587003 -0.186293
v 6.108802 10.507903 -0.177330
v 6.015762 10.609907 -0.109441
v 5.590642 10.758807 -0.207876
v 5.686667 10.751752 -0.071920
v 5.792159 10.630079 -0.183641
v 5.964135 10.651572 0.127025
v 5.743688 10.771591 0.082456
v 5.802119 10.643187 -0.092425
v 5.966212 10.527403 -0.094744
v 5.802119 10.643187 -0.092425
v 5.966212 10.527403 -0.094744
v 6.367761 10.472378 0.223303
v 6.463292 10.551144 0.142217
v 6.365352 10.462588 0.145697
v 6.464865 10.556951 0.206537
v 5.017529 11.006306 0.455698
v 5.331846 10.750672 0.563768
v 4.789035 11.094043 -0.035405
v 5.590642 10.758807 -0.207876
v 5.590642 10.758807 -0.207876
v 5.792159 10.630079 -0.183641
v 6.154532 10.602436 -0.044700
v 6.288574 10.565922 0.034236
v 6.158352 10.612317 0.036556
v 6.232057 10.446899 -0.026442
v 6.279036 10.543260 -0.036151
v 4.831034 11.165248 0.303893
v 4.795094 11.078769 0.222305
v 4.831034 11.165248 0.303893
v 4.873195 11.282946 0.267458
v 6.406605 10.561355 0.133247
v 6.365352 10.462588 0.145697
v 6.463292 10.551144 0.142217
v 6.408843 10.570901 0.209360
v 6.406605 10.561355 0.133247
v 5.636290 10.488317 0.638965
v 5.486562 10.585087 0.600868
v 5.727254 10.513711 0.645932
v 5.706336 10.533883 0.545592
v 5.665839 10.463083 0.546751
v 5.451287 10.862061 0.529905
v 5.591137 10.678218 0.602441
v 5.331846 10.750672 0.563768
v 5.594876 10.643357 0.521770
v 6.057257 10.433615 -0.164961
v 6.116436 10.517693 -0.112094
v 6.167728 10.499516 -0.119978
v 6.064979 10.443494 -0.093836
v 6.116436 10.517693 -0.112094
v 6.108802 10.507903 -0.177330
v 6.167728 10.499516 -0.119978
v 6.359041 10.605089 0.312442
v 6.315470 10.521343 0.324317
v 6.412907 10.591811 0.319750
v 6.359959 10.615885 0.391297
v 6.359041 10.605089 0.312442
v 6.413824 10.599867 0.385903
v 6.367761 10.472378 0.223303
v 6.408843 10.570901 0.209360
v 6.198607 10.528570 0.136905
v 6.198607 10.528570 0.136905
v 6.316378 10.532220 0.403325
v 6.359959 10.615885 0.391297
v 6.179352 10.584673 0.317341
v 5.955838 10.512382 -0.175010
v 5.955838 10.512382 -0.175010
v 5.699864 10.839480 0.399181
v 5.699864 10.839480 0.399181
v 5.739867 10.814749 0.245129
v 5.686667 10.751752 -0.071920
v 5.743688 10.771591 0.082456
v 5.481996 10.819226 0.422670
v 5.594876 10.643357 0.521770
v 5.690569 10.559278 0.626677
v 5.706336 10.533883 0.545592
v 5.486562 10.585087 0.600868
v 5.727254 10.513711 0.645932
v 5.636290 10.488317 0.638965
v 5.690569 10.559278 0.626677
v 5.684177 10.450713 0.651164
v 6.338043 10.546827 0.030164
v 6.241514 10.469393 0.047846
v 6.338043 10.546827 0.030164
v 6.279036 10.543260 -0.036151
v 6.331984 10.534962 -0.031503
v 6.288574 10.565922 0.034236
v 5.331846 10.750672 0.563768
v 6.158937 10.485744 -0.174094
v 6.222924 10.668922 0.303812
v 5.908940 10.631985 0.049339
v 6.110960 10.513046 0.047514
v 6.413824 10.599867 0.385903
v 6.464865 10.556951 0.206537
v 5.684177 10.450713 0.651164
v 5.739867 10.814749 0.245129
v 5.699864 10.839480 0.399181
v 5.634960 10.830266 -0.213189
v 4.842819 11.242773 -0.071255
v 4.866560 11.298219 -0.004275
v 6.246081 10.643024 0.210187
v 6.244750 10.638952 0.125201
v 4.884818 11.328012 0.153670
v 6.217530 10.675558 0.384905
v 4.789035 11.094043 -0.035405
v 5.686667 10.751752 -0.071920
v -4.958936 11.042164 0.024932
v -5.002256 11.151807 0.008921
v -5.144433 11.032707 0.113576
v 4.958936 11.042164 0.024933
v 5.144433 11.032707 0.113577
v 5.002256 11.151807 0.008922
v 3.141261 11.928927 -0.046111
v 3.190146 12.044209 -0.115079
v 2.904965 11.893734 -0.225469
v 2.717131 11.916478 0.079219
v 3.145163 11.938304 0.245129
v 3.126735 11.894894 0.091256
v 3.190146 12.044209 -0.115079
v 3.248497 12.181576 -0.064450
v 3.465124 12.231046 -0.233353
v 3.005557 12.145887 -0.341002
v 4.270794 11.608554 0.393365
v 3.412249 12.228555 0.458690
v 3.174873 12.101068 0.512717
v -3.190146 12.044209 -0.115079
v -3.141261 11.928927 -0.046112
v -2.904965 11.893734 -0.225470
v -2.717131 11.916478 0.079219
v -3.206417 12.082558 0.293599
v -3.255212 12.197596 0.234089
v -3.174873 12.101068 0.512717
v -3.465124 12.231046 -0.233354
v -3.430839 12.332302 0.100461
v -3.248497 12.181576 -0.064451
v -3.005557 12.145887 -0.341002
v -3.190146 12.044209 -0.115079
v -3.412249 12.228555 0.458690
v -4.270794 11.608554 0.393364
v -0.888832 12.806558 0.061618
v -0.824179 12.439951 -0.051919
v -0.889748 12.938686 -0.073997
v -0.837043 12.785892 -0.211032
v -0.000000 13.257738 0.946386
v -0.000000 13.717054 0.577540
v 0.418647 13.258323 0.897258
v -4.789035 11.094043 -0.035406
v -4.780900 11.057599 0.086608
v -3.141261 11.928927 -0.046112
v -3.255212 12.197596 0.234089
v -3.206417 12.082558 0.293599
v -4.873195 11.282946 0.267458
v -4.884818 11.328012 0.153669
v -4.866560 11.298219 -0.004276
v -3.275717 12.245814 0.092082
v -3.248497 12.181576 -0.064451
v -4.842819 11.242773 -0.071256
v -4.789035 11.094043 -0.035406
v -3.190146 12.044209 -0.115079
v -3.141261 11.928927 -0.046112
v -4.958936 11.042164 0.024932
v -5.144433 11.032707 0.113576
v -4.947313 11.008797 0.104281
v -4.954953 11.022243 0.196909
v -4.982255 11.087650 0.250944
v -5.144433 11.032707 0.113576
v -5.018032 11.178948 0.224380
v -4.780900 11.057599 0.086608
v -4.789035 11.094043 -0.035406
v -4.947313 11.008797 0.104281
v -4.958936 11.042164 0.024932
v -4.842819 11.242773 -0.071256
v -5.002256 11.151807 0.008921
v -4.866560 11.298219 -0.004276
v -4.884818 11.328012 0.153669
v -5.031894 11.217126 0.162713
v -4.982255 11.087650 0.250944
v -5.018032 11.178948 0.224380
v -4.873195 11.282946 0.267458
v -4.947313 11.008797 0.104281
v -4.954953 11.022243 0.196909
v -4.795094 11.078769 0.222304
v 4.795094 11.078769 0.222305
v 4.780900 11.057599 0.086608
v 3.126735 11.894894 0.091256
v 3.145163 11.938304 0.245129
v 4.873195 11.282946 0.267458
v 4.831034 11.165248 0.303893
v 3.206417 12.082558 0.293600
v 4.866560 11.298219 -0.004275
v 4.884818 11.328012 0.153670
v 3.275717 12.245814 0.092083
v 3.248497 12.181576 -0.064450
v 3.190146 12.044209 -0.115079
v 4.842819 11.242773 -0.071255
v 3.141261 11.928927 -0.046111
v 4.789035 11.094043 -0.035405
v 4.958936 11.042164 0.024933
v 4.947313 11.008797 0.104282
v 5.144433 11.032707 0.113577
v 4.954953 11.022243 0.196909
v 5.031894 11.217126 0.162714
v 5.020433 11.194805 0.051245
v 5.144433 11.032707 0.113577
v 4.780900 11.057599 0.086608
v 4.947313 11.008797 0.104282
v 4.789035 11.094043 -0.035405
v 4.958936 11.042164 0.024933
v 4.842819 11.242773 -0.071255
v 5.002256 11.151807 0.008922
v 5.020433 11.194805 0.051245
v 5.031894 11.217126 0.162714
v 4.866560 11.298219 -0.004275
v 4.884818 11.328012 0.153670
v 4.954953 11.022243 0.196909
v 4.947313 11.008797 0.104282
v 4.795094 11.078769 0.222305
v -2.012637 12.959108 -0.125129
v -1.917772 12.763732 -0.223564
v -1.943005 13.028580 -0.014568
v -1.823320 12.807467 -0.187875
v -1.927148 12.999617 0.213179
v -2.026337 13.111911 0.187784
v -1.943005 13.028580 -0.014568
v -2.028081 13.114564 0.013901
v -1.819256 12.801326 0.353199
v -1.717245 12.609348 0.272438
v -1.898103 12.731856 0.402992
v -1.721559 12.460698 0.077556
v -1.780826 12.545604 0.313439
v -4.927725 10.544832 -0.389481
v -4.811861 10.540105 -0.444758
v -5.155643 10.999168 -0.630426
v -5.062934 11.047892 -0.698817
v -5.173900 11.520736 0.578456
v -5.044255 11.070553 0.929288
v -5.247110 11.440639 0.640286
v -5.140784 11.015276 0.865714
v -4.893286 10.565256 0.625768
v -4.788038 10.555297 0.682204
v -4.688030 10.324807 0.120138
v -0.473842 13.565751 0.787362
v -0.176040 13.816738 0.693080
v -0.519905 13.466815 0.892359
v -0.141098 13.792169 0.732500
v -0.000000 13.257738 0.946386
v -0.418647 13.258323 0.897258
v -0.000000 13.717054 0.577540
v -0.258707 13.797645 0.461423
v 0.888832 12.806558 0.061618
v 0.889748 12.938686 -0.073997
v 0.824179 12.439951 -0.051919
v 0.837043 12.785892 -0.211032
v -0.088645 13.657294 0.782139
v 0.088645 13.657294 0.782139
v -0.121762 13.308115 1.016440
v 0.121762 13.308115 1.016440
v -0.000000 13.970782 0.635890
v 0.151805 13.902721 0.602773
v 0.088645 13.657294 0.782139
v 0.473842 13.565751 0.787362
v 0.519904 13.466815 0.892359
v 0.176040 13.816738 0.693080
v 0.141098 13.792169 0.732500
v 1.917772 12.763732 -0.223563
v 2.012637 12.959108 -0.125129
v 1.943005 13.028580 -0.014568
v 1.823320 12.807467 -0.187875
v 1.927148 12.999617 0.213180
v 1.943005 13.028580 -0.014568
v 2.026337 13.111911 0.187784
v 2.028081 13.114564 0.013901
v 1.819256 12.801326 0.353199
v 1.927148 12.999617 0.213180
v 1.898103 12.731856 0.402992
v 1.780826 12.545604 0.313439
v 1.721559 12.460698 0.077556
v 1.717245 12.609348 0.272438
v 1.823320 12.807467 -0.187875
v 1.736922 12.640720 -0.098484
v 1.811615 12.563699 -0.134010
v 5.062934 11.047892 -0.698816
v 4.811861 10.540105 -0.444757
v 5.155643 10.999168 -0.630425
v 5.260388 11.451769 -0.405492
v 5.199799 11.542317 -0.337189
v 5.247110 11.440639 0.640287
v 5.140784 11.015276 0.865715
v 5.044255 11.070553 0.929289
v 4.688030 10.324807 0.120139
v 4.788038 10.555297 0.682204
v 4.893286 10.565256 0.625768
v 4.816759 10.354517 0.121218
v 4.927725 10.544832 -0.389481
v 1.927148 12.999617 0.213180
v 1.819256 12.801326 0.353199
v 1.547433 13.124938 0.293519
v 1.943005 13.028580 -0.014568
v 1.606530 13.250097 0.087103
v 1.580551 13.178389 -0.086618
v 1.823320 12.807467 -0.187875
v 2.012637 12.959108 -0.125129
v 1.917772 12.763732 -0.223563
v 2.817894 12.433309 -0.230530
v 2.864953 12.539464 0.079471
v 2.049494 13.023015 -0.003699
v 2.044927 13.014969 0.207121
v 2.829014 12.439537 0.359169
v 2.543500 12.398366 0.444658
v 1.898103 12.731856 0.402992
v 1.721559 12.460698 0.077556
v 1.780826 12.545604 0.313439
v 2.760298 12.005448 0.353613
v 2.717131 11.916478 0.079219
v 2.600187 12.071186 -0.194599
v 1.811615 12.563699 -0.134010
v 3.005557 12.145887 -0.341002
v 5.062934 11.047892 -0.698816
v 3.465124 12.231046 -0.233353
v 3.174873 12.101068 0.512717
v 5.044255 11.070553 0.929289
v 4.788038 10.555297 0.682204
v 4.688030 10.324807 0.120139
v 4.811861 10.540105 -0.444757
v 5.062934 11.047892 -0.698816
v 3.005557 12.145887 -0.341002
v -1.917772 12.763732 -0.223564
v -2.012637 12.959108 -0.125129
v -2.817894 12.433309 -0.230531
v -2.864953 12.539464 0.079470
v -2.049494 13.023015 -0.003700
v -2.044927 13.014969 0.207120
v -2.543500 12.398366 0.444658
v -2.829014 12.439537 0.359168
v -1.898103 12.731856 0.402992
v -1.780826 12.545604 0.313439
v -1.721559 12.460698 0.077556
v -2.760298 12.005448 0.353612
v -2.600187 12.071186 -0.194599
v -2.717131 11.916478 0.079219
v -1.811615 12.563699 -0.134010
v -5.062934 11.047892 -0.698817
v -3.005557 12.145887 -0.341002
v -3.465124 12.231046 -0.233354
v -4.811861 10.540105 -0.444758
v -2.904965 11.893734 -0.225470
v -3.005557 12.145887 -0.341002
v -5.062934 11.047892 -0.698817
v 4.341676 11.654120 0.137983
v 3.430839 12.332302 0.100462
v 5.173900 11.520736 0.578457
v 3.457321 12.228555 0.458690
v -5.173900 11.520736 0.578456
v -3.457321 12.228555 0.458690
v -3.174873 12.101068 0.512717
v -4.341676 11.654120 0.137982
v -4.788038 10.555297 0.682204
v -4.688030 10.324807 0.120138
v -5.199799 11.542317 -0.337190
v -5.260388 11.451769 -0.405493
v -5.318981 11.644735 0.121217
v 5.173900 11.520736 0.578457
v 5.237060 11.698438 0.120139
v 2.000358 12.920841 0.353775
v 3.480640 12.332302 0.100462
v 5.237060 11.698438 0.120139
v 3.457321 12.228555 0.458690
v -3.480640 12.332302 0.100461
v -3.457321 12.228555 0.458690
v -5.237060 11.698438 0.120138
v -2.000358 12.920841 0.353775
v 4.811861 10.540105 -0.444757
v -5.062934 11.047892 -0.698817
v -4.277348 11.624239 -0.126784
v -5.044255 11.070553 0.929288
v -5.199799 11.542317 -0.337190
v -3.465124 12.231046 -0.233354
v -5.237060 11.698438 0.120138
v -5.199799 11.542317 -0.337190
v -4.811861 10.540105 -0.444758
v -4.927725 10.544832 -0.389481
v 4.277348 11.624239 -0.126783
v 5.062934 11.047892 -0.698816
v 5.173900 11.520736 0.578457
v -5.199799 11.542317 -0.337190
v 5.044255 11.070553 0.929289
v 5.173900 11.520736 0.578457
v 5.237060 11.698438 0.120139
v 5.199799 11.542317 -0.337189
v 5.199799 11.542317 -0.337189
v 5.318981 11.644735 0.121218
v -1.811615 12.563699 -0.134010
v -1.686869 12.558225 0.081871
v -2.000358 12.920841 0.353775
v -1.927148 12.999617 0.213179
v -1.736922 12.640720 -0.098484
v 1.686869 12.558225 0.081871
v 2.000358 12.920841 0.353775
v 2.760298 12.005448 0.353613
v 3.206417 12.082558 0.293600
v -5.173900 11.520736 0.578456
v -5.173900 11.520736 0.578456
v 3.255212 12.197596 0.234090
v 3.255212 12.197596 0.234090
v 5.199799 11.542317 -0.337189
v 3.465124 12.231046 -0.233353
v -4.795094 11.078769 0.222304
v -4.831034 11.165248 0.303892
v -3.145163 11.938304 0.245128
v -4.831034 11.165248 0.303892
v -3.126735 11.894894 0.091255
v -3.126735 11.894894 0.091255
v -2.760298 12.005448 0.353612
v -5.044255 11.070553 0.929288
v 0.495085 13.104027 0.966063
v 0.184508 13.106176 1.001751
v -4.816759 10.354517 0.121217
v -2.854417 12.228466 -0.357686
v -2.752576 11.982460 -0.244977
v -2.703278 12.311132 -0.304487
v -3.005557 12.145887 -0.341002
v 4.927725 10.544832 -0.389481
v -5.237060 11.698438 0.120138
v 3.005557 12.145887 -0.341002
v 2.703278 12.311132 -0.304486
v 0.702750 13.172087 0.580776
v 0.631292 13.074975 0.826125
v -3.145163 11.938304 0.245128
v 0.495085 13.104027 0.966063
v 0.595928 12.876775 1.068732
v 0.202182 12.884326 1.136458
v 2.904965 11.893734 -0.225469
v 1.717245 12.609348 0.272438
v 1.452559 12.974131 0.354107
v 0.000000 13.700621 -0.259252
v 0.000000 13.840803 -0.245228
v -0.369179 13.692323 -0.179821
v 0.369179 13.692323 -0.179821
v 4.831034 11.165248 0.303893
v 4.982255 11.087650 0.250945
v 5.018032 11.178948 0.224381
v 4.982255 11.087650 0.250945
v 4.873195 11.282946 0.267458
v 5.018032 11.178948 0.224381
v -5.020433 11.194805 0.051244
v -5.031894 11.217126 0.162713
v -5.020433 11.194805 0.051244
v 0.184508 13.106176 1.001751
v 0.258707 13.797645 0.461423
v -1.917772 12.763732 -0.223564
v -1.823320 12.807467 -0.187875
v 1.917772 12.763732 -0.223563
v 1.917772 12.763732 -0.223563
v -3.480640 12.332302 0.100461
v -2.044927 13.014969 0.207120
v -0.314316 13.847445 -0.127035
v 0.631292 13.074975 0.826125
v 3.480640 12.332302 0.100462
v -0.088645 13.657294 0.782139
v 2.044927 13.014969 0.207121
v 3.275717 12.245814 0.092083
v -3.275717 12.245814 0.092082
v 1.369398 12.847307 0.267458
v 1.476633 13.025173 -0.188873
v -1.927148 12.999617 0.213179
v -1.225809 13.323559 0.319003
v -1.819256 12.801326 0.353199
v 2.044927 13.014969 0.207121
v -2.044927 13.014969 0.207120
v 2.049494 13.023015 -0.003699
v -1.917772 12.763732 -0.223564
v -2.703278 12.311132 -0.304487
v 0.684573 12.853204 0.923229
v -4.780900 11.057599 0.086608
v -2.049494 13.023015 -0.003700
v 2.049494 13.023015 -0.003699
v 4.982255 11.087650 0.250945
v 2.854417 12.228466 -0.357686
v 2.752576 11.982460 -0.244976
v 2.703278 12.311132 -0.304486
v 2.854417 12.228466 -0.357686
v 0.314316 13.847445 -0.127035
v -2.854417 12.228466 -0.357686
v 3.141261 11.928927 -0.046111
v -0.151805 13.902721 0.602773
v -2.049494 13.023015 -0.003700
v -4.982255 11.087650 0.250944
v 5.002256 11.151807 0.008922
v 4.780900 11.057599 0.086608
v 4.789035 11.094043 -0.035405
v -5.002256 11.151807 0.008921
v -0.058180 14.121840 0.639378
v -0.176040 13.816738 0.693080
v -0.335899 14.185583 0.463419
v 1.002791 13.344639 -0.193853
v 0.790145 13.184457 -0.242073
v 0.918550 13.057049 -0.077899
v -0.824179 12.439951 -0.051919
v -0.888832 12.806558 0.061618
v -0.867005 12.323250 0.324145
v -0.859373 12.799997 0.315021
v -0.851067 12.526106 0.570573
v 0.689553 11.139026 0.822808
v 0.535177 12.063886 1.125833
v 0.851067 12.526106 0.570573
v 1.134018 10.598617 0.420512
v 1.595320 9.835116 0.380006
v 1.152851 10.188105 0.889788
v -0.000000 12.088284 1.276640
v 0.403042 11.112301 1.079187
v -0.403626 13.843373 -0.145374
v -0.451594 13.783872 -0.157078
v 0.000000 13.860804 -0.328227
v 0.000000 13.794490 -0.343995
v 0.451594 13.783872 -0.157078
v -0.176040 13.816738 0.693080
v -0.058180 14.121840 0.639378
v -0.141098 13.792169 0.732500
v -0.000000 14.116358 0.604598
v 0.000000 14.126486 -0.107609
v -0.202020 14.110387 0.036555
v 0.000000 13.826941 -0.154758
v -0.185417 13.838816 0.020041
v -0.251237 14.092040 0.277832
v -0.280623 13.837656 0.282731
v -0.197624 13.826778 0.411298
v -0.191394 14.074448 0.424324
v -0.000000 14.072541 0.484913
v 0.191394 14.074448 0.424324
v -0.000000 13.826778 0.529653
v 0.185417 13.838816 0.020041
v 0.280623 13.837656 0.282731
v 0.202020 14.110387 0.036555
v -0.435745 11.640502 -0.084290
v -0.487201 12.305495 -0.315525
v -0.680428 11.281949 0.258325
v -0.824179 12.439951 -0.051919
v -0.867005 12.323250 0.324145
v -0.535177 12.063886 1.125833
v -0.000000 12.088284 1.276640
v -0.403042 11.112301 1.079187
v -0.689553 11.139026 0.822807
v -0.493260 10.598617 1.173396
v -1.152851 10.188105 0.889788
v -0.867005 12.323250 0.324145
v -0.851067 12.526106 0.570573
v -0.793390 12.879841 0.633895
v -0.638673 12.759328 1.110479
v -0.335899 14.185583 0.463419
v -0.342704 13.847778 0.347635
v -0.281783 14.241606 -0.084785
v -0.000000 14.116358 0.604598
v -0.000000 13.717054 0.577540
v -0.058180 14.121840 0.639378
v -0.258707 13.797645 0.461423
v -0.342704 13.847778 0.347635
v -0.335899 14.185583 0.463419
v -0.281783 14.241606 -0.084785
v -0.403626 13.843373 -0.145374
v 0.000000 14.262354 -0.201072
v 0.000000 13.860804 -0.328227
v 0.403626 13.843373 -0.145374
v 0.506878 13.731994 0.328217
v 0.281783 14.241606 -0.084785
v 0.176040 13.816738 0.693080
v 0.335899 14.185583 0.463419
v 0.473842 13.565751 0.787362
v 0.824179 12.439951 -0.051919
v 0.867005 12.323250 0.324146
v 0.888832 12.806558 0.061618
v 0.859373 12.799997 0.315021
v 0.826256 12.975793 0.505580
v 0.851067 12.526106 0.570573
v 0.831236 13.240228 0.403909
v 0.889748 12.938686 -0.073997
v 0.888832 12.806558 0.061618
v 0.946022 13.000524 0.074401
v -0.180355 12.757340 1.305442
v -0.121762 13.308115 1.016440
v 0.121762 13.308115 1.016440
v 0.506878 13.731994 0.328217
v 0.403626 13.843373 -0.145374
v 0.584808 13.692153 0.328874
v 0.451594 13.783872 -0.157078
v 0.506878 13.731994 0.328217
v 0.584808 13.692153 0.328874
v 0.473842 13.565751 0.787362
v 0.519904 13.466815 0.892359
v 0.176040 13.816738 0.693080
v 0.141098 13.792169 0.732500
v 0.058180 14.121840 0.639378
v 0.487201 12.305495 -0.315525
v 0.680428 11.281949 0.258325
v 0.824179 12.439951 -0.051919
v 0.722751 13.438930 -0.214520
v 0.637513 13.608912 -0.105127
v 0.369179 13.692323 -0.179821
v 0.584808 13.663269 0.087103
v 0.342704 13.847778 0.347635
v 0.314316 13.847445 -0.127035
v 0.541317 12.771113 -0.421187
v 0.503553 13.279151 -0.376447
v 0.000000 13.279313 -0.373462
v 0.000000 12.819666 -0.389562
v 0.000000 12.305495 -0.283982
v 0.000000 11.640502 -0.130271
v 0.435745 11.640502 -0.084290
v 0.058180 14.121840 0.639378
v 0.335899 14.185583 0.463419
v 0.258707 13.797645 0.461423
v 0.586804 13.612723 0.286551
v 0.342704 13.847778 0.347635
v 0.584808 13.663269 0.087103
v 0.837043 12.785892 -0.211032
v 0.889748 12.938686 -0.073997
v 0.859373 13.446481 0.400924
v 0.614194 13.452369 0.450060
v 1.108452 13.552305 0.087103
v 1.047693 13.426641 0.339751
v 0.851067 13.593719 0.266874
v 1.170120 13.239563 -0.189035
v 0.918550 13.057049 -0.077899
v 1.476633 13.025173 -0.188873
v 1.354790 12.833778 -0.099895
v 0.944611 13.031150 0.256419
v 1.095004 13.139132 0.367393
v 1.452559 12.974131 0.354107
v 1.047693 13.426641 0.339751
v 1.108452 13.552305 0.087103
v 1.309636 13.438507 0.087103
v 1.580551 13.178389 -0.086618
v 1.606530 13.250097 0.087103
v 1.271125 13.383564 -0.083211
v 1.369398 12.847307 0.267458
v 1.717245 12.609348 0.272438
v 1.325412 12.784308 0.078140
v 1.736922 12.640720 -0.098484
v 0.851067 13.607994 -0.107698
v 0.722751 13.438930 -0.214520
v 0.722751 13.438930 -0.214520
v 0.851067 13.607994 -0.107698
v 0.637513 13.608912 -0.105127
v 0.586804 13.612723 0.286551
v 0.584808 13.663269 0.087103
v 0.851067 13.644267 0.087103
v -0.750807 10.194082 -0.267971
v 0.000000 9.384673 -0.678896
v 0.000000 10.194082 -0.421763
v 0.867005 12.323250 0.324146
v 0.764004 11.269246 0.449062
v 0.867005 12.323250 0.324146
v -0.314316 13.847445 -0.127035
v 0.000000 14.262354 -0.201072
v 0.000000 13.840803 -0.245228
v 1.595320 9.835116 0.380006
v 1.134018 10.598617 0.420512
v 1.030765 10.598617 0.000040
v 0.000000 10.325804 -0.754758
v 0.410261 11.172557 -0.088029
v 0.000000 11.112381 -0.123880
v -1.134018 10.598617 0.420512
v -1.030765 10.598617 0.000040
v -0.720845 10.456942 -0.525096
v -0.410261 11.172557 -0.088029
v 0.251237 14.092040 0.277832
v 0.281783 14.241606 -0.084785
v 0.946022 13.000524 0.074401
v 0.918550 13.057049 -0.077899
v -0.837043 12.785892 -0.211032
v 0.851067 13.593719 0.266874
v 0.851067 13.644267 0.087103
v 0.720845 10.456942 -0.525096
v 0.702750 13.172087 0.580776
v 0.418647 13.258323 0.897258
v 0.614194 13.452369 0.450060
v 0.197624 13.826778 0.411298
v 0.335899 14.185583 0.463419
v 0.702750 13.172087 0.580776
v 0.403626 13.843373 -0.145374
v 1.225809 13.323559 0.319003
v 0.207332 8.771978 0.254513
v -0.000000 8.864688 0.646264
v 0.478490 9.186312 0.766201
v -0.418647 13.258323 0.897258
v -0.702750 13.172087 0.580776
v -0.000000 13.257738 0.946386
v 0.831236 13.240228 0.403909
v -0.000000 12.769036 1.258715
v 0.202182 12.884326 1.136458
v 0.638673 12.759328 1.110479
v -0.000000 12.769036 1.258715
v 0.793390 12.879841 0.633895
v 0.684573 12.853204 0.923229
v -0.000000 10.393360 1.355406
v -0.000000 11.112381 1.202109
v 0.493260 10.598617 1.173396
v -0.000000 10.393360 1.355406
v -0.000000 11.112381 1.202109
v 0.260118 12.117418 1.480817
v 0.180355 12.757340 1.305442
v 0.402628 10.166944 1.610049
v -0.006554 10.754494 1.637772
v 0.362535 10.749433 1.557928
v -0.006805 9.638822 1.709230
v -0.408939 10.178395 1.607892
v 1.686869 12.558225 0.081871
v -0.003650 11.235887 1.613204
v -0.260119 12.117418 1.480817
v -0.346938 11.237046 1.533027
v 1.002791 13.344639 -0.193853
v 1.083219 13.510557 -0.086196
v 0.851067 13.607994 -0.107698
v 1.170120 13.239563 -0.189035
v 1.476633 13.025173 -0.188873
v 1.823320 12.807467 -0.187875
v -0.000000 13.257738 0.946386
v 0.184508 13.106176 1.001751
v 0.631292 13.074975 0.826125
v 0.058180 14.121840 0.639378
v -0.764004 11.269246 0.449062
v 0.837043 12.785892 -0.211032
v 0.790145 13.184457 -0.242073
v 0.000000 13.700621 -0.259252
v 0.750807 10.194082 -0.267971
v 1.606530 13.250097 0.087103
v 1.547433 13.124938 0.293519
v 1.309636 13.438507 0.087103
v 1.225809 13.323559 0.319003
v 1.547433 13.124938 0.293519
v -0.000000 13.717054 0.577540
v 0.859373 13.446481 0.400924
v -1.134018 10.598617 0.420512
v 0.944611 13.031150 0.256419
v -0.005475 10.938579 1.628307
v -0.004729 11.056026 1.622419
v 0.341625 11.051127 1.542574
v -0.380550 10.758142 1.557596
v -0.380550 10.758142 1.557596
v -0.367605 10.941321 1.548211
v -0.006554 10.754494 1.637772
v -0.367605 10.941321 1.548211
v -0.359551 11.058102 1.542152
v -0.359551 11.058102 1.542152
v -0.346938 11.237046 1.533027
v -0.004729 11.056026 1.622419
v 1.002791 13.344639 -0.193853
v 1.002791 13.344639 -0.193853
v 0.918550 13.057049 -0.077899
v -0.000000 14.116358 0.604598
v 0.595928 12.876775 1.068732
v 0.764004 11.269246 0.449062
v -0.764004 11.269246 0.449062
v -0.005475 10.938579 1.628307
v -0.003650 11.235887 1.613204
v 0.793390 12.879841 0.633895
v 1.083219 13.510557 -0.086196
v 0.000000 14.459068 -0.089935
v 0.000000 14.443626 -0.089935
v -0.209157 14.439232 0.044853
v -0.257880 14.414993 0.277751
v -0.257880 14.396980 0.277751
v -0.212726 14.332327 0.460264
v -0.212726 14.315815 0.460264
v 0.212726 14.315815 0.460264
v 0.212726 14.332327 0.460264
v -0.000000 14.252735 0.526911
v 0.257880 14.396980 0.277751
v 0.257880 14.414993 0.277751
v 0.209157 14.439232 0.044853
v 0.209157 14.424370 0.044853
v -0.219783 10.183627 -0.531407
v -0.602490 10.183627 -0.409393
v -0.325525 9.472490 -0.832940
v 0.709725 9.163982 1.645486
v -0.000000 10.393360 1.355406
v 0.906684 9.348653 1.514851
v 1.378198 9.754273 0.890534
v 1.152851 10.188105 0.889788
v 1.595320 9.835116 0.380006
v -0.219783 10.183627 -0.531407
v -0.325525 9.472490 -0.832940
v 0.250410 10.194333 -0.491979
v 0.325525 9.472490 -0.861328
v 0.541901 10.194001 -0.434878
v 0.250410 10.194333 -0.491979
v 0.778279 9.472239 -0.792936
v 1.222743 9.482532 -0.521195
v 1.556145 8.455337 -0.773762
v 1.860590 8.601332 -0.101136
v 1.874029 8.561662 0.545007
v 1.541537 9.477723 -0.013822
v 1.606278 8.464387 1.016027
v 1.281337 9.470413 0.909619
v 1.505929 9.469336 0.529402
v 1.874029 8.561662 0.545007
v 1.104218 8.348190 1.414754
v 0.823433 9.472077 1.134301
v 1.281337 9.470413 0.909619
v 1.606278 8.464387 1.016027
v 0.250410 10.194333 -0.491979
v 0.357645 9.487845 -0.890544
v 0.541901 10.194001 -0.434878
v 1.143889 8.731140 -1.008818
v 0.634448 9.492078 -0.868709
v 0.997729 8.469197 -1.148585
v 1.848220 8.236883 -0.883649
v 0.685652 9.475143 1.254400
v 0.365447 9.473570 1.329102
v 0.563314 10.193749 1.066656
v 2.232501 8.480902 0.241649
v 2.228267 8.193473 0.234260
v 1.891216 8.540582 1.114210
v 1.137668 8.521821 1.569714
v 0.365447 9.473570 1.329102
v 1.289472 8.773642 1.454676
v 2.232501 8.480902 0.241649
v 1.874532 8.523151 -0.831861
v 2.228267 8.193473 0.234260
v 1.848220 8.236883 -0.883649
v 0.000000 14.126486 -0.107609
v -0.202020 14.110387 0.036555
v -0.209157 14.424370 0.044853
v -0.251237 14.092040 0.277832
v -0.191394 14.074448 0.424324
v 0.191394 14.074448 0.424324
v -0.000000 14.072541 0.484913
v 0.202020 14.110387 0.036555
v -0.000000 10.393360 1.355406
v 0.709725 9.163982 1.645486
v -0.000000 10.114652 1.405126
v 0.683827 9.030849 1.645486
v 0.663825 9.315203 -1.208096
v 0.000000 9.241417 -1.321966
v 0.692790 9.234531 -1.213571
v 0.000000 9.133275 -1.348943
v 1.237846 9.426842 -0.820822
v 1.576065 9.647785 -0.099068
v 1.206554 9.539804 -0.787543
v 1.571085 9.751280 -0.083543
v 1.571085 9.751280 -0.083543
v 1.576065 9.647785 -0.099068
v 1.595320 9.835116 0.380006
v 1.628356 9.738336 0.336434
v 1.392806 9.611432 0.896179
v 1.378198 9.754273 0.890534
v 0.906684 9.348653 1.514851
v 1.378198 9.754273 0.890534
v 0.941536 9.252457 1.543483
v 1.392806 9.611432 0.896179
v 0.906684 9.348653 1.514851
v 0.941536 9.252457 1.543483
v 0.709725 9.163982 1.645486
v 0.683827 9.030849 1.645486
v 1.206554 9.539804 -0.787543
v 1.571085 9.751280 -0.083543
v 1.030765 10.598617 0.000040
v 0.720845 10.456942 -0.525096
v 0.000000 10.325804 -0.754758
v 0.663825 9.315203 -1.208096
v 0.000000 9.241417 -1.321966
v 1.879099 8.248011 1.209498
v 0.950751 8.318390 -1.169504
v 1.595320 9.835116 0.380006
v 0.685652 9.475143 1.254400
v 0.493260 10.598617 1.173396
v 0.357645 9.487845 -0.890544
v -0.000000 14.275308 0.526911
v 0.251237 14.092040 0.277832
v 0.634448 9.492078 -0.868709
v 1.505929 9.469336 0.529402
v 0.663825 9.315203 -1.208096
v 1.874532 8.523151 -0.831861
v 0.692790 9.234531 -1.213571
v 0.371085 8.203110 -1.250508
v 0.325525 9.472490 -0.861328
v 0.278044 10.183457 1.143929
v 0.915727 10.188850 0.839654
v 0.915727 10.188850 0.839654
v 1.150118 10.183627 0.493300
v 1.150118 10.183627 0.493300
v 1.156672 10.183708 0.023773
v 0.922865 10.183789 -0.228876
v 0.642907 10.185371 1.023165
v 0.603155 10.183627 -0.409393
v -0.837043 12.785892 -0.211032
v -0.790145 13.184457 -0.242073
v -0.889748 12.938686 -0.073997
v 0.325525 9.472490 -0.861328
v -0.325525 9.472490 -0.832940
v -0.388766 8.203856 -1.232664
v -1.134018 10.598617 0.420512
v -1.152851 10.188105 0.889788
v -1.595320 9.835116 0.380006
v -0.851067 12.526106 0.570573
v -0.859373 12.799997 0.315021
v -0.826256 12.975793 0.505579
v -0.831236 13.240228 0.403909
v -0.702750 13.172087 0.580776
v -0.614194 13.452369 0.450060
v -0.859373 13.446481 0.400924
v -1.196675 9.484528 -0.447661
v -1.496221 9.478882 -0.046363
v -1.542202 8.462725 -0.695905
v -0.990429 8.311585 -1.100196
v -0.388766 8.203856 -1.232664
v -0.802101 9.472077 -0.744214
v -0.325525 9.472490 -0.832940
v -0.663825 9.315203 -1.208096
v -0.692789 9.234531 -1.213571
v 0.000000 9.241417 -1.321966
v 0.000000 9.133275 -1.348943
v -0.692789 9.234531 -1.213571
v -0.663825 9.315203 -1.208096
v -1.237846 9.426842 -0.820822
v -1.206554 9.539804 -0.787543
v -1.571085 9.751280 -0.083544
v -1.595320 9.835116 0.380006
v -1.576065 9.647785 -0.099068
v -1.628356 9.738336 0.336434
v -0.506878 13.731994 0.328217
v -0.584808 13.692153 0.328874
v -0.403626 13.843373 -0.145374
v -0.451594 13.783872 -0.157078
v -0.506878 13.731994 0.328217
v -0.473842 13.565751 0.787362
v -0.584808 13.692153 0.328874
v -0.519905 13.466815 0.892359
v -1.595320 9.835116 0.380006
v -1.571085 9.751280 -0.083544
v -1.030765 10.598617 0.000040
v -0.720845 10.456942 -0.525096
v -1.206554 9.539804 -0.787543
v -0.663825 9.315203 -1.208096
v 0.000000 9.241417 -1.321966
v 0.000000 10.325804 -0.754758
v -0.403626 13.843373 -0.145374
v -0.281783 14.241606 -0.084785
v -0.506878 13.731994 0.328217
v -0.335899 14.185583 0.463419
v -0.176040 13.816738 0.693080
v -0.473842 13.565751 0.787362
v -0.702750 13.172087 0.580776
v -0.614194 13.452369 0.450060
v -0.418647 13.258323 0.897258
v -0.258707 13.797645 0.461423
v -0.342704 13.847778 0.347635
v -0.586804 13.612723 0.286551
v -0.584808 13.663269 0.087103
v -0.637513 13.608912 -0.105127
v -0.722751 13.438930 -0.214520
v -0.369179 13.692323 -0.179821
v 0.000000 12.819666 -0.389562
v 0.000000 13.279313 -0.373462
v -0.541317 12.771113 -0.421187
v -0.503553 13.279151 -0.376447
v -0.342704 13.847778 0.347635
v -0.584808 13.663269 0.087103
v -0.314316 13.847445 -0.127035
v -0.837043 12.785892 -0.211032
v -0.487201 12.305495 -0.315525
v 0.000000 13.700621 -0.259252
v -1.576065 9.647785 -0.099068
v -1.571085 9.751280 -0.083544
v -1.791614 8.534523 -0.139647
v -1.134018 10.598617 0.420512
v -0.790145 13.184457 -0.242073
v -1.160241 10.183708 0.023772
v -0.926434 10.183789 -0.228876
v -0.602490 10.183627 -0.409393
v -0.793390 12.879841 0.633895
v -1.160241 10.183708 0.023772
v -1.158164 10.183627 0.507161
v -1.482943 9.470998 0.475204
v -0.478490 9.186312 0.766201
v -0.207332 8.771978 0.254513
v -0.324114 7.777738 0.860240
v 0.200941 7.777738 0.220893
v 0.207332 8.771978 0.254513
v 0.324114 7.777738 0.860240
v 0.478490 9.186312 0.766201
v -1.614243 8.506134 0.938754
v -1.257596 9.470333 0.846540
v -1.062885 8.348685 1.375497
v -0.839866 9.471988 1.092464
v 1.104218 8.348190 1.414754
v 0.433255 8.203434 1.612872
v 0.823433 9.472077 1.134301
v 0.338632 9.472409 1.282034
v -1.062885 8.348685 1.375497
v -0.839866 9.471988 1.092464
v -0.433255 8.203434 1.612872
v -0.338633 9.472409 1.282034
v -1.838009 8.620174 0.488904
v -1.482943 9.470998 0.475204
v -1.614243 8.506134 0.938754
v -1.257596 9.470333 0.846540
v -1.158164 10.183627 0.507161
v -0.433255 8.203434 1.612872
v -0.338633 9.472409 1.282034
v 0.433255 8.203434 1.612872
v 0.338632 9.472409 1.282034
v -0.200941 7.777738 0.220893
v -0.207332 8.771978 0.254513
v -0.363947 7.775330 -0.267305
v 0.200941 7.777738 0.220893
v 0.363947 7.775330 -0.267305
v 0.207332 8.771978 0.254513
v 0.277298 8.847508 -0.424334
v -0.831901 7.777738 -0.441934
v -0.805086 8.937314 -0.505427
v -1.266648 9.107133 -0.269463
v -1.284160 7.777738 -0.149526
v -1.386666 7.777738 0.450806
v -1.423019 9.090692 0.422337
v 1.386666 7.777738 0.450807
v 1.423019 9.090692 0.422337
v 1.284160 7.777738 -0.149526
v 1.266648 9.107133 -0.269463
v 0.805086 8.937314 -0.505427
v 0.831901 7.777738 -0.441934
v -1.386666 7.777738 0.450806
v -1.423019 9.090692 0.422337
v -0.775870 7.777738 0.994695
v -0.881118 9.151532 0.925306
v -1.122727 9.746058 -0.176836
v -0.820115 9.384673 -0.622209
v -0.750807 10.194082 -0.267971
v -1.124471 10.194082 0.253767
v -1.231787 9.776514 0.362324
v 0.000000 8.978809 -0.614820
v 0.000000 8.735626 0.017300
v 0.277298 8.847508 -0.424334
v 0.000000 9.384673 -0.678896
v 0.570201 9.163650 -0.689019
v 0.750807 10.194082 -0.267971
v 0.820116 9.384673 -0.622209
v 1.122727 9.746058 -0.176836
v 1.124471 10.194082 0.253767
v 1.231787 9.776514 0.362324
v 0.884606 10.194082 0.790266
v -0.478490 9.186312 0.766201
v -0.000000 10.194082 1.058601
v 0.478490 9.186312 0.766201
v -0.000000 8.864688 0.646264
v -0.207332 8.771978 0.254513
v -0.887672 9.602882 0.850109
v -1.231787 9.776514 0.362324
v -0.884606 10.194082 0.790266
v -0.000000 10.393360 1.355406
v -0.000000 10.114652 1.405126
v -0.709725 9.163982 1.645486
v -0.683827 9.030849 1.645486
v -1.378198 9.754273 0.890534
v -1.392806 9.611432 0.896179
v -1.595320 9.835116 0.380006
v -1.628356 9.738336 0.336434
v -0.906684 9.348653 1.514851
v -0.941537 9.252457 1.543482
v -1.378198 9.754273 0.890534
v -1.392806 9.611432 0.896179
v -0.906684 9.348653 1.514851
v -0.709725 9.163982 1.645486
v -0.941537 9.252457 1.543482
v -0.683827 9.030849 1.645486
v -1.595320 9.835116 0.380006
v -1.152851 10.188105 0.889788
v -1.378198 9.754273 0.890534
v -0.906684 9.348653 1.514851
v -0.493260 10.598617 1.173396
v -0.709725 9.163982 1.645486
v -0.000000 10.393360 1.355406
v 1.124471 10.194082 0.253767
v 1.231787 9.776514 0.362324
v -0.277297 8.847508 -0.424334
v -0.207332 8.771978 0.254513
v -0.277297 8.847508 -0.424334
v 1.386666 7.777738 0.450807
v 0.775870 7.777738 0.994695
v 1.423019 9.090692 0.422337
v -0.200941 7.777738 0.220893
v -0.570200 9.163650 -0.689019
v 0.887672 9.602882 0.850109
v 0.881118 9.151532 0.925306
v -0.478490 9.186312 0.766201
v -1.124471 10.194082 0.253767
v 0.000000 8.735626 0.017300
v -1.231787 9.776514 0.362324
v -1.122727 9.746058 -0.176836
v -1.231787 9.776514 0.362324
v -0.887672 9.602882 0.850109
v 1.231787 9.776514 0.362324
v 0.887672 9.602882 0.850109
v 1.231787 9.776514 0.362324
v 1.122727 9.746058 -0.176836
v 0.207332 8.771978 0.254513
v 0.207332 8.771978 0.254513
v 0.570201 9.163650 -0.689019
v -0.570200 9.163650 -0.689019
v 0.820116 9.384673 -0.622209
v -0.820115 9.384673 -0.622209
v -0.926353 10.186531 0.853597
v -0.926353 10.186531 0.853597
v -0.640174 10.186774 1.017187
v -0.640174 10.186774 1.017187
v 0.278044 10.183457 1.143929
v -0.283859 10.183627 1.142104
v 0.563314 10.193749 1.066656
v 0.642907 10.185371 1.023165
v -0.283859 10.183627 1.142104
v 0.278044 10.183457 1.143929
v 0.371085 8.203110 -1.250508
v 0.325525 9.472490 -0.861328
v -0.388766 8.203856 -1.232664
v -1.170120 13.239563 -0.189035
v -1.823320 12.807467 -0.187875
v -0.918550 13.057049 -0.077899
v -0.944611 13.031150 0.256419
v -0.946022 13.000524 0.074401
v -1.686869 12.558225 0.081871
v -1.717245 12.609348 0.272438
v -1.819256 12.801326 0.353199
v -0.831236 13.240228 0.403909
v -1.225809 13.323559 0.319003
v -1.047693 13.426641 0.339751
v -1.943005 13.028580 -0.014568
v -1.309636 13.438507 0.087102
v -1.927148 12.999617 0.213179
v -1.108452 13.552305 0.087103
v -1.083219 13.510557 -0.086196
v -0.851067 13.607994 -0.107698
v -0.851067 13.644267 0.087103
v -1.791614 8.534523 -0.139647
v -1.496221 9.478882 -0.046363
v -1.838009 8.620174 0.488904
v -1.482943 9.470998 0.475204
v -1.943005 13.028580 -0.014568
v -1.271125 13.383564 -0.083211
v -1.823320 12.807467 -0.187875
v -1.736922 12.640720 -0.098484
v -1.047693 13.426641 0.339751
v -0.851067 13.593719 0.266874
v -1.108452 13.552305 0.087103
v -1.095004 13.139132 0.367393
v -1.170120 13.239563 -0.189035
v -1.002791 13.344639 -0.193853
v -1.002791 13.344639 -0.193853
v -0.918550 13.057049 -0.077899
v -1.002791 13.344639 -0.193853
v -1.160241 10.183708 0.023772
v -1.083219 13.510557 -0.086196
v -0.889748 12.938686 -0.073997
v -0.790145 13.184457 -0.242073
v -0.918550 13.057049 -0.077899
v -1.002791 13.344639 -0.193853
v -0.722751 13.438930 -0.214520
v -0.851067 13.607994 -0.107698
v -0.946022 13.000524 0.074401
v -0.944611 13.031150 0.256419
v -0.859373 12.799997 0.315021
v -0.888832 12.806558 0.061618
v -0.889748 12.938686 -0.073997
v -0.722751 13.438930 -0.214520
v -0.637513 13.608912 -0.105127
v -0.851067 13.607994 -0.107698
v -0.851067 13.644267 0.087103
v -0.584808 13.663269 0.087103
v -0.586804 13.612723 0.286551
v -0.859373 13.446481 0.400924
v -0.851067 13.593719 0.266874
v -0.614194 13.452369 0.450060
v -0.851067 13.593719 0.266874
v -0.859373 13.446481 0.400924
v -1.047693 13.426641 0.339751
v -0.831236 13.240228 0.403909
v -0.918550 13.057049 -0.077899
v -1.049518 0.695028 0.300989
v -1.004372 1.012248 0.222889
v -0.886593 1.116742 0.543515
v -0.992920 0.677014 0.847206
v -1.105629 0.207990 0.614811
v -1.077655 0.251148 0.394282
v -0.471847 0.215460 0.379674
v -0.484711 0.165910 0.612483
v -0.516336 0.700836 0.868043
v -0.446119 1.000049 0.291200
v -0.453176 0.722581 0.303480
v -0.611615 1.116742 0.593811
v -0.389261 3.260688 0.245884
v -0.506375 1.561952 0.252851
v -0.644400 1.537051 0.458439
v -1.171863 3.260769 0.170354
v -0.915727 3.261929 0.526750
v -0.970841 1.566097 0.184046
v -0.952162 5.128415 0.649752
v -1.263079 3.943022 0.184459
v -0.506375 1.561952 0.252851
v -0.389261 3.260688 0.245884
v -0.510861 3.260850 -0.270874
v -0.578920 1.568425 -0.066607
v -0.960046 3.260850 -0.291127
v -0.851318 1.568011 -0.119645
v -0.492271 -0.012791 0.395198
v -0.610374 -0.012710 -0.168205
v -1.088694 -0.012872 0.369884
v -0.936978 0.288329 -0.148033
v -0.908922 0.676268 -0.129443
v -1.049518 0.695028 0.300989
v -1.063136 0.125404 0.622111
v -1.148123 0.152129 1.568879
v -1.116336 -0.012458 1.546225
v -1.105629 0.207990 0.614811
v -0.610374 -0.012710 -0.168205
v -0.492271 -0.012791 0.395198
v -0.615435 0.286585 -0.187793
v -0.505045 0.119264 0.385733
v -0.471847 0.215460 0.379674
v -0.484711 0.165910 0.612483
v -0.509612 0.079836 0.620618
v -0.936978 -0.012872 -0.133425
v -0.936978 0.288329 -0.148033
v -1.088694 -0.012872 0.369884
v -1.061968 0.170971 0.379755
v -1.077655 0.251148 0.394282
v -1.105629 0.207990 0.614811
v -1.063136 0.125404 0.622111
v -0.492271 -0.012791 0.395198
v -1.088694 -0.012872 0.369884
v -0.505045 0.119264 0.385733
v -1.061968 0.170971 0.379755
v -1.063136 0.125404 0.622111
v -0.509612 0.079836 0.620618
v -1.061968 0.170971 0.379755
v -0.505045 0.119264 0.385733
v -0.446119 1.000049 0.291200
v -0.607219 0.965683 -0.111599
v -0.453176 0.722581 0.303480
v -0.608711 0.643232 -0.195920
v -0.772634 7.659051 1.008062
v -1.399611 7.641037 0.451139
v -0.775870 7.777738 0.994695
v -1.386666 7.777738 0.450806
v -1.284160 7.777738 -0.149526
v -1.356615 7.614975 -0.089521
v -0.200941 7.777738 0.220893
v -0.363947 7.775330 -0.267305
v -0.214551 7.629089 0.203966
v -0.363120 7.612323 -0.293861
v -0.363947 7.775330 -0.267305
v -0.831901 7.777738 -0.441934
v -0.363120 7.612323 -0.293861
v -0.832647 7.611074 -0.442762
v 1.004372 1.012248 0.222889
v 1.049518 0.695028 0.300990
v 0.886593 1.116742 0.543516
v 0.992919 0.677014 0.847206
v 0.611615 1.116742 0.593812
v 0.516336 0.700836 0.868043
v 0.453176 0.722581 0.303480
v 0.446119 1.000049 0.291200
v 0.318801 4.676236 0.243474
v 0.260370 5.546226 0.303731
v 0.571279 5.115047 0.711915
v 0.772634 7.659051 1.008062
v 1.399611 7.641037 0.451139
v 0.911664 5.747167 0.744618
v 0.260370 5.546226 0.303731
v 0.318801 4.676236 0.243474
v 0.448114 4.613239 -0.327229
v 0.578920 1.568425 -0.066607
v 0.510861 3.260850 -0.270874
v 0.506375 1.561952 0.252851
v 0.851318 1.568011 -0.119645
v 0.960046 3.260850 -0.291127
v 1.171863 3.260769 0.170354
v 0.970841 1.566097 0.184046
v 0.915727 3.261929 0.526750
v 0.492270 -0.012791 0.395198
v 1.088694 -0.012872 0.369884
v 0.610374 -0.012710 -0.168205
v 0.908922 0.676268 -0.129443
v 0.936978 0.288329 -0.148033
v 1.049518 0.695028 0.300990
v 0.509612 0.079836 0.620618
v 0.484711 0.165910 0.612483
v 0.427780 0.152211 1.622914
v 0.984370 -0.012539 1.747661
v 0.612369 -0.012953 1.787753
v 0.612369 0.152211 1.821949
v 0.610374 -0.012710 -0.168205
v 0.615435 0.286585 -0.187793
v 0.492270 -0.012791 0.395198
v 0.505045 0.119264 0.385733
v 0.471847 0.215460 0.379674
v 0.484711 0.165910 0.612483
v 0.509612 0.079836 0.620618
v 0.936978 -0.012872 -0.133425
v 1.088694 -0.012872 0.369884
v 0.936978 0.288329 -0.148033
v 1.061968 0.170971 0.379755
v 1.077655 0.251148 0.394282
v 1.105629 0.207990 0.614811
v 1.063136 0.125404 0.622111
v 0.492270 -0.012791 0.395198
v 0.505045 0.119264 0.385733
v 1.088694 -0.012872 0.369884
v 1.061968 0.170971 0.379755
v 1.063136 0.125404 0.622111
v 1.061968 0.170971 0.379755
v 0.509612 0.079836 0.620618
v 0.505045 0.119264 0.385733
v 0.446119 1.000049 0.291200
v 0.453176 0.722581 0.303480
v 0.607219 0.965683 -0.111599
v 0.608711 0.643232 -0.195920
v 1.399611 7.641037 0.451139
v 0.772634 7.659051 1.008062
v 0.775870 7.777738 0.994695
v 1.386666 7.777738 0.450807
v 1.284160 7.777738 -0.149526
v 1.356615 7.614975 -0.089521
v 0.324114 7.777738 0.860240
v 0.322865 7.652740 0.875756
v 0.200941 7.777738 0.220893
v 0.363947 7.775330 -0.267305
v 0.214551 7.629089 0.203966
v 0.363120 7.612323 -0.293861
v 0.363947 7.775330 -0.267305
v 0.363120 7.612323 -0.293861
v 0.831901 7.777738 -0.441934
v 0.832647 7.611074 -0.442762
v -0.832647 7.611074 -0.442762
v 0.832647 7.611074 -0.442762
v -0.322865 7.652740 0.875756
v -0.324114 7.777738 0.860240
v -0.426612 0.414657 1.572780
v -0.484711 0.165910 0.612483
v -0.509612 0.079836 0.620618
v -0.427780 0.152211 1.622914
v -0.470355 -0.013034 1.583819
v -0.509612 0.079836 0.620618
v -1.076081 -0.000340 0.699303
v -0.491273 0.000657 0.699303
v -1.063136 0.125404 0.622111
v -1.076081 -0.000340 0.699303
v -0.491273 0.000657 0.699303
v -0.491273 0.000657 0.699303
v -1.076081 -0.000340 0.699303
v -0.470355 -0.013034 1.583819
v -0.615516 3.261766 0.554303
v -0.571279 5.115047 0.711915
v -0.525882 0.653606 1.480153
v -0.983373 0.654360 1.461563
v -0.612370 0.152211 1.821949
v -0.984371 -0.012539 1.747661
v -0.990511 0.152129 1.757459
v 1.105629 0.207990 0.614811
v 1.077655 0.251148 0.394282
v 1.105629 0.207990 0.614811
v 1.063136 0.125404 0.622111
v 1.148123 0.152129 1.568879
v 0.279788 6.230637 0.384492
v 0.322865 7.652740 0.875756
v 0.601663 5.731562 0.793341
v 1.116336 -0.012458 1.546225
v 1.063136 0.125404 0.622111
v 0.509612 0.079836 0.620618
v 1.076081 -0.000340 0.699303
v 0.491273 0.000657 0.699303
v 0.470354 -0.013034 1.583819
v 0.491273 0.000657 0.699303
v 0.470354 -0.013034 1.583819
v 1.076081 -0.000340 0.699303
v 0.491273 0.000657 0.699303
v 1.076081 -0.000340 0.699303
v 1.116336 -0.012458 1.546225
v 0.983373 0.654360 1.461563
v 0.525882 0.653606 1.480153
v 0.990510 0.152129 1.757459
v -1.116336 -0.012458 1.546225
v -1.004372 1.012248 0.222889
v 1.004372 1.012248 0.222889
v 0.831901 7.777738 -0.441934
v -0.831901 7.777738 -0.441934
v 0.615435 0.286585 -0.187793
v 0.484711 0.165910 0.612483
v 0.426612 0.414657 1.572780
v 0.471847 0.215460 0.379674
v -0.615435 0.286585 -0.187793
v 0.886431 0.945097 -0.135169
v -0.886431 0.945097 -0.135169
v 1.148123 0.152129 1.568879
v 1.151610 0.458310 1.365205
v 0.975237 0.477322 1.727991
v -0.975238 0.477322 1.727991
v -1.148123 0.152129 1.568879
v -1.151610 0.458310 1.365204
v 1.168708 5.589474 0.316846
v 1.356615 7.614975 -0.089521
v 0.880120 5.926192 -0.201817
v -1.168708 5.589474 0.316846
v -0.880120 5.926192 -0.201817
v -1.356615 7.614975 -0.089521
v -0.936978 -0.012872 -0.133425
v -0.610374 -0.012710 -0.168205
v -1.399611 7.641037 0.451139
v -0.911664 5.747167 0.744618
v 0.612369 -0.012953 1.787753
v -0.612370 -0.012953 1.787753
v -0.612370 -0.012953 1.787753
v -0.984371 -0.012539 1.747661
v 0.610374 -0.012710 -0.168205
v 0.936978 -0.012872 -0.133425
v -0.612370 0.152211 1.821949
v -0.561903 0.503212 1.793390
v -0.427780 0.152211 1.622914
v -0.990511 0.152129 1.757459
v 0.612369 0.152211 1.821949
v 0.561903 0.503212 1.793390
v 0.990510 0.152129 1.757459
v 0.427780 0.152211 1.622914
v 0.952162 5.128415 0.649753
v 1.263079 3.943022 0.184459
v -0.214551 7.629089 0.203966
v -0.279788 6.230637 0.384491
v -0.322865 7.652740 0.875756
v -0.214551 7.629089 0.203966
v -0.499733 5.934328 -0.179658
v -0.279788 6.230637 0.384491
v -0.601663 5.731562 0.793341
v -0.772634 7.659051 1.008062
v 0.832647 7.611074 -0.442762
v 0.499733 5.934328 -0.179658
v 0.214551 7.629089 0.203966
v 0.279788 6.230637 0.384492
v 0.214551 7.629089 0.203966
v 0.363120 7.612323 -0.293861
v 0.476746 5.446964 -0.198995
v 0.925104 5.420985 -0.207957
v -0.832647 7.611074 -0.442762
v -0.363120 7.612323 -0.293861
v -0.476746 5.446964 -0.198995
v -0.448114 4.613239 -0.327229
v -0.260370 5.546226 0.303731
v -0.925104 5.420985 -0.207957
v 0.984370 -0.012539 1.747661
v -1.287396 4.555140 0.196163
v 1.287396 4.555140 0.196163
v 0.644399 1.537051 0.458440
v 0.615516 3.261766 0.554303
v 0.840693 1.537627 0.451221
v 0.389261 3.260688 0.245884
v 0.446119 1.000049 0.291200
v 0.515427 1.365488 0.253103
v 0.646062 1.324074 0.533304
v 0.446119 1.000049 0.291200
v 0.592449 1.369138 -0.070509
v 0.515427 1.365488 0.253103
v -0.260370 5.546226 0.303731
v 1.010017 4.588913 -0.310212
v -1.010017 4.588913 -0.310212
v -0.446119 1.000049 0.291200
v -0.515427 1.365488 0.253102
v -0.592449 1.369138 -0.070509
v -0.446119 1.000049 0.291200
v -0.646062 1.324074 0.533304
v -0.515427 1.365488 0.253102
v -0.840693 1.537627 0.451221
v 0.471847 0.215460 0.379674
v 0.615435 0.286585 -0.187793
v -0.318801 4.676236 0.243474
v -0.318801 4.676236 0.243474
v -0.471847 0.215460 0.379674
v -0.615435 0.286585 -0.187793
v 0.506375 1.561952 0.252851
v 0.389261 3.260688 0.245884
v 0.886431 0.945097 -0.135169
v 0.844513 1.358432 -0.121389
v 0.607219 0.965683 -0.111599
v 1.004372 1.012248 0.222889
v 0.972910 1.397275 0.184541
v 0.837627 1.324487 0.482846
v -0.886431 0.945097 -0.135169
v -0.844513 1.358432 -0.121389
v -1.004372 1.012248 0.222889
v -0.607219 0.965683 -0.111599
v -0.972910 1.397275 0.184540
v -0.837627 1.324487 0.482845
v -1.077655 0.251148 0.394282
v 1.077655 0.251148 0.394282
v 0.646062 1.324074 0.533304
v -0.646062 1.324074 0.533304
v 0.837627 1.324487 0.482846
v -0.837627 1.324487 0.482845
v -0.903772 5.659772 -0.183057
v -0.487534 5.675377 -0.168116
v 0.903772 5.659772 -0.183057
v 0.487534 5.675377 -0.168116
v 0.574183 5.401891 0.788361
v -0.574183 5.401891 0.788361
v -0.937806 5.413012 0.730424
v 0.937805 5.413012 0.730424
v 0.295474 15.133018 0.986640
v 0.379966 15.213194 0.959339
v 0.434334 15.126293 1.002416
v 0.482886 14.784254 0.945810
v 0.379390 14.897126 1.004655
v 0.489448 14.898043 0.968302
v 0.345356 15.038232 1.015442
v 0.435242 14.999389 1.010795
v 0.263022 14.999802 0.995522
v 0.566388 15.133018 0.945226
v 0.483470 15.213194 0.944731
v 0.669884 15.005449 0.883477
v 0.608549 14.820608 0.882650
v 0.597924 14.999802 0.929458
v 0.212142 15.066450 0.970540
v 0.313902 15.221247 0.976769
v 0.523392 15.039473 0.982082
v 0.483802 15.252783 0.950044
v 0.635437 15.131523 0.901402
v 0.379390 14.784254 0.980752
v 0.294898 14.866588 0.989301
v 0.565885 14.866588 0.932030
v 0.216790 14.971170 0.985894
v 0.246922 14.857131 0.989715
v 0.510025 14.758195 0.924640
v 0.384784 14.743748 0.968553
v -0.489448 14.898043 0.968302
v -0.482886 14.784254 0.945810
v -0.565886 14.866588 0.932029
v -0.379966 15.213194 0.959339
v -0.295474 15.133018 0.986640
v -0.434334 15.126293 1.002416
v -0.379390 14.897126 1.004655
v -0.566389 15.133018 0.945226
v -0.597924 14.999802 0.929458
v -0.669884 15.005449 0.883477
v -0.483470 15.213194 0.944731
v -0.294898 14.866588 0.989301
v -0.379390 14.784254 0.980752
v -0.523392 15.039473 0.982082
v -0.345357 15.038232 1.015442
v -0.435242 14.999389 1.010795
v -0.608549 14.820608 0.882650
v -0.212142 15.066450 0.970540
v -0.313902 15.221247 0.976769
v -0.263022 14.999802 0.995522
v -0.483803 15.252783 0.950044
v -0.635437 15.131523 0.901402
v -0.216790 14.971170 0.985894
v -0.246922 14.857131 0.989715
v -0.510025 14.758195 0.924640
v -0.384784 14.743748 0.968553
v 0.419142 15.464431 1.138283
v 0.505710 15.470239 1.103503
v 0.424868 15.416544 1.135379
v -0.543556 15.434299 1.102846
v -0.658845 15.443512 1.033376
v -0.536086 15.481691 1.104168
v 0.622159 15.407411 1.046240
v 0.515095 15.423178 1.102343
v 0.630295 15.432473 1.037107
v 0.257466 15.389979 1.186503
v 0.328591 15.438785 1.168658
v 0.330586 15.389979 1.163930
v -0.450021 15.424670 1.136458
v -0.358724 15.445176 1.168415
v -0.446281 15.472728 1.139532
v -0.285603 15.364091 1.183850
v -0.359056 15.396453 1.163516
v -0.285514 15.395212 1.186259
v -0.648966 15.418782 1.046402
v -0.704494 15.394960 1.010049
v 0.679017 15.380271 1.007972
v 0.186333 15.324662 1.200364
v 0.258456 15.358850 1.184102
v -0.212313 15.328564 1.200202
v 0.528867 14.167992 -0.258011
v 0.392335 14.503388 0.231275
v 0.286512 14.427193 0.170183
v -0.277800 14.427193 0.173500
v -0.392830 14.503388 0.201727
v -0.553687 14.210233 -0.166292
v 0.404624 6.492743 -1.063591
v 0.300536 9.033095 -0.981094
v 0.638511 6.461873 -1.054385
v 1.520043 11.613776 0.278335
v 1.839753 9.100741 0.550401
v 1.049769 11.564558 -0.200074
v 0.799611 14.718604 -0.551571
v 0.842850 16.059866 -0.507171
v 1.000471 16.059866 -0.147207
v 0.650215 16.364058 -0.444255
v 1.060557 16.442570 -0.561620
v 1.065042 16.449959 -0.211446
v 1.060557 16.442570 -0.561620
v 0.650215 16.364058 -0.444255
v 0.683997 16.210672 -0.504430
v 0.842850 16.059866 -0.507171
v 0.799611 14.718604 -0.551571
v 1.220578 16.061186 -0.675409
v 1.391557 14.765995 -0.835179
v 0.712296 13.105933 -0.656486
v 1.214357 13.109333 -0.947231
v 0.638511 6.461873 -1.054385
v 0.429435 9.075840 -0.956275
v 1.177420 6.413402 0.046849
v 1.049769 11.564558 -0.200074
v 1.201160 9.039155 -0.093171
v 0.638511 6.461873 -1.054385
v 0.811567 4.322988 -0.911786
v 1.191038 5.189336 -1.325867
v 2.478263 9.003629 -0.897430
v 2.114146 11.635360 -0.568255
v 1.897608 11.676190 -1.294413
v 1.220578 16.061186 -0.675409
v 1.391557 14.765995 -0.835179
v 1.361019 16.059946 -0.328560
v -1.191038 5.189336 -1.325867
v -0.638511 6.461873 -1.054385
v -0.404623 6.492743 -1.063591
v -0.429435 9.075840 -0.956275
v -0.300535 9.033095 -0.981094
v -1.839753 9.100741 0.550401
v -1.520043 11.613776 0.278335
v -1.049769 11.564558 -0.200074
v -0.842850 16.059866 -0.507172
v -0.799611 14.718604 -0.551571
v -1.000471 16.059866 -0.147207
v -1.060557 16.442570 -0.561621
v -0.650215 16.364058 -0.444255
v -1.065042 16.449959 -0.211446
v -0.650215 16.364058 -0.444255
v -1.060557 16.442570 -0.561621
v -0.683997 16.210672 -0.504430
v -0.799611 14.718604 -0.551571
v -0.842850 16.059866 -0.507172
v -1.220578 16.061186 -0.675409
v -0.300535 9.033095 -0.981094
v -0.549615 11.527378 -0.800650
v -1.127537 9.052099 -1.667825
v -1.226807 11.587050 -1.219630
v -0.712296 13.105933 -0.656486
v -1.214357 13.109333 -0.947232
v -0.429435 9.075840 -0.956275
v -0.638511 6.461873 -1.054385
v -1.177420 6.413402 0.046848
v -1.201160 9.039155 -0.093171
v -1.049769 11.564558 -0.200074
v -0.811566 4.322988 -0.911786
v -0.638511 6.461873 -1.054385
v -1.191038 5.189336 -1.325867
v -2.114146 11.635360 -0.568255
v -2.478263 9.003629 -0.897430
v -1.897608 11.676190 -1.294413
v -1.684379 13.127095 -1.065424
v -1.391557 14.765995 -0.835179
v -1.827886 13.136812 -0.521941
v 0.839784 14.698179 0.820561
v 1.018980 15.105545 0.692083
v 0.807333 15.110526 0.243806
v 0.863850 15.515805 0.199983
v 0.839200 15.824314 0.202473
v 1.004372 15.635823 0.574636
v 0.746330 16.065924 0.233765
v 0.815298 16.196146 0.529985
v 0.372163 16.446302 0.552396
v 0.543726 16.382063 0.296754
v -0.017925 16.534866 0.358008
v 0.302036 16.501085 0.327300
v -0.243183 16.494692 0.814258
v -0.296634 16.461744 0.381165
v -0.074864 16.478178 0.569656
v -0.205921 16.328035 1.103673
v -0.020586 16.282721 0.962405
v -0.425785 16.230673 0.961164
v -0.334650 16.469378 0.748105
v 0.830822 14.530032 0.850279
v 0.844351 15.106371 1.089317
v 0.983705 15.105878 0.905969
v 0.328259 15.622043 1.198620
v 0.089310 15.897686 1.140854
v 0.708890 15.634493 1.162600
v -0.758278 15.519626 1.108150
v -0.582489 16.147844 1.016521
v -0.528291 15.701231 1.069972
v -0.751140 14.736449 0.858244
v -0.789489 15.082803 1.061261
v -0.700430 15.078648 1.011046
v -0.334650 16.469378 0.748105
v -0.729557 16.036457 0.946970
v -0.805508 16.363724 0.615061
v -1.035656 15.519375 0.989301
v -1.088694 15.518710 0.705198
v -1.058651 16.000685 0.574806
v -0.886431 16.014963 0.737399
v -0.729557 16.036457 0.946970
v -0.582489 16.147844 1.016521
v -0.758278 15.519626 1.108150
v -0.334650 16.469378 0.748105
v -0.805508 16.363724 0.615061
v -0.296634 16.461744 0.381165
v -0.868749 16.063927 0.298336
v -0.629216 16.385138 0.346556
v -0.961376 15.530000 0.383574
v -0.895645 15.033002 0.538867
v -0.865431 15.297606 0.353109
v -0.632201 14.630453 0.384491
v -1.181572 15.726708 0.646102
v -1.058651 16.000685 0.574806
v -1.173940 15.811200 0.935598
v -0.876138 16.006250 0.274433
v -0.905272 15.993712 0.268869
v -0.867670 15.990062 0.267871
v -0.876138 16.006250 0.274433
v -0.877630 15.999105 0.333108
v -0.703910 15.176429 0.523594
v -0.629297 14.797783 0.388887
v -0.941293 15.059727 0.551812
v -0.857215 15.517962 -0.039802
v -1.108947 15.390475 -0.003448
v -0.734204 14.891901 -0.287137
v -0.703910 15.176429 0.523594
v -0.774629 15.375787 0.394775
v -0.640255 14.766076 0.183882
v -0.734204 14.891901 -0.287137
v -0.857710 14.675114 0.237577
v 0.756120 15.855435 -0.710189
v 0.946930 15.988155 -0.783804
v 0.476665 16.453447 -0.506093
v 0.730473 16.353764 0.126862
v 0.926848 16.487061 0.053320
v 0.672958 16.586744 -0.579627
v 1.200828 15.888472 -0.150857
v 0.946930 15.988155 -0.783804
v 1.004372 15.755176 -0.077153
v -0.672958 16.586744 -0.579627
v -0.946930 15.988155 -0.783804
v -0.476665 16.453447 -0.506093
v -0.756120 15.855435 -0.710189
v -0.730473 16.353764 0.126862
v -0.926848 16.487061 0.053320
v -1.200828 15.888472 -0.150857
v -1.004372 15.755176 -0.077153
v -0.784257 14.726650 0.261399
v -0.737611 14.461470 0.524835
v -0.752056 14.423543 0.500599
v 0.905272 15.993712 0.268869
v 0.876138 16.006250 0.274433
v 0.867670 15.990062 0.267871
v 0.877630 15.999105 0.333108
v 0.876138 16.006250 0.274433
v 0.703910 15.176429 0.523594
v 0.941293 15.059727 0.551812
v 0.629297 14.797783 0.388887
v 0.857215 15.517962 -0.039802
v 0.734204 14.891901 -0.287137
v 1.108947 15.390475 -0.003448
v 0.774629 15.375787 0.394776
v 0.857215 15.517962 -0.039802
v 1.008930 15.251040 0.438185
v 0.629297 14.797783 0.388887
v 0.837457 14.733958 0.421169
v 0.640255 14.766076 0.183883
v -0.788823 14.108725 0.676558
v -0.987769 14.594019 0.726197
v -0.931909 14.595592 0.845875
v 0.863850 15.515805 0.199983
v 0.829078 15.420770 -0.580787
v 0.785084 15.023705 -0.307471
v 0.807333 15.110526 0.243806
v 0.201436 14.420720 -0.090519
v 0.286512 14.427193 0.170183
v 0.547790 14.852808 -0.553817
v 0.000000 14.766986 -0.703294
v 0.067143 14.482719 -0.136500
v -0.392830 14.503388 0.201727
v -0.277800 14.427193 0.173500
v -0.540320 14.852808 -0.547013
v 0.284273 15.390555 -1.036785
v 0.287590 16.091822 -0.954702
v 0.000000 16.113396 -0.909297
v 0.000000 15.387409 -1.015704
v -0.951416 15.529667 0.232686
v -0.955569 15.818749 0.189187
v -0.967183 15.785471 0.284393
v -0.874645 15.815514 0.188278
v 0.938803 15.563451 0.104695
v 0.955569 15.818749 0.189187
v 0.874645 15.815514 0.188279
v 0.967183 15.785471 0.284393
v 0.916222 15.986987 0.328793
v 1.127537 9.052099 -1.667825
v 1.226807 11.587050 -1.219630
v 0.549615 11.527378 -0.800650
v 1.674833 6.514659 -1.636532
v 2.567160 6.502290 -0.887469
v 1.959600 9.046372 -1.690073
v 1.535559 4.282238 -0.140312
v 1.927902 4.326638 -0.892530
v 1.177420 6.413402 0.046849
v 2.298573 6.524286 -0.006440
v 1.535559 4.282238 -0.140312
v 1.201160 9.039155 -0.093171
v -2.567160 6.502290 -0.887470
v -1.927902 4.326638 -0.892531
v -1.674832 6.514659 -1.636533
v -1.535559 4.282238 -0.140312
v -1.959600 9.046372 -1.690074
v -1.897608 11.676190 -1.294413
v -2.411283 9.101155 -0.086196
v -1.894948 11.609128 -0.013741
v -1.177420 6.413402 0.046848
v -1.535559 4.282238 -0.140312
v -2.298573 6.524286 -0.006441
v -0.858959 16.080702 0.047342
v -0.870906 15.783808 -0.484591
v -0.555925 16.398163 -0.508331
v -0.571863 14.706487 0.204792
v -0.775789 15.023705 -0.300585
v 0.935145 15.939677 0.538031
v 0.897551 15.948566 0.886714
v 0.575018 15.939847 1.124592
v 0.690551 16.246529 0.832435
v 2.411283 9.101155 -0.086196
v 1.894948 11.609128 -0.013741
v 2.298573 6.524286 -0.006440
v 1.580883 4.432137 0.223887
v 1.803399 6.502460 0.571571
v 1.177420 6.413402 0.046849
v 1.580883 4.432137 0.223887
v 2.298573 6.524286 -0.006440
v 1.177420 6.413402 0.046849
v -0.020586 16.282721 0.962405
v 0.352332 16.267691 1.016854
v 0.372163 16.446302 0.552396
v 0.352332 16.267691 1.016854
v -2.411283 9.101155 -0.086196
v 2.411283 9.101155 -0.086196
v -2.298573 6.524286 -0.006441
v -1.803399 6.502460 0.571571
v 0.811567 4.322988 -0.911786
v 0.857710 14.675114 0.237577
v 0.950418 14.820356 -0.234684
v 0.734204 14.891901 -0.287137
v -1.008930 15.251040 0.438185
v -0.857215 15.517962 -0.039802
v -0.950418 14.820356 -0.234684
v -0.811566 4.322988 -0.911786
v 0.718193 16.247688 -0.203310
v 0.685409 16.377083 -0.164467
v -0.946930 15.988155 -0.783804
v -1.201160 9.039155 -0.093171
v -1.177420 6.413402 0.046848
v -2.298573 6.524286 -0.006441
v -1.580883 4.432137 0.223886
v 0.827910 16.073969 0.040537
v 0.880372 15.783808 -0.491485
v 0.577752 16.474771 -0.050508
v 0.280785 16.563337 -0.066195
v 0.292570 16.470293 -0.594648
v 0.392335 14.503388 0.231275
v 0.573526 14.715529 0.204793
v 0.000000 16.547235 -0.067858
v 0.000000 16.431530 -0.619135
v -0.533928 16.474771 -0.043703
v 1.191038 5.189336 -1.325867
v 1.674833 6.514659 -1.636532
v 1.959600 9.046372 -1.690073
v 0.840782 6.518057 -1.689489
v -1.674832 6.514659 -1.636533
v -0.840782 6.518057 -1.689489
v -1.959600 9.046372 -1.690074
v -0.729143 4.132007 -1.260054
v -0.729143 4.132007 -1.260054
v -0.404623 6.492743 -1.063591
v -0.718193 16.247688 -0.203311
v -0.685409 16.377083 -0.164467
v -0.718193 16.247688 -0.203311
v 0.404624 6.492743 -1.063591
v 0.300536 9.033095 -0.981094
v 0.729143 4.132007 -1.260054
v 0.429435 9.075840 -0.956275
v -0.840450 15.515805 0.199983
v -0.840450 15.515805 0.199983
v 1.191038 5.189336 -1.325867
v 1.897608 11.676190 -1.294413
v 0.598086 15.106624 1.097031
v 0.844351 15.106371 1.089317
v 0.575018 15.939847 1.124592
v -1.191038 5.189336 -1.325867
v -1.580883 4.432137 0.223886
v -1.177420 6.413402 0.046848
v -1.106627 2.956665 -0.543191
v -1.106627 2.956665 -0.543191
v 1.106627 2.956665 -0.543191
v 1.106627 2.956665 -0.543191
v 0.564645 16.398163 -0.515136
v -0.938803 15.563451 0.104695
v -0.838454 15.560959 0.104119
v -0.837457 14.733958 0.421169
v 1.894948 11.609128 -0.013741
v 1.000471 16.059866 -0.147207
v 0.718193 16.247688 -0.203310
v -1.000471 16.059866 -0.147207
v -1.894948 11.609128 -0.013741
v 0.729143 4.132007 -1.260054
v -0.334650 16.469378 0.748105
v -0.425785 16.230673 0.961164
v 1.168627 14.689470 -0.010010
v 1.579220 14.758940 -0.422923
v 1.482611 13.130089 0.033068
v 0.762179 15.380766 0.068926
v 0.887258 15.383004 0.069510
v 0.838454 15.560959 0.104119
v 0.683997 16.210672 -0.504430
v -0.607057 16.232588 -0.475295
v -0.683997 16.210672 -0.504430
v -0.640255 16.248686 -0.199661
v -0.607057 16.232588 -0.475295
v 0.559080 15.397614 -0.894445
v -0.896967 15.744965 1.049476
v -0.978474 16.135313 0.842225
v -1.058651 16.000685 0.574806
v 0.570038 16.026333 -0.837255
v 0.951416 15.529667 0.232686
v 0.060759 16.501255 0.738226
v 0.549615 11.527378 -0.800650
v 0.549615 11.527378 -0.800650
v -0.819694 15.420770 -0.573981
v -0.551529 15.397614 -0.916102
v -0.562568 16.026333 -0.843728
v -0.799116 14.696607 0.232021
v -0.752056 14.423543 0.500599
v -0.738105 14.716032 0.241397
v -0.799116 14.696607 0.232021
v -0.683162 14.454251 0.519441
v -0.520732 14.280952 0.747440
v -0.538414 14.217784 0.729434
v -0.538414 14.217784 0.729434
v -0.500901 14.264512 0.701297
v -1.168627 14.689470 -0.010010
v -1.579220 14.758940 -0.422923
v -1.168627 14.689470 -0.010010
v 1.684379 13.127095 -1.065424
v -0.549615 11.527378 -0.800650
v -0.549615 11.527378 -0.800650
v -1.361019 16.059946 -0.328560
v -1.220578 16.061186 -0.675409
v 0.089310 15.897686 1.140854
v -0.160767 16.102448 1.298304
v -0.320707 15.786881 1.119360
v -0.399392 15.982681 1.013204
v 1.004372 15.635823 0.574636
v 1.033588 15.636408 0.918581
v 0.935145 15.939677 0.538031
v -0.598921 15.519375 1.083007
v -0.961376 15.530000 0.383574
v -0.895645 15.033002 0.538867
v -1.097332 15.079395 0.775747
v 0.172139 15.594652 1.195141
v 0.304437 14.893645 1.191150
v -0.000000 15.592827 1.428534
v -0.294152 14.167821 0.789520
v -0.291411 14.150390 0.847043
v -0.306100 14.215707 0.856419
v -0.472261 14.146820 0.766947
v -0.340295 14.100012 0.822718
v -0.472261 14.146820 0.766947
v -0.436240 14.272647 0.802140
v -0.340295 14.100012 0.822718
v -0.421300 14.211392 0.743620
v -0.208160 14.434915 -0.069682
v -0.052786 14.487532 -0.129606
v -0.276389 15.390555 -1.029980
v 0.708890 15.634493 1.162600
v -0.272488 16.563337 -0.059390
v -0.284021 16.470293 -0.587843
v 0.060759 16.501255 0.738226
v 0.815298 16.196146 0.529985
v 0.372163 16.446302 0.552396
v 1.168627 14.689470 -0.010010
v -0.066396 15.371804 1.221615
v -0.272488 14.041249 -0.404000
v -0.052786 14.487532 -0.129606
v -0.208160 14.434915 -0.069682
v -0.277800 14.427193 0.173500
v -0.640255 16.248686 -0.199661
v 0.607057 16.232588 -0.475295
v 0.607057 16.232588 -0.475295
v 0.640255 16.248686 -0.199661
v -0.866672 15.964084 0.370710
v -0.916222 15.986987 0.328793
v 0.866672 15.964084 0.370710
v -1.023547 15.465510 1.079600
v -1.284906 14.745492 0.919579
v -1.277022 15.444592 0.990379
v -1.391557 14.765995 -0.835179
v -0.570119 16.348694 -0.430564
v -0.570119 16.348694 -0.430564
v -0.399392 15.982681 1.013204
v -0.969925 13.125108 -0.341254
v -0.799611 14.718604 -0.551571
v -0.712296 13.105933 -0.656486
v -0.969925 13.125108 -0.341254
v 0.799611 14.718604 -0.551571
v 0.969925 13.125108 -0.341253
v 0.712296 13.105933 -0.656486
v 0.969925 13.125108 -0.341253
v 1.018980 15.105545 0.692083
v -0.213967 15.591083 1.192651
v -1.263080 15.440024 0.717730
v -0.074864 16.478178 0.569656
v -0.074864 16.478178 0.569656
v -0.789489 15.082803 1.061261
v -1.027772 15.082470 1.015029
v -0.804843 14.595762 0.868950
v 0.640255 16.248686 -0.199661
v 0.570119 16.348694 -0.430563
v 0.570119 16.348694 -0.430563
v 0.890081 15.308805 0.298499
v 0.941042 15.490742 0.335687
v 0.900203 15.350301 0.185294
v -0.296634 16.461744 0.381165
v -0.291411 14.150390 0.847043
v -0.792806 15.082883 0.202473
v 0.007138 14.536172 -0.173186
v 0.254060 14.064318 -0.398606
v 0.286512 14.427193 0.170183
v 0.201436 14.420720 -0.090519
v 0.067143 14.482719 -0.136500
v 0.918631 15.744471 0.377183
v 0.904437 15.488003 0.335598
v 0.904275 15.967903 0.371205
v 0.955901 15.747869 0.377515
v 0.874978 15.981262 0.374360
v -0.017925 16.534866 0.358008
v 0.302036 16.501085 0.327300
v -1.482611 13.130089 0.033067
v -0.904275 15.967903 0.371205
v -0.874978 15.981262 0.374360
v -0.918631 15.744471 0.377183
v 1.827886 13.136812 -0.521941
v -1.482611 13.130089 0.033067
v -1.262163 13.145361 0.111006
v 1.262163 13.145361 0.111006
v 1.482611 13.130089 0.033068
v -0.279706 16.091822 -0.947897
v -0.955901 15.747869 0.377515
v -0.941042 15.490742 0.335687
v 0.703910 15.176429 0.523594
v -0.904437 15.488003 0.335598
v -0.890081 15.308805 0.298498
v -0.900203 15.350301 0.185294
v 0.830822 14.530032 0.850279
v -0.758691 14.594854 0.563435
v 0.543726 16.382063 0.296754
v 1.684379 13.127095 -1.065424
v -1.684379 13.127095 -1.065424
v -0.629216 16.385138 0.346556
v 0.855885 15.306315 0.298417
v 0.746330 16.065924 0.233765
v -0.629297 14.797783 0.388887
v 0.496999 14.147154 0.994362
v 0.739184 14.484133 0.888044
v 0.625647 14.418725 0.756159
v 0.730635 14.698512 0.517949
v -0.855885 15.306315 0.298417
v -0.762179 15.380766 0.068926
v -0.887258 15.383004 0.069510
v -0.868749 16.063927 0.298336
v -0.513927 14.257292 0.486324
v 0.612280 16.359825 -0.153347
v -0.612280 16.359825 -0.153347
v 0.104493 14.497904 0.913520
v 0.102003 14.468113 0.908297
v 0.074945 14.507784 0.962989
v 0.099513 14.466531 0.903227
v 0.066818 14.450521 0.954610
v 0.071466 14.452338 0.964319
v 0.025979 14.448111 0.973533
v 0.025979 14.449442 0.991288
v 0.025979 14.511603 0.999091
v -0.025979 14.448111 0.973533
v -0.067232 14.453172 0.964563
v -0.025979 14.449442 0.991288
v -0.025979 14.511603 0.999091
v -0.069633 14.508863 0.969875
v -0.102669 14.497158 0.914104
v -0.063079 14.450844 0.954691
v -0.100763 14.467197 0.909951
v -0.098605 14.465371 0.904728
v 0.174377 14.749816 1.083339
v 0.372999 14.716860 1.037188
v 0.208330 14.571365 1.086576
v 0.473177 14.465453 0.877913
v 0.550783 14.494587 0.755989
v 0.338470 14.336644 0.845299
v 0.353905 15.092762 0.918087
v 0.323360 15.075664 1.025573
v 0.353905 15.100817 1.024989
v 0.541731 14.792138 0.847043
v 0.479066 14.758526 0.955932
v 0.437821 14.769062 0.867620
v 0.320707 14.811062 0.894597
v 0.319134 14.811062 0.993454
v 0.263274 14.860611 1.002497
v 0.638097 14.918709 0.896260
v 0.648552 15.032749 0.801394
v 0.652372 15.020631 0.918582
v -0.319134 14.811062 0.993454
v -0.398727 14.761430 0.981498
v -0.320707 14.811062 0.894597
v -0.652373 15.020631 0.918581
v -0.648552 15.032749 0.801394
v -0.638097 14.918709 0.896260
v -0.243353 14.995811 0.923480
v -0.236800 14.917388 1.013788
v -0.253062 14.889000 0.914023
v -0.541731 14.792138 0.847043
v -0.591532 14.831817 0.912693
v -0.612783 14.870822 0.815751
v 0.576924 15.141900 0.830521
v 0.624820 15.105788 0.940911
v 0.619750 15.087532 0.808775
v -0.541155 15.160236 0.972949
v -0.466040 15.140074 0.866542
v -0.526710 15.146878 0.849362
v -0.449274 15.147374 1.012044
v -0.401631 15.127039 1.018516
v -0.391257 15.112269 0.900827
v 0.243353 14.995811 0.923480
v 0.240117 14.995811 1.027317
v 0.302036 15.047364 0.920496
v -0.416238 14.421377 0.532475
v -0.212726 14.315815 0.460264
v -0.257880 14.396980 0.277751
v 0.209157 14.424370 0.044853
v 0.173883 14.603980 -0.182392
v 0.000000 14.443626 -0.089935
v -0.586471 14.582232 0.519108
v -0.481645 14.702251 0.044195
v -0.718436 14.977231 0.072324
v 0.734788 14.865257 0.457855
v 0.718436 14.977231 0.072324
v 0.586471 14.582232 0.519109
v 0.832233 15.431062 0.698555
v 0.863850 15.515805 0.199983
v 0.804924 15.092592 0.484832
v -0.000000 15.737000 1.163435
v -0.000000 15.477708 1.203187
v -0.245511 15.538217 1.155965
v 0.000000 14.574431 -0.194015
v -0.734788 14.865257 0.457854
v -0.853062 15.994547 0.415612
v -0.832233 15.431062 0.698555
v -0.863850 15.515805 0.199983
v -0.804924 15.092592 0.484832
v 0.120926 14.194375 0.757903
v 0.113375 14.176702 0.821972
v 0.405118 14.350666 0.729012
v -0.233393 15.744965 1.118200
v -0.499822 15.727785 1.051885
v -0.227496 16.015125 1.032046
v 0.853062 15.994547 0.415613
v 0.781515 15.725044 0.713828
v 0.594939 16.296080 0.534633
v 0.499822 15.727785 1.051885
v 0.233393 15.744965 1.118200
v 0.227496 16.015125 1.032046
v 0.824593 15.213023 0.116651
v -0.339379 14.685568 -0.168206
v -0.594939 16.296080 0.534633
v -0.520732 15.943416 0.938258
v -0.781515 15.725044 0.713828
v -0.263274 14.860611 1.002497
v -0.174378 14.749816 1.083339
v -0.372999 14.716860 1.037188
v -0.000000 14.997482 1.111638
v 0.236799 14.917388 1.013788
v -0.000000 14.902276 1.112052
v 0.000000 14.443626 -0.089935
v -0.173883 14.603980 -0.182392
v -0.209157 14.424370 0.044853
v 0.422378 15.315701 1.067896
v 0.245511 15.538217 1.155965
v 0.479317 15.569509 1.107826
v 0.183843 15.221742 1.124008
v -0.000000 15.258348 1.194305
v -0.545057 14.788901 0.934187
v -0.500982 14.709057 0.985983
v -0.361546 14.546959 1.021672
v -0.512272 14.551023 0.918671
v -0.329589 14.464876 0.978513
v -0.338470 14.336644 0.845299
v -0.473177 14.465453 0.877913
v 0.194882 14.443626 0.995692
v 0.239946 14.380052 0.944147
v 0.085157 14.283937 0.948965
v -0.000000 16.449709 0.604849
v -0.298045 16.395018 0.595303
v -0.000000 16.032726 1.053045
v -0.619750 15.087532 0.808775
v 0.481645 14.702251 0.044196
v 0.257880 14.396980 0.277751
v 0.416238 14.421377 0.532475
v 0.310333 14.542059 0.010243
v 0.207584 14.315815 0.460264
v -0.310333 14.542059 0.010243
v -0.588629 15.140074 0.956930
v -0.772301 15.594490 0.843474
v -0.240117 14.995811 1.027317
v -0.183843 15.221742 1.124008
v -0.000000 14.252735 0.526911
v -0.000000 14.164837 0.770516
v -0.120926 14.194375 0.757903
v -0.550783 14.494587 0.755989
v -0.113375 14.176702 0.821972
v -0.405118 14.350666 0.729012
v 0.339379 14.685568 -0.168206
v 0.398727 14.761430 0.981498
v -0.000000 14.252735 0.526911
v -0.000000 14.164837 0.770516
v -0.000000 14.345020 0.993032
v 0.089967 14.362452 0.990209
v -0.236800 14.917388 1.013788
v -0.000000 14.807077 1.135128
v 0.056436 14.707395 1.137618
v -0.000000 14.660666 1.241365
v -0.022824 14.645474 1.220123
v -0.000000 14.744250 1.170484
v -0.545057 14.788901 0.934187
v -0.541731 14.792138 0.847043
v -0.479066 14.758526 0.955932
v -0.194882 14.443626 0.995692
v -0.089967 14.362452 0.990209
v -0.085157 14.283937 0.948965
v -0.000000 14.456571 0.867710
v 0.179195 14.472930 0.933944
v -0.000000 14.371746 0.851690
v 0.040749 14.433746 1.058601
v -0.000000 14.377474 0.949379
v 0.096780 14.398058 0.939670
v -0.115370 14.450179 1.035947
v -0.157531 14.454501 1.018346
v -0.179528 14.430177 0.916756
v 0.329589 14.464876 0.978513
v 0.545056 14.788901 0.934187
v 0.541731 14.792138 0.847043
v 0.591532 14.831817 0.912693
v -0.000000 14.270327 0.958674
v -0.179196 14.472930 0.933944
v 0.179528 14.430177 0.916756
v 0.157531 14.454501 1.018346
v 0.115370 14.450179 1.035947
v 0.761100 15.144217 0.845380
v 0.603731 15.310388 1.018265
v 0.520732 15.943416 0.938258
v 0.298045 16.395018 0.595303
v -0.096780 14.398058 0.939670
v -0.040750 14.433746 1.058601
v 0.721762 15.258842 0.922321
v 0.638097 15.545434 1.032297
v 0.541155 15.160236 0.972949
v 0.466039 15.140074 0.866542
v 0.495174 15.159994 0.992537
v 0.677517 15.162646 0.925557
v 0.588629 15.140074 0.956930
v 0.634026 15.204886 0.953694
v 0.692960 14.962120 0.884223
v -0.708314 15.041720 0.891280
v -0.692960 14.962120 0.884223
v -0.624820 15.105788 0.940911
v -0.437822 14.769062 0.867620
v 0.236799 14.917388 1.013788
v 0.253062 14.889000 0.914023
v 0.391256 15.112269 0.900827
v 0.401630 15.127039 1.018516
v -0.176122 15.052588 1.071051
v 0.314064 15.130609 1.041260
v 0.176121 15.052588 1.071051
v -0.603731 15.310388 1.018265
v -0.479317 15.569509 1.107826
v -0.422378 15.315701 1.067896
v -0.721762 15.258842 0.922320
v -0.638097 15.545434 1.032297
v -0.751967 15.467497 0.914599
v -0.761100 15.144217 0.845380
v 0.361546 14.546959 1.021672
v 0.500982 14.709057 0.985983
v 0.512272 14.551023 0.918671
v 0.191313 14.489022 1.030139
v 0.144253 14.452750 1.024908
v -0.036353 14.429270 1.059104
v -0.000000 14.459896 0.969048
v -0.208330 14.571365 1.086576
v 0.545056 14.788901 0.934187
v -0.000000 14.176621 0.895846
v 0.104412 14.204678 0.872357
v 0.095198 14.441135 1.045323
v 0.036353 14.429270 1.059104
v -0.144254 14.452750 1.024908
v -0.095198 14.441135 1.045323
v 0.166996 14.524630 1.061424
v 0.043986 14.537664 1.122848
v 0.708314 15.041720 0.891280
v 0.751967 15.467497 0.914599
v 0.347181 15.164221 1.041089
v 0.310252 15.257180 1.085416
v 0.519158 15.232036 1.003325
v 0.458074 15.219334 1.024738
v -0.000000 14.565883 1.167580
v 0.078765 14.603395 1.127909
v -0.043986 14.537664 1.122848
v -0.166997 14.524630 1.061424
v -0.698273 15.102139 0.908378
v -0.677517 15.162646 0.925557
v -0.634026 15.204886 0.953694
v -0.078766 14.603395 1.127909
v -0.056436 14.707395 1.137618
v -0.000000 14.604142 1.217795
v 0.022824 14.645474 1.220123
v -0.000000 14.638013 1.242030
v 0.682083 14.766742 0.812344
v 0.589123 14.714289 0.918833
v 0.613691 14.592105 0.776907
v 0.240117 14.995811 1.027317
v 0.233807 15.066450 1.053540
v 0.240117 14.995811 1.027317
v 0.243353 14.995811 0.923480
v -0.602653 14.818530 0.899245
v -0.682083 14.766742 0.812344
v -0.613692 14.592105 0.776907
v -0.644319 14.863433 0.893437
v -0.615938 14.866417 0.896755
v 0.263274 14.860611 1.002497
v 0.644318 14.863433 0.893438
v 0.602652 14.818530 0.899245
v 0.615938 14.866417 0.896755
v 0.772301 15.594490 0.843474
v 0.036353 14.429270 1.059104
v 0.037927 14.459816 1.098109
v 0.095198 14.441135 1.045323
v -0.036353 14.429270 1.059104
v -0.095198 14.441135 1.045323
v -0.037927 14.459816 1.098109
v -0.000000 14.424038 1.063167
v -0.000000 14.424038 1.063167
v -0.000000 14.453416 1.105004
v -0.589123 14.714289 0.918833
v 0.612783 14.870822 0.815751
v 0.314064 15.130609 1.041260
v 0.342785 15.174180 1.056865
v 0.251318 15.039473 1.042087
v -0.580331 15.228881 0.981912
v -0.458075 15.219334 1.024738
v -0.310252 15.257180 1.085416
v -0.353906 15.100817 1.024989
v -0.402628 15.196428 1.032873
v -0.347182 15.164221 1.041089
v -0.263274 14.860611 1.002497
v 0.644318 14.863433 0.893438
v 0.602652 14.818530 0.899245
v 0.742177 15.007021 0.843717
v -0.240117 14.995811 1.027317
v -0.233807 15.066450 1.053540
v -0.251318 15.039473 1.042087
v -0.285019 15.096997 1.041503
v -0.293155 15.049352 1.026238
v -0.285019 15.096997 1.041503
v -0.251318 15.039473 1.042087
v -0.042907 14.482801 1.105661
v -0.000000 14.531275 1.133303
v -0.000000 14.477408 1.112717
v -0.479066 14.758526 0.955932
v -0.398727 14.761430 0.981498
v -0.319134 14.811062 0.993454
v -0.644319 14.863433 0.893437
v -0.742177 15.007021 0.843717
v -0.602653 14.818530 0.899245
v 0.698273 15.102139 0.908378
v -0.824593 15.213023 0.116651
v -0.428689 15.130105 0.883729
v -0.191313 14.489022 1.030139
v -0.239947 14.380052 0.944147
v 0.319134 14.811062 0.993454
v 0.479066 14.758526 0.955932
v 0.398727 14.761430 0.981498
v 0.545056 14.788901 0.934187
v -0.545057 14.788901 0.934187
v 0.105329 14.460894 1.066323
v 0.111631 14.484042 1.076364
v -0.111631 14.484042 1.076364
v -0.105329 14.460894 1.066323
v -0.240117 14.995811 1.027317
v -0.298629 15.044291 0.920747
v -0.692960 14.962120 0.884223
v 0.251318 15.039473 1.042087
v 0.285019 15.096997 1.041503
v 0.293154 15.049352 1.026238
v 0.285019 15.096997 1.041503
v -0.104412 14.204678 0.872357
v -0.000000 14.430932 1.064084
v -0.000000 14.385527 1.049395
v -0.039841 14.386604 1.043993
v -0.040750 14.433746 1.058601
v -0.000000 14.430932 1.064084
v 0.040749 14.433746 1.058601
v 0.117447 14.409842 1.027974
v 0.039841 14.386604 1.043993
v -0.314065 15.130609 1.041260
v -0.342786 15.174180 1.056865
v -0.314065 15.130609 1.041260
v -0.458075 15.219334 1.024738
v -0.452592 15.241743 1.035947
v -0.402628 15.196428 1.032873
v -0.347182 15.164221 1.041089
v 0.458074 15.219334 1.024738
v 0.452591 15.241743 1.035947
v 0.519158 15.232036 1.003325
v 0.347181 15.164221 1.041089
v -0.576925 15.141900 0.830521
v 0.698273 15.102139 0.908378
v 0.677517 15.162646 0.925557
v 0.634026 15.204886 0.953694
v 0.526709 15.146878 0.849362
v 0.449274 15.147374 1.012044
v 0.428688 15.130105 0.883729
v -0.000000 14.147738 0.837829
v -0.708314 15.041720 0.891280
v -0.698273 15.102139 0.908378
v -0.115370 14.450179 1.035947
v -0.117447 14.409842 1.027974
v -0.181434 14.453254 1.006813
v 0.115370 14.450179 1.035947
v 0.181434 14.453254 1.006813
v 0.692960 14.962120 0.884223
v 0.708314 15.041720 0.891280
v -0.519158 15.232036 1.003325
v -0.519158 15.232036 1.003325
v -0.677517 15.162646 0.925557
v -0.634026 15.204886 0.953694
v 0.402628 15.196428 1.032873
v 0.402628 15.196428 1.032873
v 0.580331 15.228881 0.981912
v -0.144254 14.452750 1.024908
v -0.157531 14.454501 1.018346
v 0.144253 14.452750 1.024908
v 0.157531 14.454501 1.018346
v -0.323360 15.075664 1.025573
v -0.353906 15.092762 0.918087
v -0.243353 14.995811 0.923480
v -0.495174 15.159994 0.992537
v 0.042907 14.482801 1.105661
v 0.000000 14.574431 -0.194015
v 0.327926 15.070019 0.919336
v -0.580331 15.228881 0.981912
v 0.580331 15.228881 0.981912
v -0.326272 15.068526 0.919336
v -5.636290 10.488317 0.638964
v -5.591137 10.678218 0.602440
v -5.486562 10.585087 0.600867
v -5.603255 10.755904 -0.010586
v -5.283293 10.886709 0.286713
v -5.000602 10.905463 0.313852
v -4.789035 11.094043 -0.035406
v -5.147013 11.115618 -0.163307
v -5.049982 10.891187 -0.102548
v -5.340727 10.702202 0.491474
v -5.331846 10.750672 0.563767
v -5.451287 10.862061 0.529904
v -5.017529 11.006306 0.455697
v -5.481996 10.819226 0.422669
v -5.521415 10.969207 0.442257
v -5.451287 10.862061 0.529904
v -5.159041 11.202023 0.278910
v -5.590642 10.758807 -0.207877
v -5.796806 10.920159 0.063118
v -5.169172 11.174966 -0.057403
v -5.739786 10.946714 0.386064
v -5.788761 10.939909 0.236255
v -5.634960 10.830266 -0.213190
v -5.746924 10.879321 -0.098817
v -6.241514 10.469393 0.047845
v -6.232057 10.446899 -0.026443
v -6.331984 10.534962 -0.031504
v -5.604503 10.760382 0.248697
v -5.905704 10.620533 -0.043784
v -6.107391 10.504084 -0.032745
v -5.908940 10.631985 0.049338
v -5.905704 10.620533 -0.043784
v -5.954840 10.735813 -0.057313
v -6.107391 10.504084 -0.032745
v -5.743688 10.771591 0.082455
v -5.964054 10.760965 0.035314
v -5.796806 10.920159 0.063118
v -5.743688 10.771591 0.082455
v -5.746924 10.879321 -0.098817
v -5.686667 10.751752 -0.071921
v -5.743688 10.771591 0.082455
v -6.365352 10.462588 0.145696
v -6.463292 10.551144 0.142216
v -6.367761 10.472378 0.223302
v -5.739867 10.814749 0.245128
v -6.011446 10.779141 0.203138
v -5.788761 10.939909 0.236255
v -5.739867 10.814749 0.245128
v -5.743688 10.771591 0.082455
v -5.968531 10.662199 0.220479
v -5.796806 10.920159 0.063118
v -6.012112 10.782541 0.110178
v -5.743688 10.771591 0.082455
v -5.964135 10.651572 0.127024
v -5.964135 10.651572 0.127024
v -5.451287 10.862061 0.529904
v -5.594876 10.643357 0.521769
v -5.481996 10.819226 0.422669
v -5.331846 10.750672 0.563767
v -5.481996 10.819226 0.422669
v -5.507139 10.564672 0.524835
v -5.340727 10.702202 0.491474
v -5.594876 10.643357 0.521769
v -6.064979 10.443494 -0.093837
v -6.057257 10.433615 -0.164962
v -6.158937 10.485744 -0.174095
v -5.792159 10.630079 -0.183642
v -5.955838 10.512382 -0.175011
v -5.966212 10.527403 -0.094745
v -5.634960 10.830266 -0.213190
v -5.746924 10.879321 -0.098817
v -5.843039 10.705438 -0.212273
v -5.868434 10.729753 -0.112014
v -5.686667 10.751752 -0.071921
v -5.802119 10.643187 -0.092426
v -5.686667 10.751752 -0.071921
v -5.802119 10.643187 -0.092426
v -5.699864 10.839480 0.399180
v -5.481996 10.819226 0.422669
v -6.315470 10.521343 0.324315
v -6.412907 10.591811 0.319749
v -6.316378 10.532220 0.403324
v -5.739786 10.946714 0.386064
v -6.012526 10.797983 0.385399
v -5.788761 10.939909 0.236255
v -5.699864 10.839480 0.399180
v -5.739867 10.814749 0.245128
v -5.969780 10.713737 0.396106
v -6.018998 10.797983 0.279162
v -5.739867 10.814749 0.245128
v -5.017529 11.006306 0.455697
v -5.331846 10.750672 0.563767
v -5.969611 10.701536 0.296754
v -6.179352 10.584673 0.317340
v -5.969611 10.701536 0.296754
v -6.222924 10.668922 0.303811
v -6.179352 10.584673 0.317340
v -5.699864 10.839480 0.399180
v -5.969780 10.713737 0.396106
v -5.486562 10.585087 0.600867
v -6.154532 10.602436 -0.044701
v -6.279036 10.543260 -0.036152
v -6.232057 10.446899 -0.026443
v -6.288574 10.565922 0.034235
v -6.176781 10.597457 0.401086
v -6.359041 10.605089 0.312441
v -6.315470 10.521343 0.324315
v -6.176781 10.597457 0.401086
v -6.316378 10.532220 0.403324
v -6.413824 10.599867 0.385902
v -6.359959 10.615885 0.391296
v -6.359041 10.605089 0.312441
v -6.359959 10.615885 0.391296
v -6.412907 10.591811 0.319749
v -5.968531 10.662199 0.220479
v -6.367761 10.472378 0.223302
v -6.464865 10.556951 0.206536
v -6.408843 10.570901 0.209359
v -6.406605 10.561355 0.133245
v -6.365352 10.462588 0.145696
v -6.406605 10.561355 0.133245
v -6.408843 10.570901 0.209359
v -6.463292 10.551144 0.142216
v -5.686667 10.751752 -0.071921
v -4.780900 11.057599 0.086608
v -4.789035 11.094043 -0.035406
v -6.015762 10.609907 -0.109442
v -6.108802 10.507903 -0.177331
v -6.001981 10.587003 -0.186294
v -6.116436 10.517693 -0.112095
v -6.064979 10.443494 -0.093837
v -6.167728 10.499516 -0.119979
v -6.202671 10.539358 0.224218
v -6.202671 10.539358 0.224218
v -5.966212 10.527403 -0.094745
v -6.158352 10.612317 0.036555
v -6.241514 10.469393 0.047845
v -6.338043 10.546827 0.030163
v -6.279036 10.543260 -0.036152
v -6.288574 10.565922 0.034235
v -6.338043 10.546827 0.030163
v -6.331984 10.534962 -0.031504
v -6.198607 10.528570 0.136904
v -6.198607 10.528570 0.136904
v -4.831034 11.165248 0.303892
v -4.873195 11.282946 0.267458
v -4.795094 11.078769 0.222304
v -6.110960 10.513046 0.047513
v -5.706336 10.533883 0.545591
v -5.727254 10.513711 0.645931
v -5.665839 10.463083 0.546750
v -5.684177 10.450713 0.651163
v -5.690569 10.559278 0.626676
v -5.690569 10.559278 0.626676
v -5.636290 10.488317 0.638964
v -5.727254 10.513711 0.645931
v -5.706336 10.533883 0.545591
v -6.108802 10.507903 -0.177331
v -6.116436 10.517693 -0.112095
v -6.167728 10.499516 -0.119979
v -6.057257 10.433615 -0.164962
v -6.158937 10.485744 -0.174095
v -5.590642 10.758807 -0.207877
v -5.590642 10.758807 -0.207877
v -5.792159 10.630079 -0.183642
v -5.955838 10.512382 -0.175011
v -5.331846 10.750672 0.563767
v -5.908940 10.631985 0.049338
v -5.684177 10.450713 0.651163
v -5.739867 10.814749 0.245128
v -5.699864 10.839480 0.399180
v -6.110960 10.513046 0.047513
v -6.464865 10.556951 0.206536
v -6.413824 10.599867 0.385902
v -4.884818 11.328012 0.153669
v -6.246081 10.643024 0.210186
v -6.244750 10.638952 0.125199
v -6.217530 10.675558 0.384904
v -4.842819 11.242773 -0.071256
v -4.866560 11.298219 -0.004276
v -4.831034 11.165248 0.303892
v -5.686667 10.751752 -0.071921
vn -0.6315 -0.7744 -0.0387
vn -0.4509 -0.7727 -0.4468
vn -0.4985 -0.8491 0.1746
vn -0.6306 -0.7388 -0.2376
vn 0.0708 -0.3655 -0.9281
vn -0.3430 -0.7291 -0.5923
vn -0.1431 -0.9692 -0.2002
vn -0.2056 -0.8942 -0.3976
vn 0.3442 0.6784 0.6491
vn 0.2834 0.8768 0.3884
vn 0.3725 0.2370 0.8973
vn -0.0478 0.5076 0.8603
vn -0.0485 0.3378 0.9400
vn 0.0247 0.5373 0.8430
vn 0.8871 -0.2810 0.3663
vn 0.3725 0.2369 0.8973
vn 0.3942 0.9042 -0.1646
vn 0.3707 0.8826 -0.2891
vn -0.1150 -0.9904 0.0765
vn 0.1910 -0.3993 0.8967
vn 0.0446 -0.9620 0.2695
vn 0.0107 0.3964 -0.9180
vn 0.3745 0.7811 -0.4996
vn 0.1322 0.3856 -0.9131
vn 0.3842 0.9232 -0.0013
vn 0.0422 -0.9839 0.1734
vn -0.0239 -0.9754 0.2190
vn 0.6002 -0.7253 -0.3374
vn 0.3720 -0.9060 0.2020
vn -0.4112 -0.8927 0.1842
vn 0.4891 0.5324 0.6909
vn 0.6796 0.7140 0.1681
vn 0.2106 0.0340 0.9770
vn 0.3364 0.3053 -0.8909
vn 0.0428 -0.1801 -0.9827
vn 0.3964 0.3261 -0.8582
vn -0.0094 -0.1150 -0.9933
vn 0.0177 -0.1240 -0.9921
vn -0.4749 -0.8718 0.1201
vn -0.5452 -0.8297 0.1194
vn -0.5522 -0.8143 0.1790
vn 0.5599 0.6860 -0.4648
vn 0.3699 0.4221 -0.8277
vn 0.1080 -0.1660 -0.9802
vn 0.1699 -0.9771 0.1280
vn 0.5093 0.5732 0.6419
vn 0.1588 0.0479 0.9862
vn 0.3818 0.5421 0.7485
vn 0.5380 -0.7726 -0.3370
vn 0.2816 -0.9517 0.1224
vn -0.0983 -0.9859 0.1352
vn 0.4510 0.5106 -0.7320
vn 0.0384 -0.1914 -0.9808
vn 0.1090 -0.1724 -0.9790
vn -0.4755 -0.8731 0.1080
vn -0.4658 -0.8801 0.0923
vn -0.4407 -0.8947 0.0726
vn 0.2424 0.4399 0.8647
vn 0.3660 0.6354 0.6799
vn 0.5212 0.7569 -0.3943
vn -0.4684 -0.8759 0.1160
vn -0.4449 -0.8871 0.1232
vn 0.0515 0.1424 0.9885
vn 0.0501 0.1019 0.9935
vn -0.4737 -0.8719 0.1242
vn -0.4182 -0.8993 0.1276
vn -0.4952 -0.8557 0.1499
vn 0.0494 0.1189 0.9917
vn 0.1075 0.1071 0.9884
vn -0.3081 -0.9337 0.1824
vn 0.4215 -0.8391 -0.3437
vn 0.1269 -0.9804 0.1507
vn 0.2234 0.0744 0.9719
vn 0.6268 0.6024 0.4942
vn 0.7014 0.7127 -0.0100
vn 0.2687 0.2147 -0.9390
vn 0.5438 0.6472 0.5342
vn 0.4024 0.3885 -0.8289
vn 0.3804 0.3749 -0.8454
vn -0.5859 -0.7773 0.2293
vn -0.5995 -0.7574 0.2588
vn -0.5352 -0.7742 0.3378
vn 0.0436 -0.1431 -0.9887
vn -0.5111 -0.8437 0.1639
vn -0.5988 -0.7759 0.1986
vn -0.6126 -0.7702 0.1776
vn 0.1137 0.1256 0.9855
vn 0.1400 0.1050 0.9846
vn -0.0279 -0.9915 0.1272
vn 0.6143 -0.7020 -0.3603
vn 0.3684 -0.9246 0.0966
vn 0.5164 -0.4482 0.7297
vn -0.6309 -0.6385 0.4407
vn -0.6963 -0.4780 0.5353
vn -0.3286 -0.1096 -0.9381
vn -0.2115 -0.7199 -0.6611
vn -0.1116 -0.2862 -0.9516
vn -0.0557 -0.1824 -0.9816
vn 0.3030 0.5658 0.7669
vn 0.3480 0.7422 0.5727
vn 0.3635 0.5763 -0.7319
vn 0.2074 0.2471 -0.9465
vn 0.0262 -0.1197 -0.9925
vn -0.7237 -0.5318 0.4399
vn -0.7371 -0.2757 0.6169
vn 0.0075 0.6852 0.7283
vn -0.3575 0.3907 0.8483
vn 0.0629 -0.1506 -0.9866
vn 0.1759 0.1532 -0.9724
vn 0.6143 -0.7020 -0.3604
vn 0.1954 0.9724 -0.1277
vn 0.2159 0.9702 -0.1104
vn 0.2158 0.9702 -0.1104
vn -0.6504 -0.7459 0.1433
vn -0.5348 -0.5991 0.5959
vn 0.1742 -0.7567 -0.6301
vn 0.9293 0.3342 -0.1569
vn 0.9635 -0.1708 -0.2062
vn -0.0816 0.2261 0.9707
vn 0.3017 0.4632 0.8334
vn 0.7042 0.6259 0.3352
vn 0.7887 0.6027 -0.1214
vn -0.0150 -0.1495 -0.9886
vn 0.4215 -0.8391 -0.3438
vn 0.1561 0.1326 0.9788
vn 0.4578 -0.4951 0.7385
vn 0.3459 0.3464 0.8720
vn 0.3548 0.9057 -0.2321
vn 0.3549 0.9056 -0.2322
vn 0.3046 0.9360 -0.1761
vn 0.0379 -0.1596 -0.9865
vn 0.1567 0.1340 -0.9785
vn 0.2543 0.9578 -0.1341
vn 0.2631 0.9564 -0.1271
vn 0.4734 -0.4941 0.7292
vn 0.2787 0.5837 0.7627
vn 0.0651 0.1131 0.9914
vn -0.4184 -0.8988 0.1305
vn -0.0051 -0.1141 -0.9935
vn 0.2742 0.5961 0.7546
vn 0.0817 0.1000 0.9916
vn -0.0049 -0.1500 -0.9887
vn -0.5943 -0.7731 0.2215
vn -0.0400 -0.1938 -0.9802
vn -0.4217 -0.9060 0.0360
vn 0.0579 0.0999 0.9933
vn -0.5276 -0.8241 0.2062
vn -0.5761 -0.7908 0.2068
vn -0.5187 -0.8026 0.2947
vn 0.8361 0.5482 0.0205
vn 0.1550 -0.1803 -0.9713
vn 0.7149 0.6691 0.2031
vn 0.1251 -0.0877 -0.9883
vn -0.1329 0.1327 0.9822
vn -0.5347 -0.5991 0.5959
vn -0.1506 0.2794 0.9483
vn -0.1360 0.2221 0.9655
vn 0.1307 -0.9816 -0.1392
vn 0.0670 0.0973 0.9930
vn 0.5053 -0.4637 0.7278
vn 0.6002 -0.7252 -0.3374
vn 0.5052 -0.4637 0.7278
vn 0.1689 0.9647 -0.2022
vn 0.2439 0.9322 -0.2672
vn 0.2440 0.9322 -0.2672
vn 0.3163 0.8897 -0.3293
vn -0.7272 -0.6081 0.3184
vn 0.4578 -0.4950 0.7385
vn 0.4027 0.8693 -0.2866
vn 0.3330 0.5313 -0.7790
vn 0.1345 0.0501 0.9896
vn 0.0481 0.0873 0.9950
vn 0.4735 -0.4942 0.7291
vn 0.2719 0.9548 -0.1201
vn 0.5164 -0.4483 0.7296
vn 0.2362 0.9672 -0.0931
vn -0.1207 0.1639 0.9791
vn 0.3673 -0.8987 0.2396
vn 0.3670 -0.8978 0.2433
vn 0.2009 0.3280 -0.9231
vn 0.2372 0.8492 -0.4719
vn -0.1247 0.3685 -0.9212
vn 0.3822 0.6850 -0.6202
vn 0.4051 0.7587 0.5102
vn 0.3502 0.9359 0.0372
vn 0.4059 0.7676 0.4961
vn -0.6335 -0.7288 -0.2599
vn -0.0115 -0.9986 0.0520
vn -0.4013 -0.2856 -0.8703
vn 0.4013 -0.2856 -0.8703
vn 0.4288 -0.7914 -0.4356
vn 0.5382 -0.5544 -0.6348
vn 0.2070 -0.9404 -0.2699
vn -0.0296 -0.9924 0.1191
vn -0.0531 -0.9984 0.0171
vn 0.0198 -0.8361 0.5483
vn -0.1057 -0.9804 0.1662
vn 0.5130 -0.7524 0.4132
vn 0.5725 -0.8191 0.0371
vn 0.2772 -0.7709 -0.5734
vn 0.2779 -0.9020 -0.3304
vn -0.0991 -0.8646 -0.4926
vn -0.2566 -0.7749 -0.5777
vn -0.4288 -0.7914 -0.4356
vn -0.2070 -0.9404 -0.2699
vn -0.5382 -0.5544 -0.6347
vn 0.0296 -0.9924 0.1191
vn -0.2779 -0.9020 -0.3304
vn -0.6236 -0.7721 -0.1223
vn -0.5386 -0.6898 0.4838
vn -0.5130 -0.7524 0.4132
vn -0.1381 -0.9904 0.0108
vn 0.1057 -0.9804 0.1662
vn -0.5725 -0.8191 0.0371
vn -0.2772 -0.7709 -0.5734
vn 0.2566 -0.7749 -0.5777
vn 0.0991 -0.8646 -0.4926
vn -0.9756 -0.1359 -0.1723
vn -0.9757 -0.1359 -0.1721
vn -0.9830 -0.1348 -0.1246
vn -0.9661 -0.1367 -0.2191
vn 0.3086 0.5860 0.7492
vn 0.1129 0.6354 0.7639
vn 0.0974 0.5397 0.8362
vn 0.4343 -0.8587 -0.2720
vn 0.4478 -0.8856 -0.1231
vn 0.4318 -0.8559 -0.2845
vn -0.2831 0.5215 0.8050
vn -0.0637 0.1317 0.9892
vn -0.3932 0.7177 0.5748
vn -0.4906 0.8659 -0.0972
vn -0.4485 0.7787 -0.4387
vn -0.4837 0.8582 0.1719
vn -0.3489 0.6081 -0.7131
vn 0.0449 -0.1279 -0.9908
vn 0.1458 -0.3238 -0.9348
vn -0.1697 0.2629 -0.9498
vn 0.2138 -0.4332 -0.8756
vn -0.1252 -0.9847 -0.1213
vn -0.2122 -0.9644 0.1577
vn -0.1290 -0.9207 -0.3683
vn -0.2321 -0.8785 0.4176
vn -0.7611 0.1873 0.6210
vn -0.9201 0.3743 0.1152
vn -0.6406 -0.0278 0.7674
vn 0.1879 -0.9186 -0.3476
vn 0.0525 -0.7968 -0.6020
vn 0.2404 -0.9256 -0.2925
vn -0.1523 -0.5428 -0.8259
vn -0.4741 0.1053 -0.8741
vn -0.4888 0.0920 -0.8676
vn -0.6004 0.7988 0.0377
vn -0.5979 0.7664 0.2347
vn -0.6062 0.7069 -0.3644
vn -0.4975 0.3556 0.7912
vn -0.5269 0.5491 0.6488
vn -0.2594 -0.1309 0.9568
vn 0.2508 -0.8899 0.3809
vn 0.1653 -0.7851 0.5969
vn 0.3002 -0.9387 0.1694
vn -0.4528 -0.8885 0.0741
vn -0.4478 -0.8856 -0.1231
vn -0.4100 -0.8056 0.4277
vn -0.3200 -0.6123 0.7229
vn 0.0637 0.1317 0.9892
vn -0.1135 -0.2165 0.9697
vn 0.2831 0.5215 0.8050
vn 0.4906 0.8659 -0.0972
vn 0.4837 0.8582 0.1719
vn 0.4485 0.7787 -0.4387
vn 0.1697 0.2629 -0.9498
vn -0.0452 -0.1278 -0.9908
vn 0.3489 0.6081 -0.7131
vn -0.1458 -0.3238 -0.9348
vn -0.2138 -0.4332 -0.8756
vn 0.2122 -0.9644 0.1577
vn 0.1252 -0.9847 -0.1214
vn 0.1290 -0.9207 -0.3683
vn 0.2321 -0.8785 0.4176
vn 0.9201 0.3743 0.1152
vn 0.7911 0.4430 -0.4217
vn 0.8614 0.4933 0.1214
vn -0.0525 -0.7968 -0.6020
vn -0.1879 -0.9186 -0.3476
vn -0.2404 -0.9256 -0.2925
vn 0.1522 -0.5428 -0.8259
vn 0.4741 0.1053 -0.8741
vn 0.4888 0.0920 -0.8676
vn 0.6062 0.7069 -0.3644
vn 0.5989 0.7999 0.0376
vn 0.6076 0.5921 -0.5294
vn 0.5980 0.7664 0.2347
vn -0.2508 -0.8899 0.3810
vn -0.3002 -0.9387 0.1694
vn -0.1653 -0.7851 0.5969
vn 0.1400 0.7216 -0.6780
vn 0.2550 0.6138 -0.7471
vn 0.2072 0.7642 -0.6107
vn 0.0094 0.6200 -0.7846
vn 0.5913 0.6942 -0.4104
vn 0.2161 0.8429 0.4928
vn 0.4761 0.5716 0.6683
vn -0.6419 0.6293 -0.4382
vn 0.4798 0.2692 0.8351
vn 0.7537 -0.2523 0.6069
vn 0.3130 0.2924 0.9036
vn 0.7095 -0.2965 0.6393
vn 0.9110 -0.4098 0.0465
vn -0.4782 -0.3271 -0.8151
vn -0.3346 -0.5578 -0.7596
vn -0.3717 -0.5736 -0.7300
vn -0.3688 0.1055 -0.9235
vn -0.4490 0.6474 0.6158
vn -0.3457 0.1325 0.9290
vn -0.2826 0.7345 0.6169
vn -0.4727 -0.3196 0.8212
vn -0.3225 -0.7017 0.6353
vn -0.3059 -0.8300 0.4664
vn -0.2307 -0.9729 0.0168
vn -0.3824 0.7115 0.5895
vn -0.3824 0.7115 0.5896
vn -0.4659 0.7368 0.4899
vn -0.2921 0.6737 0.6788
vn -0.1129 0.6354 0.7639
vn -0.0903 0.6236 0.7765
vn -0.1354 0.6467 0.7506
vn 0.9757 -0.1359 -0.1721
vn 0.9756 -0.1359 -0.1723
vn 0.9830 -0.1348 -0.1246
vn 0.9661 -0.1367 -0.2191
vn -0.0000 0.5572 0.8304
vn 0.1972 0.4597 0.8659
vn 0.3862 0.4774 0.7892
vn -0.0000 0.4849 0.8746
vn 0.3823 0.7115 0.5896
vn 0.3824 0.7115 0.5895
vn 0.4659 0.7368 0.4899
vn 0.2921 0.6737 0.6789
vn -0.1400 0.7216 -0.6780
vn -0.2072 0.7643 -0.6107
vn -0.2550 0.6138 -0.7471
vn -0.0094 0.6200 -0.7846
vn -0.2161 0.8429 0.4928
vn -0.5913 0.6942 -0.4104
vn -0.4761 0.5716 0.6683
vn 0.6419 0.6293 -0.4382
vn -0.4798 0.2692 0.8351
vn -0.2530 0.6815 0.6867
vn -0.3130 0.2924 0.9036
vn -0.7537 -0.2523 0.6069
vn -0.9110 -0.4098 0.0465
vn -0.7095 -0.2965 0.6393
vn -0.6629 -0.2923 -0.6893
vn -0.6702 -0.3475 -0.6557
vn -0.4856 -0.1663 -0.8582
vn 0.4782 -0.3271 -0.8151
vn 0.3346 -0.5578 -0.7596
vn 0.3688 0.1056 -0.9235
vn 0.4754 0.5502 -0.6865
vn 0.4180 0.7455 -0.5192
vn 0.3457 0.1325 0.9290
vn 0.4727 -0.3196 0.8212
vn 0.4490 0.6474 0.6158
vn 0.3059 -0.8300 0.4664
vn 0.3225 -0.7017 0.6353
vn 0.2307 -0.9729 0.0168
vn 0.2023 -0.9301 -0.3064
vn 0.2246 -0.9741 0.0268
vn 0.2851 0.5066 0.8137
vn 0.1125 0.1441 0.9831
vn 0.4479 0.7042 0.5509
vn 0.4935 0.8629 0.1093
vn 0.4975 0.7701 -0.3994
vn 0.3571 0.5840 -0.7290
vn 0.3051 0.4315 -0.8490
vn 0.2623 0.6271 -0.7335
vn 0.1402 0.4011 -0.9052
vn 0.2910 0.5957 -0.7486
vn 0.4912 0.8239 -0.2827
vn 0.4153 0.9059 0.0832
vn 0.5120 0.7966 0.3214
vn -0.0404 0.0044 0.9992
vn -0.0402 0.0924 0.9949
vn 0.2113 0.6010 0.7708
vn -0.4146 -0.5464 0.7277
vn -0.3593 -0.5982 0.7163
vn -0.4839 -0.8718 0.0758
vn -0.3946 -0.5832 -0.7101
vn -0.4904 -0.6019 -0.6302
vn -0.5445 -0.8227 -0.1637
vn 0.2139 0.6967 -0.6847
vn 0.1408 0.5213 -0.8417
vn 0.2080 0.4900 -0.8465
vn -0.1887 0.0466 0.9809
vn -0.0405 0.2332 0.9716
vn -0.6232 -0.7732 0.1172
vn -0.4888 -0.5258 0.6961
vn -0.2097 -0.3383 -0.9174
vn -0.3147 -0.2957 -0.9020
vn -0.4791 -0.5587 -0.6770
vn -0.2623 0.6271 -0.7335
vn -0.2910 0.5957 -0.7486
vn -0.1402 0.4011 -0.9052
vn -0.4912 0.8239 -0.2827
vn -0.4153 0.9059 0.0832
vn -0.5120 0.7966 0.3214
vn 0.0404 0.0044 0.9992
vn -0.2113 0.6010 0.7708
vn 0.0402 0.0924 0.9949
vn 0.4146 -0.5464 0.7277
vn 0.4839 -0.8718 0.0758
vn 0.3593 -0.5982 0.7163
vn 0.3946 -0.5832 -0.7101
vn 0.5445 -0.8226 -0.1637
vn 0.4904 -0.6019 -0.6302
vn -0.2139 0.6967 -0.6847
vn -0.2080 0.4900 -0.8465
vn -0.1408 0.5213 -0.8417
vn 0.2097 -0.3383 -0.9174
vn 0.4065 -0.6376 -0.6544
vn 0.4791 -0.5587 -0.6770
vn 0.3147 -0.2957 -0.9020
vn 0.1381 -0.9904 0.0108
vn -0.3569 -0.9297 -0.0912
vn 0.1635 0.6978 0.6974
vn 0.0991 0.4423 0.8914
vn 0.0405 0.2332 0.9716
vn -0.1635 0.6978 0.6974
vn -0.0991 0.4423 0.8914
vn 0.3569 -0.9297 -0.0912
vn 0.6232 -0.7732 0.1172
vn 0.4888 -0.5258 0.6962
vn -0.4754 0.5502 -0.6865
vn -0.4180 0.7455 -0.5192
vn -0.5963 0.7975 -0.0922
vn 0.5475 0.8228 0.1521
vn 0.2826 0.7345 0.6169
vn 0.3839 0.6108 0.6925
vn 0.3267 0.8849 0.3320
vn 0.3465 0.9380 0.0122
vn 0.3395 0.9406 -0.0028
vn -0.3465 0.9380 0.0122
vn -0.3267 0.8849 0.3320
vn -0.3395 0.9406 -0.0028
vn -0.3828 0.6114 0.6925
vn 0.1876 -0.9308 -0.3136
vn 0.2309 -0.9192 0.3189
vn 0.2821 -0.8416 0.4606
vn 0.1741 -0.8093 -0.5611
vn -0.3297 0.8922 -0.3086
vn -0.3314 0.8843 -0.3289
vn -0.0600 -0.8128 0.5794
vn -0.0279 -0.9993 0.0233
vn -0.2023 -0.9301 -0.3064
vn -0.1876 -0.9308 -0.3136
vn -0.2821 -0.8416 0.4606
vn -0.2309 -0.9192 0.3189
vn 0.3297 0.8640 0.3804
vn -0.1697 0.5507 -0.8172
vn -0.1742 -0.8092 -0.5611
vn 0.0279 -0.9993 0.0233
vn 0.0268 -0.8873 -0.4604
vn 0.0600 -0.8128 0.5794
vn 0.1697 0.5507 -0.8172
vn 0.5963 0.7975 -0.0922
vn 0.8832 -0.3994 -0.2459
vn 0.6629 -0.2923 -0.6893
vn 0.2530 0.6815 0.6867
vn 0.3752 0.7116 0.5940
vn 0.6702 -0.3475 -0.6558
vn -0.8832 -0.3994 -0.2459
vn -0.3752 0.7116 0.5941
vn 0.5386 -0.6898 0.4838
vn 0.1106 -0.8607 0.4970
vn -0.3297 0.8640 0.3804
vn -0.0278 -0.8874 -0.4602
vn 0.6236 -0.7721 -0.1223
vn 0.3932 0.7177 0.5748
vn 0.3297 0.8922 -0.3086
vn 0.3314 0.8843 -0.3289
vn 0.3200 -0.6123 0.7229
vn 0.1135 -0.2165 0.9697
vn 0.4100 -0.8056 0.4277
vn -0.0853 -0.4222 0.9025
vn 0.0531 -0.9984 0.0171
vn 0.4528 -0.8885 0.0741
vn -0.1106 -0.8607 0.4970
vn 0.1887 0.0466 0.9809
vn 0.1042 0.4491 0.8874
vn 0.4012 0.5314 0.7461
vn -0.2246 -0.9741 0.0268
vn 0.3435 -0.2587 -0.9028
vn 0.3857 -0.5335 -0.7527
vn 0.2719 -0.3055 -0.9125
vn -0.5326 -0.5189 -0.6687
vn 0.3717 -0.5736 -0.7300
vn -0.5475 0.8228 0.1521
vn 0.5326 -0.5189 -0.6687
vn -0.3435 -0.2588 -0.9028
vn 0.6600 0.5804 0.4770
vn 0.6672 0.6054 0.4340
vn -0.0198 -0.8361 0.5483
vn 0.1300 0.4936 0.8599
vn 0.5791 0.4903 0.6514
vn 0.3207 0.5301 0.7850
vn -0.4065 -0.6376 -0.6544
vn -0.1055 -0.1529 0.9826
vn -0.2186 -0.3615 0.9064
vn -0.2669 0.2542 -0.9296
vn -0.0000 0.2638 -0.9646
vn -0.0000 0.0995 -0.9950
vn 0.2669 0.2542 -0.9296
vn 0.0853 -0.4222 0.9025
vn 0.7611 0.1873 0.6210
vn 0.6406 -0.0278 0.7674
vn 0.5269 0.5491 0.6488
vn 0.4976 0.3556 0.7912
vn 0.2571 -0.1298 0.9576
vn -0.8614 0.4933 0.1214
vn -0.7911 0.4430 -0.4217
vn -0.6076 0.5921 -0.5294
vn 0.1009 0.5222 0.8468
vn 0.1354 0.6467 0.7506
vn 0.4856 -0.1663 -0.8582
vn 0.4185 -0.1768 -0.8909
vn -0.2559 -0.2786 -0.9257
vn -0.4185 -0.1768 -0.8909
vn -0.3190 0.9478 -0.0028
vn 0.0840 0.8500 0.5200
vn -0.3145 0.4036 -0.8592
vn 0.7419 0.4622 0.4857
vn 0.3190 0.9478 -0.0028
vn -0.1972 0.4597 0.8659
vn -0.0840 0.8500 0.5200
vn 0.4857 -0.8737 0.0259
vn -0.4857 -0.8737 0.0259
vn -0.2887 -0.4038 0.8681
vn 0.2590 0.4085 -0.8753
vn -0.3229 0.4224 0.8470
vn 0.8568 0.2653 0.4421
vn -0.8568 0.2652 0.4421
vn 0.0950 0.8688 -0.4860
vn 0.2559 -0.2786 -0.9257
vn -0.0663 0.4705 -0.8799
vn 0.8144 0.3856 0.4337
vn 0.2942 -0.9391 0.1773
vn -0.7229 0.2897 -0.6273
vn 0.7229 0.2897 -0.6273
vn 0.3266 -0.6793 0.6572
vn -0.3857 -0.5335 -0.7527
vn -0.2719 -0.3055 -0.9125
vn 0.0663 0.4705 -0.8799
vn 0.1861 0.5419 -0.8196
vn 0.3145 0.4036 -0.8592
vn -0.1861 0.5419 -0.8196
vn -0.4343 -0.8587 -0.2720
vn -0.3862 0.4774 0.7892
vn -0.0950 0.8688 -0.4860
vn -0.3266 -0.6793 0.6572
vn 0.7182 0.3098 -0.6231
vn -0.2942 -0.9391 0.1773
vn -0.4318 -0.8559 -0.2845
vn -0.7182 0.3097 -0.6231
vn -0.4531 0.3214 0.8315
vn 0.6073 -0.3231 -0.7258
vn 0.6109 -0.1176 -0.7829
vn 0.3011 0.0366 -0.9529
vn -0.9995 -0.0306 0.0053
vn -0.9983 -0.0547 -0.0177
vn -0.9805 -0.1262 -0.1508
vn -0.9964 0.0175 0.0833
vn -0.9986 0.0170 0.0506
vn 0.9390 0.0017 0.3438
vn 0.6411 -0.0797 0.7633
vn 0.8533 0.1520 0.4988
vn 0.7473 0.4169 0.5173
vn 0.8023 0.4649 0.3745
vn 0.8242 0.4477 0.3468
vn 0.4447 0.0376 0.8949
vn 0.2639 -0.0376 0.9638
vn -0.0000 0.3711 -0.9286
vn -0.3834 0.3427 -0.8576
vn -0.3819 0.4650 -0.7987
vn 0.3834 0.3427 -0.8576
vn -0.0000 0.2313 -0.9729
vn -0.0378 0.2804 0.9591
vn -0.0377 0.2804 0.9591
vn -0.5799 0.3532 0.7342
vn -0.0000 0.1280 0.9918
vn -0.0000 0.0838 -0.9965
vn -0.8382 0.0529 -0.5428
vn -0.0000 0.1555 -0.9878
vn -0.8355 -0.0177 -0.5492
vn -0.9930 0.0482 0.1077
vn -0.9879 0.1161 0.1028
vn -0.6837 0.0652 0.7268
vn -0.6952 -0.0203 0.7185
vn -0.0000 0.0770 0.9970
vn 0.6837 0.0652 0.7268
vn -0.0000 0.1791 0.9838
vn 0.8382 0.0529 -0.5428
vn 0.9930 0.0482 0.1077
vn 0.8355 -0.0177 -0.5492
vn -0.8354 0.1475 -0.5294
vn -0.3364 -0.2976 -0.8935
vn -0.3613 -0.1475 -0.9207
vn -0.7998 -0.2682 -0.5370
vn -0.9462 -0.1515 -0.2858
vn -0.4447 0.0376 0.8949
vn -0.2639 -0.0376 0.9638
vn -0.6411 -0.0796 0.7633
vn -0.8533 0.1520 0.4988
vn -0.7112 0.3878 0.5864
vn -0.4368 0.2503 0.8640
vn -0.9380 -0.0340 0.3450
vn -0.9847 -0.0829 0.1535
vn -0.6048 0.2565 0.7539
vn -0.9111 0.2168 0.3506
vn -0.8012 0.1074 -0.5886
vn -0.9946 0.0702 -0.0762
vn -0.9943 0.0519 -0.0929
vn -0.1879 -0.1406 0.9721
vn 0.0321 -0.1464 0.9887
vn 0.5082 -0.0582 0.8593
vn -0.6250 -0.1636 0.7633
vn -0.7031 -0.1435 0.6964
vn -0.8270 -0.1673 0.5368
vn -0.0000 0.2879 -0.9577
vn -0.3958 0.2644 -0.8795
vn -0.3849 0.2528 -0.8876
vn -0.0000 0.3019 -0.9533
vn 0.8464 0.3476 -0.4033
vn 0.8784 0.4248 0.2191
vn 0.6423 0.3102 -0.7009
vn 0.7936 0.2898 0.5350
vn 0.6298 0.4242 0.6507
vn 0.5497 0.7720 0.3191
vn 0.9983 -0.0547 -0.0177
vn 0.9995 -0.0306 0.0053
vn 0.9805 -0.1262 -0.1508
vn 0.9785 -0.0847 0.1880
vn 0.9854 0.0620 0.1588
vn 0.9265 0.1587 0.3412
vn 0.6598 0.1138 0.7428
vn 0.9554 -0.2828 -0.0854
vn 0.9579 -0.2777 -0.0726
vn 0.9356 -0.2480 -0.2514
vn -0.0000 0.4646 0.8855
vn -0.0000 0.3666 0.9304
vn 0.6251 0.7805 0.0101
vn 0.6251 0.7805 0.0100
vn 0.4517 0.8854 0.1097
vn 0.7666 0.6357 -0.0902
vn 0.5475 0.7633 0.3429
vn 0.5474 0.7634 0.3429
vn 0.4267 0.8401 0.3349
vn 0.6570 0.6709 0.3440
vn 0.0377 0.2804 0.9591
vn 0.0378 0.2804 0.9591
vn 0.5799 0.3532 0.7342
vn 0.7998 -0.2682 -0.5370
vn 0.8354 0.1475 -0.5294
vn 0.3180 -0.2840 -0.9045
vn 0.4074 0.6318 -0.6594
vn 0.3763 0.8136 -0.4433
vn 0.3817 0.4526 -0.8059
vn 0.7772 0.4311 -0.4584
vn 0.9354 0.3469 -0.0683
vn 0.5803 0.7709 -0.2624
vn -0.0223 0.1286 -0.9914
vn 0.2366 0.2816 -0.9299
vn 0.2590 -0.0386 -0.9651
vn -0.0330 -0.1457 -0.9888
vn -0.0000 -0.1927 -0.9813
vn -0.0000 -0.2133 -0.9770
vn 0.3613 -0.1475 -0.9207
vn 0.6660 0.2185 0.7132
vn 0.7031 -0.1435 0.6964
vn 0.1879 -0.1406 0.9721
vn 0.7876 0.3616 0.4989
vn 0.6581 0.6033 0.4505
vn 0.7053 0.6889 0.1675
vn 0.8170 -0.0610 -0.5734
vn 0.9010 0.0727 -0.4276
vn 0.2883 0.5020 0.8154
vn 0.2833 0.2172 0.9341
vn 0.3683 0.7896 0.4907
vn 0.3853 0.4995 0.7759
vn 0.3977 0.9142 0.0781
vn -0.2025 -0.2971 -0.9331
vn -0.3178 -0.5391 -0.7800
vn -0.1894 -0.3069 -0.9327
vn -0.3573 -0.6530 -0.6678
vn -0.0990 -0.2587 0.9609
vn 0.0362 -0.1345 0.9902
vn -0.3064 -0.7088 0.6354
vn 0.5169 0.8527 0.0761
vn 0.5165 0.8545 -0.0551
vn 0.3931 0.5765 0.7163
vn 0.4179 0.6415 -0.6433
vn 0.5020 0.7772 -0.3795
vn 0.4049 0.6217 -0.6705
vn -0.4965 -0.8679 0.0150
vn -0.5182 -0.7859 0.3373
vn -0.3938 -0.7239 0.5665
vn -0.3845 -0.7043 -0.5968
vn 0.1629 0.2762 -0.9472
vn 0.2031 0.4082 -0.8900
vn 0.0225 0.8889 -0.4575
vn -0.0032 0.8292 -0.5590
vn -0.0078 0.5384 -0.8427
vn 0.0590 0.9981 0.0198
vn 0.0712 0.9975 -0.0049
vn 0.0895 0.9068 0.4120
vn -0.1916 0.2972 -0.9354
vn 0.9472 0.1933 0.2560
vn 0.9847 -0.0829 0.1535
vn 0.9462 -0.1515 -0.2858
vn -0.7982 0.1290 -0.5885
vn -0.0000 0.1206 -0.9927
vn -0.0000 0.1042 -0.9946
vn 0.7874 0.5275 -0.3189
vn 0.8320 0.4970 -0.2467
vn 0.8330 0.5141 -0.2045
vn -0.0000 0.2173 -0.9761
vn 0.3462 0.3930 -0.8519
vn -0.0000 0.5985 -0.8011
vn -0.8347 0.4389 0.3327
vn -0.4609 0.5836 -0.6686
vn -0.7596 0.5313 -0.3752
vn -0.3462 0.3930 -0.8519
vn 0.9879 0.1161 0.1028
vn 0.8012 0.1074 -0.5886
vn -0.4802 -0.8663 -0.1374
vn 0.9371 -0.2365 -0.2568
vn -0.6598 -0.3341 -0.6731
vn 0.1215 0.8067 0.5783
vn 0.3362 0.9408 0.0426
vn 0.4609 0.5836 -0.6686
vn 0.7330 0.3548 0.5804
vn 0.6460 0.5632 0.5153
vn 0.6621 0.5371 0.5226
vn 0.6952 -0.0203 0.7185
vn 0.9943 0.0519 -0.0929
vn 0.7941 0.4048 0.4533
vn 0.3819 0.4650 -0.7987
vn 0.2670 0.2923 0.9183
vn 0.4323 -0.7990 0.4179
vn -0.7923 0.4311 0.4318
vn -0.4330 0.5088 0.7440
vn -0.1526 0.4800 0.8639
vn 0.0862 -0.1339 0.9872
vn -0.2207 0.2866 0.9323
vn 0.2098 0.4108 0.8873
vn 0.5742 0.2263 0.7868
vn 0.1901 0.4777 0.8577
vn 0.8937 0.2629 0.3635
vn 0.8909 0.2646 0.3692
vn 0.4368 0.2503 0.8640
vn 0.2825 0.1175 0.9520
vn 0.2644 0.2011 0.9432
vn -0.2825 0.1175 0.9520
vn -0.2644 0.2011 0.9432
vn 0.0600 0.1895 0.9800
vn 0.2144 0.0718 0.9741
vn 0.0540 0.0498 0.9973
vn 0.0701 0.0797 0.9944
vn -0.0711 0.0773 0.9945
vn -0.0000 0.1846 0.9828
vn -0.5272 -0.8445 -0.0943
vn -0.0761 0.1657 0.9832
vn 0.0603 0.0895 0.9942
vn -0.2265 0.0799 0.9707
vn 0.3559 0.8075 -0.4704
vn 0.3538 0.7082 -0.6109
vn 0.2616 0.4329 -0.8626
vn 0.1330 0.1897 -0.9728
vn 0.2937 0.4237 -0.8569
vn -0.1919 -0.3480 -0.9177
vn 0.1956 0.5245 0.8286
vn 0.1862 0.5291 0.8279
vn 0.8605 0.3501 0.3702
vn 0.4531 0.3214 0.8315
vn -0.9472 0.1933 0.2560
vn 0.6109 -0.1938 -0.7677
vn 0.5040 0.1119 -0.8564
vn 0.0961 0.3716 -0.9234
vn 0.1916 0.2972 -0.9354
vn 0.4619 0.7048 0.5385
vn 0.4619 0.7048 0.5384
vn 0.4461 0.7030 0.5539
vn 0.4775 0.7062 0.5227
vn 0.1640 0.2094 0.9640
vn -0.0321 -0.1464 0.9887
vn 0.2883 0.5021 0.8154
vn 0.1614 0.6693 0.7252
vn -0.8308 0.4880 -0.2677
vn 0.8882 -0.2262 0.3999
vn 0.2269 0.0587 0.9722
vn 0.0039 0.0543 0.9985
vn 0.1122 0.0538 0.9922
vn -0.2078 0.0946 0.9736
vn -0.2119 0.0581 0.9756
vn -0.2086 0.0647 0.9759
vn -0.2176 0.0580 0.9743
vn -0.2198 0.0657 0.9733
vn -0.2234 0.0582 0.9730
vn -0.2198 0.0655 0.9733
vn 0.2932 0.4201 -0.8588
vn -0.1894 -0.3068 -0.9327
vn -0.1762 -0.3233 -0.9298
vn 0.7942 0.4048 0.4532
vn -0.5082 -0.0582 0.8593
vn 0.5251 0.4483 0.7234
vn 0.9062 0.1737 -0.3855
vn -0.9062 0.1737 -0.3855
vn -0.2153 0.0514 0.9752
vn -0.2270 0.0512 0.9726
vn 0.8925 0.2206 0.3935
vn 0.4506 0.6524 -0.6093
vn 0.5709 -0.6851 -0.4524
vn -0.0235 -0.1747 -0.9843
vn 0.5417 -0.0000 0.8406
vn -0.2266 0.3315 -0.9159
vn -0.9982 -0.0447 0.0410
vn 0.1832 -0.6468 0.7403
vn -0.1045 0.3765 0.9205
vn 0.9466 -0.3224 -0.0064
vn 0.2206 0.3949 -0.8918
vn 0.6598 -0.5741 -0.4849
vn 0.0386 0.2636 -0.9639
vn 0.0235 -0.1746 -0.9844
vn -0.2771 0.4097 -0.8691
vn 0.4239 0.3576 0.8321
vn 0.2324 0.3407 0.9110
vn 0.2572 0.3601 0.8968
vn 0.6787 0.3858 0.6250
vn 0.7337 0.3821 0.5619
vn 0.8089 0.4209 0.4106
vn 0.0149 0.4173 -0.9087
vn 0.0149 0.4173 -0.9086
vn 0.0687 0.3808 -0.9221
vn -0.0389 0.4520 -0.8912
vn 0.3087 0.4266 -0.8501
vn 0.1509 0.4723 -0.8685
vn 0.2882 0.4996 -0.8169
vn 0.6577 0.3635 -0.6598
vn 0.6273 0.4446 -0.6394
vn 0.8618 0.4216 -0.2820
vn 0.9326 0.3592 0.0339
vn 0.9070 0.3531 -0.2296
vn 0.7983 0.3533 0.4877
vn 0.7855 0.3873 0.4827
vn 0.8040 0.3223 0.4997
vn 0.7900 0.3293 0.5171
vn 0.4686 0.2939 0.8331
vn 0.4598 0.2925 0.8385
vn 0.4918 0.2917 0.8204
vn 0.5615 0.2643 0.7841
vn 0.1128 0.5178 -0.8480
vn 0.1666 0.5035 -0.8477
vn 0.2294 0.3038 -0.9247
vn 0.1651 0.3144 -0.9348
vn 0.2960 0.2561 -0.9202
vn 0.3143 0.2136 -0.9250
vn 0.2296 0.2769 0.9331
vn 0.2167 0.2811 0.9349
vn 0.8453 0.0997 0.5249
vn 0.9366 0.0232 0.3496
vn 0.9305 -0.0231 0.3655
vn 0.3462 0.2883 0.8928
vn 0.1691 0.3859 0.9069
vn 0.3079 0.2355 0.9218
vn 0.9474 -0.0172 -0.3197
vn 0.9486 -0.0058 -0.3165
vn 0.9461 -0.0286 -0.3227
vn 0.9376 0.2990 0.1778
vn -0.1518 0.0236 0.9881
vn 0.7095 0.2838 0.6450
vn -0.8315 0.0046 -0.5555
vn -0.0000 0.0333 -0.9994
vn -0.0000 0.0556 -0.9985
vn -0.8345 0.2163 -0.5069
vn -0.9991 -0.0052 0.0430
vn -0.9956 -0.0217 0.0912
vn -0.7156 -0.1464 0.6830
vn -0.9178 0.0715 0.3906
vn -0.0000 -0.2270 0.9739
vn 0.7156 -0.1464 0.6830
vn 0.9971 -0.0099 0.0759
vn 0.8315 0.0046 -0.5555
vn 0.8237 -0.0037 -0.5670
vn -0.1793 0.1132 0.9773
vn -0.1794 0.1132 0.9773
vn -0.0977 0.1748 0.9797
vn -0.2591 0.0504 0.9645
vn 0.1538 0.1810 -0.9714
vn 0.1546 0.1220 -0.9804
vn 0.1524 0.2392 -0.9589
vn 0.7362 0.2913 -0.6108
vn 0.8390 0.2408 -0.4880
vn 0.6073 0.3313 -0.7221
vn 0.8678 0.1143 -0.4837
vn 0.9728 0.1792 0.1469
vn 0.9650 0.2289 -0.1283
vn 0.9964 0.0573 -0.0625
vn 0.9063 0.1167 0.4062
vn 0.9548 0.2737 0.1159
vn 0.9084 0.1089 0.4036
vn 0.6941 0.2662 0.6688
vn 0.6942 0.2662 0.6688
vn 0.5737 0.4176 0.7046
vn 0.7877 0.1045 0.6071
vn 0.3526 0.1425 0.9249
vn 0.4278 -0.0832 0.9000
vn 0.7483 0.5263 -0.4038
vn 0.7797 0.5301 -0.3333
vn 0.6089 0.4933 -0.6212
vn 0.2368 0.4746 -0.8477
vn 0.1399 0.4803 -0.8659
vn 0.4389 0.5011 -0.7459
vn 0.1000 0.4612 -0.8817
vn 0.6893 0.1500 0.7088
vn 0.2704 0.3350 -0.9026
vn 0.8283 0.5421 -0.1414
vn 0.2035 0.4267 0.8812
vn 0.3898 0.3604 0.8474
vn 0.0710 0.2866 -0.9554
vn -0.4163 -0.0429 -0.9082
vn -0.0000 -0.2029 0.9792
vn 0.1991 -0.7634 -0.6145
vn 0.9956 -0.0217 0.0913
vn -0.8237 -0.0038 -0.5671
vn 0.0586 0.5304 -0.8457
vn 0.9001 0.4330 0.0480
vn -0.5417 -0.0000 0.8406
vn 0.4916 0.3038 -0.8162
vn -0.9343 -0.2035 -0.2927
vn -0.9959 0.0507 0.0746
vn 0.2722 0.1470 -0.9510
vn 0.5106 0.2394 -0.8258
vn 0.1059 0.3070 -0.9458
vn 0.1384 0.3801 -0.9145
vn 0.2424 0.2727 0.9311
vn 0.4800 0.2800 0.8314
vn 0.7676 0.4225 0.4819
vn 0.7504 0.4307 0.5013
vn 0.8633 0.4665 -0.1925
vn 0.8948 0.4463 0.0126
vn 0.5784 0.4866 -0.6547
vn 0.5365 0.2608 0.8026
vn 0.4129 0.5089 -0.7553
vn -0.9723 0.0181 -0.2332
vn -0.0735 -0.9333 0.3515
vn -0.9010 0.0727 -0.4276
vn -0.0415 0.3021 -0.9524
vn -0.8023 0.4649 0.3745
vn -0.9265 0.1587 0.3412
vn -0.9909 0.0527 0.1237
vn -0.9735 0.0844 0.2124
vn -0.7141 0.2069 0.6688
vn -0.4324 0.2542 0.8651
vn -0.7330 0.3548 0.5804
vn -0.1962 -0.0126 0.9805
vn -0.6765 0.3551 -0.6452
vn -0.7527 0.3830 -0.5355
vn -0.6432 0.4118 -0.6455
vn -0.3643 0.3912 -0.8451
vn -0.1627 0.3080 -0.9374
vn -0.3304 0.3254 -0.8860
vn -0.1695 0.3818 -0.9086
vn -0.1538 0.1810 -0.9714
vn -0.1546 0.1220 -0.9804
vn -0.1524 0.2392 -0.9589
vn -0.6073 0.3313 -0.7221
vn -0.4916 0.3038 -0.8162
vn -0.5106 0.2394 -0.8258
vn -0.7362 0.2913 -0.6108
vn -0.9650 0.2289 -0.1283
vn -0.9649 0.2290 -0.1283
vn -0.9964 0.0573 -0.0625
vn -0.8999 0.3926 -0.1897
vn -0.6251 0.7805 0.0100
vn -0.6251 0.7805 0.0101
vn -0.4517 0.8854 0.1097
vn -0.7666 0.6357 -0.0902
vn -0.5474 0.7634 0.3429
vn -0.5475 0.7633 0.3429
vn -0.4267 0.8401 0.3349
vn -0.6570 0.6709 0.3440
vn -0.7732 0.5256 -0.3548
vn -0.7797 0.5301 -0.3333
vn -0.8311 0.5285 -0.1730
vn -0.6089 0.4933 -0.6212
vn -0.4389 0.5011 -0.7459
vn -0.2368 0.4746 -0.8477
vn -0.1399 0.4803 -0.8659
vn -0.1000 0.4612 -0.8817
vn -0.8784 0.4248 0.2191
vn -0.9365 0.3380 -0.0934
vn -0.9419 0.3084 -0.1328
vn -0.9120 0.2459 0.3284
vn -0.7063 0.4669 0.5320
vn -0.5497 0.7720 0.3191
vn -0.6621 0.5371 0.5226
vn -0.6460 0.5632 0.5153
vn -0.7173 0.4675 0.5165
vn -0.6092 0.5612 0.5603
vn -0.6581 0.6033 0.4505
vn -0.6809 0.5968 0.4245
vn -0.7053 0.6889 0.1675
vn -0.4074 0.6318 -0.6594
vn -0.3817 0.4527 -0.8059
vn -0.3763 0.8136 -0.4433
vn -0.2590 -0.0386 -0.9651
vn 0.0223 0.1286 -0.9914
vn 0.0661 -0.0893 -0.9938
vn -0.2366 0.2816 -0.9299
vn -0.6881 0.6601 -0.3014
vn -0.5803 0.7709 -0.2624
vn -0.5814 0.8128 -0.0353
vn -0.2622 -0.2424 -0.9341
vn -0.5790 -0.1207 -0.8063
vn -0.0961 0.3716 -0.9234
vn -0.8390 0.2408 -0.4880
vn -0.8678 0.1143 -0.4837
vn -0.8525 0.3084 -0.4220
vn -0.8330 0.5141 -0.2045
vn -0.5040 0.1119 -0.8564
vn -0.5963 0.4411 -0.6707
vn -0.6774 0.3852 -0.6267
vn -0.2980 0.4736 -0.8288
vn -0.8925 0.2206 0.3935
vn -0.9100 0.4146 0.0040
vn 0.7162 0.0838 0.6928
vn 0.9555 0.0633 0.2882
vn 0.9151 0.1259 0.3830
vn -0.7162 0.0838 0.6928
vn -0.9555 0.0633 0.2882
vn -0.9819 -0.0001 0.1892
vn -0.5823 0.1384 0.8011
vn -0.5158 0.2905 0.8059
vn -0.5094 0.2675 0.8179
vn -0.5465 0.2777 0.7901
vn -0.4883 0.2495 0.8363
vn 0.2603 0.2555 0.9311
vn 0.2479 0.2743 0.9292
vn 0.2139 0.2865 0.9339
vn 0.3272 0.1993 0.9237
vn -0.3107 0.2738 0.9102
vn -0.3232 0.2473 0.9135
vn -0.2794 0.2864 0.9165
vn -0.3372 0.2205 0.9153
vn -0.8032 0.3432 0.4869
vn -0.8030 0.3433 0.4872
vn -0.7946 0.3475 0.4978
vn -0.7906 0.3495 0.5029
vn -0.0000 0.2523 0.9677
vn -0.0000 0.2326 0.9726
vn -0.0010 0.2120 0.9773
vn 0.7141 -0.0866 -0.6947
vn 0.9755 -0.0401 -0.2162
vn 0.9484 0.0168 -0.3167
vn -0.9755 -0.0401 -0.2162
vn -0.7141 -0.0866 -0.6947
vn -0.9484 0.0168 -0.3167
vn -0.4781 -0.3771 -0.7932
vn -0.2311 -0.2221 -0.9472
vn -0.1085 -0.0518 -0.9927
vn -0.8160 -0.0395 -0.5767
vn -0.7876 0.0400 -0.6149
vn -0.9726 0.1140 -0.2025
vn -0.9853 -0.0309 -0.1682
vn 0.8160 -0.0395 -0.5767
vn 0.9726 0.1140 -0.2025
vn 0.9853 -0.0309 -0.1682
vn 0.2311 -0.2221 -0.9472
vn 0.7875 0.0403 -0.6150
vn 0.1085 -0.0519 -0.9927
vn -0.3987 0.0199 0.9168
vn -0.6980 0.0893 0.7105
vn -0.6650 -0.0022 0.7468
vn -0.0857 0.0990 0.9914
vn -0.6297 0.3982 -0.6670
vn -0.2574 0.3430 -0.9034
vn -0.7238 0.5053 -0.4698
vn -0.8419 0.3511 -0.4099
vn -0.8117 0.0575 -0.5813
vn 0.0737 -0.9146 -0.3976
vn -0.0000 -0.9745 -0.2244
vn -0.0000 -0.6595 -0.7517
vn 0.0473 -0.2365 -0.9705
vn -0.0000 0.1607 -0.9870
vn 0.2574 0.3430 -0.9034
vn 0.6297 0.3982 -0.6670
vn 0.7238 0.5053 -0.4698
vn 0.7014 0.1735 0.6913
vn 0.8463 0.1960 0.4954
vn 0.8641 0.3225 0.3863
vn 0.0196 -0.2938 0.9557
vn -0.0000 -0.1216 0.9926
vn -0.1321 -0.4516 0.8824
vn -0.1203 -0.8640 0.4888
vn -0.1950 -0.9263 0.3224
vn -0.7014 0.1735 0.6913
vn -0.8463 0.1960 0.4954
vn -0.4172 -0.0328 0.9082
vn 0.1794 0.1132 0.9773
vn 0.1793 0.1132 0.9773
vn 0.0977 0.1748 0.9797
vn 0.2591 0.0504 0.9645
vn -0.9063 0.1167 0.4062
vn -0.9084 0.1089 0.4036
vn -0.9041 0.1246 0.4087
vn -0.6941 0.2662 0.6688
vn -0.5737 0.4176 0.7046
vn -0.7877 0.1045 0.6071
vn -0.3526 0.1425 0.9249
vn -0.2572 0.3601 0.8968
vn -0.4278 -0.0832 0.9000
vn -0.7337 0.3821 0.5619
vn -0.6787 0.3858 0.6250
vn -0.8089 0.4209 0.4106
vn -0.4239 0.3576 0.8321
vn -0.3898 0.3604 0.8474
vn -0.2324 0.3407 0.9110
vn 0.8419 0.3511 -0.4099
vn 0.8117 0.0575 -0.5813
vn 0.4781 -0.3771 -0.7932
vn -0.0737 -0.9146 -0.3975
vn -0.2605 -0.9621 -0.0802
vn 0.6980 0.0893 0.7105
vn 0.3987 0.0199 0.9168
vn 0.6650 -0.0022 0.7468
vn 0.9819 -0.0001 0.1892
vn -0.0473 -0.2365 -0.9705
vn 0.4172 -0.0328 0.9082
vn 0.0857 0.0990 0.9914
vn 0.3546 0.1301 0.9259
vn -0.8641 0.3225 0.3863
vn -0.0000 -0.9796 0.2010
vn -0.8908 0.2561 -0.3754
vn -0.9472 0.2461 -0.2055
vn -0.4198 0.2072 0.8837
vn -0.7426 0.2610 0.6168
vn 0.4198 0.2072 0.8837
vn 0.7426 0.2610 0.6168
vn 0.8908 0.2561 -0.3754
vn 0.9472 0.2461 -0.2055
vn -0.0581 -0.9779 0.2007
vn 0.2605 -0.9621 -0.0802
vn 0.2274 -0.4602 -0.8582
vn -0.2274 -0.4602 -0.8582
vn 0.5688 -0.0760 -0.8190
vn -0.5688 -0.0760 -0.8190
vn -0.7784 0.3549 0.5179
vn -0.4896 0.2226 0.8430
vn -0.4838 0.2242 0.8460
vn -0.3347 0.2001 0.9208
vn -0.0016 0.1917 0.9815
vn -0.0031 0.1904 0.9817
vn 0.3878 0.1638 0.9071
vn 0.3705 0.1579 0.9153
vn -0.3221 0.2066 0.9239
vn 0.2490 0.2051 0.9465
vn -0.0222 0.2923 -0.9561
vn 0.3139 -0.5644 -0.7635
vn 0.2046 -0.3365 -0.9192
vn 0.1861 -0.3110 -0.9320
vn 0.5021 -0.8647 -0.0124
vn 0.4837 -0.8527 -0.1975
vn 0.3307 -0.6840 0.6502
vn 0.1084 -0.2264 0.9680
vn 0.3587 -0.6310 0.6879
vn -0.3663 0.4714 0.8022
vn -0.3274 0.4835 0.8118
vn -0.0862 -0.1339 0.9872
vn -0.4981 0.7982 0.3388
vn -0.5061 0.8568 0.0990
vn -0.5538 0.8203 0.1429
vn -0.3559 0.8075 -0.4704
vn -0.3538 0.7082 -0.6109
vn -0.3977 0.9142 0.0781
vn -0.3362 0.9408 0.0426
vn -0.9369 0.3472 -0.0413
vn -0.9270 0.3746 -0.0176
vn -0.9452 0.3067 -0.1116
vn -0.9131 0.4066 0.0294
vn -0.4035 0.6280 -0.6655
vn -0.4149 0.6654 -0.6206
vn -0.3078 0.4476 -0.8396
vn 0.3958 -0.7139 -0.5776
vn -0.3958 0.8390 0.3734
vn -0.4568 0.7478 0.4818
vn -0.5224 0.8468 0.1002
vn 0.0193 -0.2286 0.9733
vn -0.2887 0.4272 -0.8568
vn -0.2616 0.4329 -0.8626
vn 0.1762 -0.3233 -0.9298
vn -0.2932 0.4201 -0.8588
vn -0.9034 0.4277 0.0295
vn -0.4506 0.6524 -0.6093
vn -0.6073 -0.3231 -0.7258
vn -0.4711 -0.1787 -0.8638
vn -0.6952 -0.1920 -0.6927
vn -0.3011 0.0366 -0.9529
vn -0.1629 0.2762 -0.9472
vn -0.2031 0.4082 -0.8900
vn -0.9206 -0.2503 0.2999
vn -0.8882 -0.2262 0.3999
vn -0.9554 -0.2828 -0.0855
vn -0.9579 -0.2777 -0.0726
vn -0.9356 -0.2480 -0.2514
vn 0.0032 0.8292 -0.5590
vn -0.0225 0.8889 -0.4575
vn 0.0078 0.5384 -0.8427
vn -0.0590 0.9981 0.0199
vn -0.0895 0.9068 0.4120
vn -0.0712 0.9975 -0.0049
vn -0.1323 0.6947 0.7071
vn -0.1217 0.8067 0.5783
vn -0.1614 0.6693 0.7252
vn -0.3228 0.3350 0.8852
vn -0.2955 0.6522 0.6981
vn -0.5307 -0.0621 0.8453
vn -0.9371 -0.2365 -0.2568
vn -0.5308 -0.0621 0.8452
vn 0.1329 0.1327 0.9822
vn -0.3017 0.4632 0.8334
vn 0.5347 -0.5991 0.5959
vn 0.4985 -0.8491 0.1746
vn 0.1431 -0.9692 -0.2002
vn 0.1150 -0.9904 0.0765
vn 0.4509 -0.7727 -0.4468
vn -0.0107 0.3964 -0.9180
vn 0.3286 -0.1096 -0.9381
vn 0.2056 -0.8942 -0.3976
vn 0.0478 0.5076 0.8603
vn -0.0247 0.5373 0.8430
vn 0.0485 0.3378 0.9400
vn -0.8871 -0.2810 0.3663
vn -0.3725 0.2370 0.8973
vn -0.2834 0.8768 0.3884
vn 0.2115 -0.7199 -0.6611
vn -0.3707 0.8826 -0.2891
vn -0.3942 0.9042 -0.1646
vn -0.3725 0.2369 0.8973
vn -0.3842 0.9232 -0.0013
vn -0.3442 0.6784 0.6491
vn -0.3745 0.7811 -0.4996
vn -0.1322 0.3856 -0.9131
vn -0.6002 -0.7252 -0.3374
vn 0.0239 -0.9754 0.2190
vn -0.3720 -0.9060 0.2020
vn -0.0422 -0.9840 0.1734
vn 0.5452 -0.8298 0.1193
vn 0.4749 -0.8718 0.1201
vn 0.5522 -0.8143 0.1790
vn 0.0094 -0.1150 -0.9933
vn -0.3364 0.3053 -0.8909
vn -0.0177 -0.1240 -0.9921
vn -0.6796 0.7140 0.1681
vn -0.4891 0.5324 0.6909
vn -0.2106 0.0340 0.9770
vn 0.5761 -0.7908 0.2068
vn -0.0428 -0.1801 -0.9827
vn -0.3964 0.3261 -0.8582
vn -0.1699 -0.9771 0.1280
vn -0.3683 -0.9248 0.0951
vn -0.6144 -0.7020 -0.3603
vn 0.0279 -0.9915 0.1272
vn -0.5093 0.5732 0.6419
vn -0.3818 0.5421 0.7485
vn -0.1588 0.0479 0.9862
vn 0.4952 -0.8557 0.1499
vn 0.5111 -0.8437 0.1639
vn 0.5276 -0.8241 0.2063
vn -0.1080 -0.1660 -0.9802
vn -0.3699 0.4220 -0.8277
vn -0.5598 0.6860 -0.4648
vn 0.4737 -0.8719 0.1242
vn -0.0436 -0.1431 -0.9887
vn -0.8361 0.5482 0.0205
vn -0.7887 0.6027 -0.1214
vn -0.7042 0.6259 0.3353
vn 0.0816 0.2261 0.9707
vn 0.6306 -0.7388 -0.2376
vn 0.3430 -0.7291 -0.5923
vn -0.0708 -0.3655 -0.9281
vn -0.1550 -0.1803 -0.9713
vn -0.4215 -0.8391 -0.3437
vn 0.3081 -0.9337 0.1824
vn -0.1269 -0.9804 0.1507
vn 0.5988 -0.7759 0.1987
vn 0.5943 -0.7731 0.2215
vn 0.5859 -0.7773 0.2293
vn -0.2687 0.2147 -0.9390
vn -0.7014 0.7127 -0.0100
vn -0.2009 0.3280 -0.9231
vn -0.6268 0.6024 0.4942
vn -0.2234 0.0744 0.9719
vn -0.1400 0.1050 0.9846
vn 0.6126 -0.7702 0.1775
vn 0.5995 -0.7574 0.2588
vn -0.0446 -0.9620 0.2695
vn -0.1910 -0.3993 0.8967
vn -0.2816 -0.9517 0.1224
vn -0.5380 -0.7726 -0.3370
vn 0.0983 -0.9858 0.1362
vn -0.5212 0.7569 -0.3943
vn -0.3660 0.6354 0.6799
vn -0.2424 0.4399 0.8647
vn 0.4658 -0.8801 0.0923
vn 0.4407 -0.8947 0.0726
vn 0.4217 -0.9060 0.0360
vn -0.1090 -0.1724 -0.9790
vn -0.4510 0.5106 -0.7320
vn 0.6309 -0.6385 0.4407
vn 0.6963 -0.4780 0.5353
vn 0.4684 -0.8759 0.1160
vn 0.4756 -0.8730 0.1080
vn 0.0049 -0.1500 -0.9887
vn -0.3330 0.5313 -0.7790
vn -0.0383 -0.1913 -0.9808
vn -0.0501 0.1019 0.9935
vn -0.0579 0.0999 0.9933
vn 0.6504 -0.7460 0.1433
vn -0.0262 -0.1197 -0.9925
vn -0.2074 0.2471 -0.9465
vn -0.3635 0.5763 -0.7319
vn -0.3480 0.7422 0.5727
vn 0.4449 -0.8871 0.1232
vn -0.0379 -0.1596 -0.9865
vn -0.1567 0.1340 -0.9785
vn -0.0515 0.1425 0.9885
vn -0.2742 0.5961 0.7546
vn -0.4734 -0.4942 0.7291
vn -0.0817 0.1000 0.9916
vn -0.2631 0.9564 -0.1271
vn -0.2632 0.9563 -0.1270
vn -0.2543 0.9578 -0.1341
vn -0.1075 0.1071 0.9884
vn -0.2786 0.5837 0.7627
vn -0.5164 -0.4483 0.7296
vn -0.0651 0.1131 0.9914
vn -0.0629 -0.1506 -0.9866
vn -0.6143 -0.7019 -0.3604
vn -0.1759 0.1532 -0.9724
vn -0.2158 0.9702 -0.1105
vn -0.2159 0.9702 -0.1104
vn -0.1954 0.9724 -0.1277
vn 0.5187 -0.8026 0.2947
vn 0.6335 -0.7288 -0.2599
vn 0.6315 -0.7744 -0.0387
vn -0.3804 0.3749 -0.8454
vn -0.4024 0.3885 -0.8289
vn -0.5438 0.6472 0.5342
vn -0.4578 -0.4951 0.7384
vn -0.1561 0.1326 0.9788
vn -0.3459 0.3464 0.8720
vn 0.4182 -0.8993 0.1276
vn -0.0494 0.1189 0.9917
vn -0.1137 0.1256 0.9855
vn -0.3030 0.5657 0.7669
vn -0.5053 -0.4637 0.7278
vn -0.0670 0.0973 0.9930
vn -0.5053 -0.4636 0.7278
vn -0.2440 0.9322 -0.2672
vn -0.3163 0.8897 -0.3293
vn -0.2439 0.9322 -0.2672
vn -0.1689 0.9647 -0.2022
vn -0.6001 -0.7253 -0.3374
vn 0.0051 -0.1141 -0.9935
vn 0.4183 -0.8989 0.1305
vn -0.0075 0.6852 0.7283
vn 0.3575 0.3907 0.8483
vn 0.7237 -0.5318 0.4399
vn 0.4112 -0.8927 0.1842
vn -0.1742 -0.7567 -0.6301
vn -0.9635 -0.1708 -0.2062
vn -0.9293 0.3342 -0.1569
vn 0.5348 -0.5991 0.5959
vn -0.1306 -0.9816 -0.1392
vn -0.7149 0.6691 0.2031
vn 0.1360 0.2221 0.9655
vn 0.1506 0.2795 0.9483
vn -0.1251 -0.0877 -0.9883
vn -0.4578 -0.4950 0.7385
vn -0.3548 0.9056 -0.2321
vn -0.3046 0.9360 -0.1761
vn -0.3549 0.9056 -0.2322
vn 0.0150 -0.1495 -0.9886
vn -0.4027 0.8693 -0.2866
vn -0.4215 -0.8391 -0.3438
vn 0.5352 -0.7742 0.3378
vn 0.1116 -0.2862 -0.9516
vn 0.0557 -0.1824 -0.9816
vn 0.0400 -0.1938 -0.9802
vn 0.7272 -0.6081 0.3184
vn -0.1345 0.0501 0.9896
vn 0.1207 0.1639 0.9791
vn -0.3670 -0.8978 0.2433
vn -0.3673 -0.8987 0.2396
vn -0.0481 0.0873 0.9950
vn -0.5164 -0.4482 0.7297
vn -0.2362 0.9672 -0.0931
vn -0.4734 -0.4941 0.7292
vn -0.2719 0.9548 -0.1201
vn -0.3502 0.9359 0.0372
vn -0.4051 0.7587 0.5102
vn -0.3822 0.6850 -0.6202
vn -0.4059 0.7676 0.4961
vn 0.1247 0.3685 -0.9212
vn -0.2372 0.8492 -0.4719
vn 0.7371 -0.2757 0.6169
vn 0.0115 -0.9986 0.0520
vn -0.5805 0.4155 0.7003
vn -0.9330 0.2463 0.2625
vn -0.9661 0.1984 0.1654
vn -0.8202 0.5516 0.1514
vn -0.9841 0.1767 0.0179
vn -0.9795 0.1783 -0.0933
vn 0.7220 0.6143 0.3183
vn 0.9989 0.0381 -0.0270
vn 0.9963 0.0048 0.0860
vn 0.6127 0.3397 0.7136
vn 0.9656 0.0937 0.2425
vn 0.8902 0.1304 0.4365
vn 0.5432 0.0841 0.8354
vn 0.8562 0.0320 0.5156
vn 0.8268 -0.0533 0.5599
vn -0.9924 -0.0337 0.1186
vn -0.5677 -0.0824 0.8191
vn -0.9925 -0.1224 -0.0075
vn -0.9716 -0.0845 0.2212
vn -0.6406 -0.0876 0.7628
vn 0.6466 -0.0800 -0.7586
vn 0.9718 -0.0583 -0.2287
vn 0.9727 -0.0597 -0.2243
vn 0.7799 -0.0689 -0.6222
vn -0.3866 -0.0800 -0.9188
vn -0.6687 -0.0750 -0.7397
vn 0.0003 -1.0000 -0.0001
vn 0.0003 -1.0000 -0.0000
vn 0.0001 -1.0000 -0.0002
vn -0.9551 0.0501 -0.2921
vn -0.7459 0.0623 -0.6632
vn -0.6632 0.0395 -0.7474
vn -0.9828 -0.1178 0.1423
vn -0.9276 -0.2521 0.2756
vn -0.9789 -0.1933 -0.0669
vn -0.8848 -0.4612 -0.0664
vn 0.9726 -0.0824 -0.2173
vn 0.9817 0.0432 -0.1852
vn 0.9787 0.0031 -0.2052
vn 0.9682 -0.2179 -0.1228
vn 0.9324 -0.3309 -0.1450
vn 0.9525 -0.3038 -0.0229
vn 0.9595 -0.2803 -0.0284
vn -0.9675 0.0690 -0.2433
vn -0.8661 -0.0147 -0.4996
vn -0.4621 -0.0502 -0.8854
vn -0.9710 -0.1575 -0.1797
vn -0.9666 -0.1516 -0.2068
vn -0.9404 -0.3163 -0.1249
vn -0.8822 -0.4620 -0.0911
vn -0.0290 0.0080 0.9995
vn -0.0423 0.0674 0.9968
vn -0.0155 -0.0514 0.9986
vn -0.0853 -0.9808 -0.1755
vn -0.0853 -0.9808 -0.1756
vn -0.0811 -0.9795 -0.1845
vn -0.0894 -0.9820 -0.1666
vn 0.9518 -0.0156 -0.3064
vn 0.7586 0.1127 -0.6417
vn 0.9289 -0.0399 -0.3681
vn 0.2992 0.0722 -0.9515
vn -0.2180 0.1047 0.9703
vn -0.8521 0.0824 0.5168
vn -0.2183 0.1033 0.9704
vn -0.9633 0.1909 0.1885
vn -0.9085 0.1432 -0.3926
vn -0.7381 0.1104 -0.6656
vn 0.9878 -0.0368 -0.1511
vn 0.9533 0.0005 -0.3021
vn 0.9990 -0.0432 0.0120
vn 0.9565 0.0516 -0.2872
vn 0.3253 0.0782 -0.9424
vn 0.3462 0.1526 -0.9257
vn 0.3023 0.0034 -0.9532
vn 0.5805 0.4155 0.7003
vn 0.9661 0.1984 0.1654
vn 0.9330 0.2463 0.2625
vn 0.8202 0.5517 0.1514
vn -0.9656 0.0937 0.2425
vn -0.7220 0.6143 0.3183
vn -0.6127 0.3397 0.7136
vn -0.8902 0.1304 0.4365
vn -0.4136 -0.1491 0.8982
vn -0.8343 -0.0517 0.5488
vn -0.8503 -0.0678 0.5219
vn 0.5110 -0.0575 0.8576
vn 0.8927 -0.1045 0.4383
vn 0.1972 -0.0945 0.9758
vn -0.5914 0.0478 -0.8050
vn -0.9742 -0.0512 -0.2197
vn -0.9264 0.0478 -0.3735
vn -0.9727 -0.0597 -0.2243
vn -0.6466 -0.0800 -0.7586
vn -0.7799 -0.0689 -0.6222
vn 0.6687 -0.0750 -0.7397
vn 0.3866 -0.0800 -0.9188
vn 0.5677 -0.0824 0.8191
vn 0.9924 -0.0337 0.1186
vn 0.9925 -0.1224 -0.0075
vn 0.0002 -1.0000 -0.0000
vn 0.0001 -1.0000 -0.0000
vn 0.0002 -1.0000 -0.0001
vn 0.9551 0.0501 -0.2921
vn 0.6633 0.0395 -0.7473
vn 0.7459 0.0623 -0.6632
vn -0.9190 -0.2639 0.2930
vn -0.9575 -0.2825 -0.0578
vn -0.9932 -0.1063 -0.0478
vn -0.1679 -0.1503 0.9743
vn -0.5210 -0.2495 0.8163
vn 0.5033 -0.1531 0.8505
vn -0.9817 0.0432 -0.1852
vn -0.9726 -0.0824 -0.2173
vn -0.9787 0.0031 -0.2052
vn -0.9682 -0.2179 -0.1228
vn -0.9324 -0.3309 -0.1450
vn -0.9525 -0.3038 -0.0229
vn -0.9595 -0.2803 -0.0284
vn 0.8661 -0.0147 -0.4996
vn 0.9675 0.0690 -0.2433
vn 0.4621 -0.0473 -0.8855
vn 0.9710 -0.1575 -0.1797
vn 0.9666 -0.1516 -0.2068
vn 0.9404 -0.3163 -0.1249
vn 0.8822 -0.4620 -0.0911
vn 0.0290 0.0080 0.9995
vn 0.0423 0.0674 0.9968
vn 0.0155 -0.0514 0.9986
vn 0.0853 -0.9808 -0.1755
vn 0.0811 -0.9795 -0.1845
vn 0.0894 -0.9820 -0.1666
vn -0.7586 0.1127 -0.6417
vn -0.9518 -0.0156 -0.3064
vn -0.9289 -0.0399 -0.3681
vn -0.2992 0.0722 -0.9515
vn 0.2180 0.1047 0.9703
vn 0.2183 0.1033 0.9704
vn 0.8521 0.0824 0.5168
vn 0.9085 0.1432 -0.3926
vn 0.7381 0.1104 -0.6656
vn 0.9633 0.1909 0.1885
vn -0.9990 -0.0432 0.0120
vn -0.7453 0.0475 0.6650
vn -0.7396 0.0902 0.6670
vn -0.9878 -0.0368 -0.1511
vn -0.9533 0.0005 -0.3021
vn -0.9565 0.0516 -0.2872
vn -0.3253 0.0782 -0.9424
vn -0.3462 0.1526 -0.9257
vn -0.3023 0.0034 -0.9532
vn -0.5510 -0.0250 -0.8342
vn 0.5510 -0.0250 -0.8342
vn 0.7396 0.0902 0.6670
vn 0.7453 0.0475 0.6650
vn 0.9643 0.2181 0.1502
vn 0.9190 -0.2639 0.2930
vn 0.9932 -0.1063 -0.0478
vn 0.9575 -0.2825 -0.0578
vn 0.9781 -0.1279 0.1645
vn 0.0012 -0.7047 -0.7095
vn -0.0221 -0.6164 -0.7871
vn -0.0450 -0.5193 -0.8534
vn -0.9962 0.0741 -0.0463
vn 0.9782 0.2068 -0.0199
vn 0.0002 -1.0000 -0.0100
vn 0.0010 -0.9999 -0.0150
vn 0.0008 -0.9999 -0.0149
vn 0.4136 -0.1491 0.8982
vn 0.3158 -0.0682 0.9464
vn -0.3687 0.8980 0.2400
vn 0.3820 0.8601 0.3380
vn -0.4970 -0.0700 0.8649
vn -0.5033 -0.1531 0.8505
vn 0.1679 -0.1503 0.9743
vn 0.9841 0.1768 0.0179
vn 0.9795 0.1783 -0.0933
vn 0.9276 -0.2521 0.2756
vn 0.9789 -0.1933 -0.0669
vn 0.8848 -0.4612 -0.0664
vn -0.4738 -0.0700 0.8778
vn -0.7927 -0.0943 0.6022
vn -0.9036 -0.0738 0.4219
vn 0.9828 -0.1178 0.1423
vn 0.0221 -0.6164 -0.7871
vn 0.0450 -0.5193 -0.8534
vn -0.0012 -0.7047 -0.7095
vn -0.9781 -0.1279 0.1645
vn -0.0010 -0.9999 -0.0150
vn -0.0008 -0.9999 -0.0149
vn -0.9782 0.2068 -0.0199
vn 0.9962 0.0741 -0.0463
vn 0.0007 -1.0000 -0.0047
vn -0.3820 0.8601 0.3380
vn 0.3687 0.8980 0.2400
vn 0.4972 -0.0700 0.8648
vn -0.0007 -1.0000 -0.0047
vn -0.9458 0.0651 -0.3183
vn 0.9458 0.0651 -0.3183
vn 0.5429 0.0066 -0.8397
vn -0.5429 0.0066 -0.8397
vn 0.1143 -0.0573 -0.9918
vn -0.9643 0.2181 0.1502
vn -0.9989 0.0381 -0.0270
vn -0.9963 0.0048 0.0860
vn -0.1142 -0.0574 -0.9918
vn 0.4322 0.1267 -0.8929
vn -0.4322 0.1267 -0.8929
vn 0.9267 0.3538 0.1267
vn 0.9289 0.1108 0.3533
vn 0.5358 0.5273 0.6594
vn -0.5358 0.5273 0.6594
vn -0.9267 0.3538 0.1267
vn -0.9289 0.1108 0.3533
vn 0.3940 -0.0950 -0.9142
vn 0.8398 -0.1420 -0.5241
vn 0.9999 -0.0140 0.0083
vn -0.8398 -0.1420 -0.5241
vn -0.3940 -0.0950 -0.9142
vn -0.9999 -0.0140 0.0083
vn 0.0005 -1.0000 0.0002
vn -0.1056 -0.0667 -0.9922
vn -0.8927 -0.1045 0.4383
vn -0.5110 -0.0575 0.8576
vn 0.0004 -1.0000 -0.0000
vn 0.5209 -0.2499 0.8162
vn -0.0011 -1.0000 0.0004
vn -0.0011 -1.0000 0.0003
vn 0.1056 -0.0667 -0.9922
vn 0.9186 0.0089 0.3952
vn 0.4254 0.3470 0.8359
vn 0.3221 0.0307 0.9462
vn -0.3852 0.1037 0.9170
vn 0.3852 0.1037 0.9170
vn -0.4254 0.3470 0.8359
vn -0.3221 0.0307 0.9462
vn -0.9186 0.0089 0.3952
vn 0.9716 -0.0846 0.2212
vn 0.6406 -0.0876 0.7628
vn 0.7927 -0.0943 0.6022
vn 0.9036 -0.0738 0.4219
vn 0.9868 -0.0254 0.1600
vn 0.9328 -0.0065 -0.3602
vn 0.6869 -0.0598 -0.7243
vn 0.9489 -0.0913 -0.3022
vn -0.1972 -0.0945 0.9758
vn 0.4738 -0.0700 0.8778
vn 0.0699 -0.1199 -0.9903
vn -0.6869 -0.0598 -0.7243
vn -0.9328 -0.0065 -0.3602
vn -0.9489 -0.0913 -0.3022
vn -0.9868 -0.0254 0.1600
vn -0.7102 -0.1052 -0.6961
vn 0.5129 0.1565 -0.8441
vn -0.4381 0.1365 -0.8885
vn -0.0699 -0.1199 -0.9903
vn 0.7102 -0.1052 -0.6961
vn 0.9264 0.0478 -0.3735
vn 0.5914 0.0478 -0.8050
vn 0.4381 0.1365 -0.8885
vn -0.5129 0.1565 -0.8441
vn -0.9892 0.0429 -0.1399
vn 0.9892 0.0429 -0.1399
vn 0.4195 0.0688 0.9051
vn -0.3158 -0.0682 0.9464
vn -0.5432 0.0841 0.8354
vn -0.8268 -0.0533 0.5599
vn -0.5578 0.2018 0.8051
vn -0.8981 0.0858 0.4314
vn -0.8735 0.2114 0.4385
vn -0.9735 0.0174 -0.2281
vn -0.6737 0.0419 -0.7378
vn -0.9501 0.0817 -0.3010
vn 0.8343 -0.0518 0.5489
vn 0.4088 0.0414 -0.9117
vn -0.4088 0.0414 -0.9117
vn 0.6737 0.0419 -0.7378
vn 0.9735 0.0174 -0.2281
vn 0.9501 0.0817 -0.3010
vn 0.8981 0.0858 0.4314
vn 0.5578 0.2018 0.8051
vn 0.8735 0.2114 0.4385
vn -0.4195 0.0688 0.9051
vn -0.7586 -0.0501 -0.6497
vn -0.9646 -0.0736 -0.2533
vn 0.8503 -0.0678 0.5219
vn 0.9742 -0.0512 -0.2197
vn 0.7586 -0.0500 -0.6497
vn 0.9646 -0.0736 -0.2533
vn -0.8562 0.0320 0.5156
vn -0.9718 -0.0583 -0.2287
vn -0.4563 0.0459 -0.8886
vn 0.5895 0.0469 -0.8064
vn 0.5408 0.0828 -0.8371
vn 0.9903 0.0931 -0.1030
vn 0.9987 0.0480 0.0193
vn 0.7924 0.0859 0.6039
vn -0.9903 0.0931 -0.1030
vn -0.5895 0.0469 -0.8064
vn -0.5408 0.0828 -0.8371
vn 0.4563 0.0459 -0.8886
vn -0.7924 0.0859 0.6039
vn -0.9987 0.0479 0.0192
vn -0.9681 0.0087 -0.2505
vn 0.9681 0.0087 -0.2505
vn -0.1926 0.3402 0.9204
vn 0.1926 0.3402 0.9204
vn 0.6639 0.3495 0.6611
vn -0.6639 0.3496 0.6611
vn -0.3961 0.0790 -0.9148
vn 0.4520 0.0331 -0.8914
vn -0.4520 0.0331 -0.8914
vn 0.3961 0.0790 -0.9148
vn -0.2875 -0.0908 0.9535
vn 0.2875 -0.0908 0.9535
vn -0.4970 -0.1304 0.8579
vn 0.4970 -0.1304 0.8579
vn 0.1528 0.2690 0.9509
vn 0.1361 0.1062 0.9850
vn -0.1404 0.1941 0.9709
vn 0.3415 -0.1963 0.9191
vn 0.0758 -0.1611 0.9840
vn 0.3417 -0.2433 0.9078
vn 0.2174 -0.0697 0.9736
vn -0.0957 0.0515 0.9941
vn -0.2270 0.0209 0.9737
vn 0.2741 0.2335 0.9329
vn 0.4899 0.1950 0.8497
vn 0.5793 -0.0747 0.8117
vn 0.5885 -0.2220 0.7774
vn 0.5401 -0.0432 0.8405
vn -0.2968 0.1478 0.9434
vn 0.0528 -0.0341 0.9980
vn 0.4285 -0.0298 0.9031
vn 0.1839 -0.1960 0.9632
vn 0.4272 0.1367 0.8938
vn 0.0911 -0.2077 0.9739
vn -0.0764 -0.0836 0.9936
vn 0.4851 -0.2094 0.8490
vn -0.1468 0.0304 0.9887
vn -0.0250 -0.1159 0.9929
vn 0.4354 -0.3187 0.8419
vn 0.1896 -0.3010 0.9346
vn -0.4851 -0.2094 0.8490
vn -0.3417 -0.2433 0.9078
vn -0.3415 -0.1963 0.9191
vn -0.1528 0.2690 0.9509
vn 0.1404 0.1941 0.9709
vn -0.1361 0.1062 0.9850
vn -0.0758 -0.1611 0.9840
vn -0.5401 -0.0432 0.8405
vn -0.5793 -0.0747 0.8117
vn -0.4899 0.1950 0.8497
vn -0.2741 0.2335 0.9329
vn -0.0911 -0.2077 0.9739
vn 0.0764 -0.0836 0.9936
vn -0.4285 -0.0298 0.9031
vn -0.2174 -0.0697 0.9736
vn 0.0957 0.0515 0.9941
vn -0.5885 -0.2221 0.7774
vn -0.0528 -0.0341 0.9980
vn 0.2968 0.1478 0.9434
vn 0.2270 0.0209 0.9737
vn -0.4272 0.1367 0.8938
vn -0.1839 -0.1960 0.9632
vn 0.1468 0.0304 0.9887
vn 0.0251 -0.1159 0.9929
vn -0.4354 -0.3187 0.8419
vn -0.1896 -0.3010 0.9346
vn 0.3369 -0.0162 0.9414
vn 0.4015 0.0364 0.9151
vn 0.3484 -0.0152 0.9372
vn -0.4072 0.0177 0.9131
vn -0.5320 0.1616 0.8312
vn -0.4483 0.1114 0.8869
vn 0.5184 0.1127 0.8477
vn 0.4364 0.0939 0.8949
vn 0.5338 0.1312 0.8354
vn 0.2993 -0.0746 0.9513
vn 0.3088 -0.0594 0.9493
vn 0.2793 -0.0704 0.9576
vn -0.3348 -0.0331 0.9417
vn -0.3461 -0.0330 0.9376
vn -0.3098 -0.0740 0.9479
vn -0.2809 -0.0802 0.9564
vn -0.3006 -0.0865 0.9498
vn -0.2736 -0.0735 0.9590
vn -0.5397 0.2134 0.8144
vn -0.5913 0.1781 0.7865
vn 0.5883 0.1014 0.8022
vn 0.2719 -0.0654 0.9601
vn 0.2494 -0.0666 0.9661
vn -0.2512 -0.0740 0.9651
vn 0.7235 -0.0821 0.6854
vn 0.7610 -0.5792 0.2923
vn 0.8325 -0.1625 0.5297
vn 0.3445 -0.9377 0.0455
vn 0.4837 -0.8745 0.0353
vn 0.5244 -0.7583 0.3873
vn 0.2601 -0.5081 0.8211
vn 0.0563 -0.9945 0.0881
vn 0.3075 -0.1185 0.9441
vn -0.2706 -0.7270 0.6311
vn -0.6150 -0.6560 0.4375
vn -0.0979 -0.9897 0.1048
vn -0.1900 -0.1223 0.9741
vn -0.8545 -0.1049 0.5087
vn -0.6623 -0.0998 0.7426
vn -0.3640 -0.9261 0.0997
vn -0.6667 -0.7074 0.2346
vn -0.4925 -0.8647 0.0990
vn 0.2971 -0.2494 0.9217
vn 0.3878 0.3662 0.8459
vn 0.3660 0.1651 0.9158
vn 0.5198 -0.7136 0.4696
vn 0.7334 -0.6758 0.0732
vn 0.6328 -0.6154 0.4699
vn 0.4054 -0.4928 0.7699
vn 0.5666 -0.6353 0.5247
vn 0.5696 -0.8193 0.0649
vn 0.0886 0.9828 0.1622
vn -0.1754 0.9779 0.1140
vn -0.2925 0.9481 0.1243
vn 0.7913 0.6092 0.0525
vn 0.5994 0.8004 0.0095
vn 0.5936 0.8005 0.0822
vn -0.2653 -0.3370 0.9033
vn -0.9970 -0.0379 0.0680
vn -0.5607 0.1143 0.8201
vn -0.5937 0.8005 0.0822
vn -0.3290 0.9393 0.0973
vn -0.5994 0.8004 0.0095
vn 0.5607 0.1143 0.8201
vn 0.9970 -0.0379 0.0680
vn 0.2653 -0.3371 0.9033
vn -0.9160 0.3891 0.0977
vn -0.9860 0.1525 0.0679
vn -0.9962 0.0150 0.0853
vn 0.8674 0.4865 0.1047
vn 0.3570 0.6408 0.6796
vn 0.6889 0.7195 0.0877
vn -0.8730 -0.4839 0.0608
vn -0.3223 -0.5257 0.7873
vn -0.5412 -0.8389 0.0582
vn 0.1057 -0.9914 0.0777
vn -0.1655 -0.9805 0.1054
vn -0.1537 -0.7559 0.6364
vn -0.4450 -0.8932 0.0648
vn -0.4164 -0.6607 0.6246
vn -0.4290 -0.7584 0.4906
vn 0.6716 -0.7386 0.0577
vn 0.6536 -0.6762 0.3399
vn 0.6604 -0.7506 0.0206
vn -0.6052 -0.7543 -0.2546
vn -0.3508 -0.8952 -0.2749
vn -0.5853 -0.7744 -0.2400
vn 0.2458 -0.6702 -0.7003
vn 0.3623 -0.6841 -0.6330
vn 0.5367 -0.6896 -0.4862
vn -0.8129 -0.5154 -0.2711
vn -0.6988 -0.6151 -0.3652
vn -0.7687 -0.6060 -0.2046
vn 0.7687 -0.6060 -0.2046
vn 0.8129 -0.5154 -0.2711
vn 0.9201 -0.3871 -0.0592
vn 0.9777 -0.1996 0.0657
vn 0.9959 -0.0818 0.0390
vn 0.9754 0.0007 0.2205
vn -0.2317 -0.0273 0.9724
vn -0.0000 0.0562 0.9984
vn -0.0000 0.2314 0.9729
vn 0.1562 -0.6150 -0.7729
vn -0.9201 -0.3871 -0.0592
vn -0.9959 -0.0818 0.0390
vn -0.9754 0.0007 0.2205
vn -0.9235 0.1899 0.3334
vn -0.9777 -0.1996 0.0657
vn 0.5820 -0.8124 -0.0348
vn 0.4064 -0.8880 0.2154
vn 0.3377 -0.9082 -0.2473
vn -0.2361 0.5408 0.8073
vn -0.4532 0.3397 0.8241
vn -0.1890 0.2702 0.9441
vn 0.6354 0.5095 0.5802
vn 0.8478 0.3133 0.4279
vn 0.9235 0.1899 0.3334
vn 0.2361 0.5408 0.8073
vn 0.1890 0.2702 0.9441
vn 0.4532 0.3397 0.8241
vn 0.9609 -0.2700 -0.0616
vn -0.6026 -0.6536 -0.4579
vn -0.8478 0.3133 0.4279
vn -0.5695 0.4962 0.6553
vn -0.6354 0.5095 0.5802
vn -0.3878 0.3662 0.8459
vn -0.3660 0.1651 0.9159
vn -0.5117 0.3914 0.7648
vn -0.0000 0.1213 0.9926
vn 0.4681 -0.0062 0.8836
vn -0.0000 -0.2237 0.9746
vn -0.5367 -0.6896 -0.4863
vn -0.3623 -0.6841 -0.6330
vn -0.2458 -0.6702 -0.7003
vn 0.3016 0.0355 0.9528
vn 0.2317 -0.0273 0.9724
vn 0.2508 -0.2334 0.9395
vn -0.0000 -0.1697 0.9855
vn 0.3209 -0.2398 0.9162
vn 0.0716 0.5076 0.8586
vn -0.6499 -0.4354 0.6229
vn -0.3817 -0.3774 0.8437
vn -0.4496 0.1144 0.8859
vn -0.6328 -0.6154 0.4699
vn -0.5198 -0.7136 0.4696
vn -0.3278 -0.5799 0.7458
vn 0.2597 -0.5112 0.8193
vn 0.3378 -0.5726 0.7470
vn 0.3245 -0.5250 0.7869
vn -0.2955 0.6948 0.6557
vn -0.0000 0.7370 0.6759
vn -0.0000 0.4754 0.8797
vn 0.8730 -0.4839 0.0608
vn 0.6988 -0.6151 -0.3652
vn 0.6117 -0.6932 -0.3813
vn 0.5829 -0.7761 -0.2407
vn 0.6019 -0.7577 -0.2523
vn 0.3466 -0.8964 -0.2763
vn -0.6117 -0.6932 -0.3813
vn -0.0368 -0.6605 0.7499
vn -0.8211 0.2705 0.5027
vn -0.9984 -0.0476 0.0311
vn -0.3209 -0.2398 0.9162
vn 0.1914 -0.9348 -0.2993
vn 0.1742 -0.9263 -0.3342
vn -0.3391 -0.9083 -0.2449
vn -0.7334 -0.6758 0.0732
vn -0.5820 -0.8124 -0.0348
vn -0.4064 -0.8879 0.2154
vn 0.6026 -0.6536 -0.4579
vn 0.3290 0.9393 0.0973
vn -0.1902 -0.9353 -0.2984
vn -0.1701 -0.9269 -0.3345
vn 0.3011 -0.6500 0.6977
vn -0.0000 -0.6564 0.7544
vn -0.0000 0.2978 0.9546
vn -0.4681 -0.0062 0.8836
vn 0.6134 0.2517 0.7486
vn -0.0000 0.5774 0.8165
vn -0.7795 0.0392 0.6251
vn -0.0000 0.3427 0.9395
vn 0.1754 0.9779 0.1140
vn 0.2925 0.9481 0.1243
vn 0.4042 0.9134 0.0493
vn -0.2597 -0.5112 0.8193
vn -0.3011 -0.6500 0.6977
vn -0.3245 -0.5250 0.7869
vn -0.0000 0.5912 0.8066
vn -0.2343 -0.9515 0.1995
vn -0.0000 -0.7731 0.6343
vn -0.3109 0.9226 -0.2285
vn -0.0000 0.9557 -0.2942
vn -0.2206 0.8887 -0.4019
vn 0.7634 0.6333 0.1266
vn -0.9501 0.2794 0.1388
vn 0.3169 0.8817 -0.3496
vn 0.3278 -0.5799 0.7458
vn -0.3570 0.6408 0.6796
vn -0.6889 0.7195 0.0877
vn -0.0716 0.5076 0.8586
vn -0.0000 -0.4888 0.8724
vn 0.2343 -0.9515 0.1995
vn -0.7634 0.6334 0.1266
vn -0.3169 0.8816 -0.3497
vn 0.9501 0.2794 0.1388
vn 0.8779 -0.1189 0.4638
vn 0.3673 -0.3174 0.8743
vn 0.2955 0.6948 0.6557
vn 0.5695 0.4962 0.6553
vn 0.2206 0.8887 -0.4019
vn 0.3109 0.9226 -0.2285
vn 0.6216 0.1014 0.7767
vn 0.5753 -0.1780 0.7984
vn 0.3645 -0.7200 0.5906
vn 0.1655 -0.9806 0.1054
vn 0.1537 -0.7559 0.6364
vn 0.3745 -0.2173 0.9014
vn 0.0368 -0.6605 0.7499
vn 0.3734 -0.1364 0.9176
vn 0.3729 -0.1489 0.9159
vn -0.3729 -0.1489 0.9159
vn -0.4824 -0.1663 0.8600
vn 0.3223 -0.5257 0.7873
vn -0.0886 0.9828 0.1622
vn 0.9160 0.3891 0.0977
vn 0.9860 0.1525 0.0679
vn 0.4164 -0.6607 0.6246
vn 0.4450 -0.8932 0.0648
vn -0.3248 -0.2747 0.9050
vn 0.2343 -0.2251 0.9457
vn 0.3248 -0.2747 0.9050
vn -0.2508 -0.2334 0.9395
vn -0.3016 0.0355 0.9528
vn -0.3673 -0.3174 0.8743
vn -0.6216 0.1014 0.7767
vn -0.5753 -0.1780 0.7984
vn -0.8492 0.0070 0.5280
vn -0.8779 -0.1189 0.4638
vn 0.3817 -0.3774 0.8437
vn 0.6499 -0.4354 0.6230
vn 0.4496 0.1144 0.8859
vn 0.3526 -0.5623 0.7480
vn -0.2739 -0.9554 -0.1107
vn -0.0000 -0.9757 -0.2193
vn -0.0869 -0.9559 -0.2804
vn -0.2971 -0.2494 0.9217
vn -0.4042 0.9134 0.0493
vn 0.3902 -0.6748 0.6264
vn -0.0000 -0.7531 0.6579
vn 0.0869 -0.9559 -0.2804
vn 0.1635 -0.9743 -0.1548
vn 0.2739 -0.9554 -0.1107
vn -0.1635 -0.9743 -0.1548
vn 0.3117 -0.4990 0.8086
vn 0.3528 -0.3946 0.8484
vn 0.4825 -0.1665 0.8599
vn 0.8492 0.0070 0.5280
vn 0.2439 -0.2143 0.9458
vn 0.2963 -0.2355 0.9256
vn 0.3100 -0.2159 0.9259
vn 0.3499 -0.2691 0.8973
vn 0.5672 -0.2163 0.7946
vn -0.0000 -0.6546 0.7560
vn -0.3117 -0.4990 0.8086
vn -0.3528 -0.3946 0.8484
vn -0.4261 -0.1321 0.8950
vn -0.3745 -0.2173 0.9014
vn -0.3735 -0.1364 0.9176
vn -0.5672 -0.2163 0.7946
vn -0.6134 0.2517 0.7486
vn 0.7795 0.0392 0.6251
vn -0.0000 -0.6610 0.7504
vn -0.0000 -0.2899 0.9571
vn 0.6631 -0.0692 0.7454
vn 0.8508 -0.3100 0.4244
vn 0.8504 -0.4925 0.1848
vn 0.4028 -0.3052 0.8629
vn 0.5072 -0.2597 0.8218
vn 0.9962 0.0150 0.0853
vn 0.9984 -0.0476 0.0311
vn -0.4883 -0.1399 0.8614
vn -0.8504 -0.4925 0.1848
vn -0.8508 -0.3100 0.4244
vn 0.2654 0.2671 0.9264
vn -0.1543 -0.0143 0.9879
vn 0.5117 0.3914 0.7648
vn 0.1543 -0.0143 0.9879
vn -0.2653 0.2671 0.9264
vn 0.4883 -0.1399 0.8614
vn 0.8211 0.2705 0.5027
vn 0.3243 -0.7608 0.5622
vn 0.2824 -0.5716 0.7704
vn 0.2357 -0.7789 0.5811
vn -0.2824 -0.5716 0.7704
vn -0.3243 -0.7608 0.5622
vn -0.2357 -0.7789 0.5811
vn -0.0000 -0.9345 -0.3560
vn -0.0000 -0.6679 0.7442
vn -0.0000 -0.8184 0.5747
vn -0.6631 -0.0692 0.7454
vn -0.8674 0.4865 0.1047
vn 0.4564 -0.4982 0.7372
vn 0.5300 -0.5138 0.6746
vn 0.2099 -0.2634 0.9416
vn -0.2985 -0.2525 0.9204
vn -0.3100 -0.2159 0.9259
vn -0.2963 -0.2355 0.9256
vn -0.2439 -0.2143 0.9458
vn -0.2413 -0.2040 0.9488
vn -0.4054 -0.4928 0.7699
vn -0.7913 0.6092 0.0525
vn 0.6100 -0.0955 0.7866
vn 0.6776 -0.3333 0.6556
vn 0.8505 -0.2231 0.4764
vn -0.4028 -0.3052 0.8629
vn -0.5072 -0.2597 0.8218
vn -0.3669 -0.2636 0.8921
vn -0.2099 -0.2634 0.9416
vn -0.3994 -0.3033 0.8652
vn -0.3011 -0.2340 0.9244
vn -0.5523 -0.5313 0.6424
vn -0.0000 -0.3382 0.9411
vn -0.0000 -0.4645 0.8856
vn -0.3001 -0.3497 0.8875
vn -0.2040 0.6159 0.7610
vn -0.5390 0.5881 0.6030
vn -0.3529 0.6442 0.6786
vn -0.8505 -0.2231 0.4764
vn -0.6776 -0.3333 0.6556
vn -0.6100 -0.0955 0.7866
vn 0.4261 -0.1321 0.8950
vn -0.9609 -0.2700 -0.0616
vn -0.3464 -0.9354 0.0709
vn -0.3526 -0.5623 0.7480
vn -0.3378 -0.5726 0.7470
vn 0.5390 0.5881 0.6030
vn 0.2040 0.6159 0.7610
vn 0.3529 0.6442 0.6786
vn 0.3852 0.2862 0.8773
vn -0.3852 0.2862 0.8773
vn 0.4230 -0.3620 0.8307
vn 0.4044 -0.5923 0.6969
vn -0.4044 -0.5923 0.6969
vn -0.4230 -0.3620 0.8307
vn -0.6536 -0.6767 0.3391
vn -0.6717 -0.7386 0.0574
vn -0.7441 -0.2606 0.6152
vn 0.5522 -0.5312 0.6426
vn 0.3011 -0.2340 0.9244
vn 0.3994 -0.3033 0.8652
vn 0.3669 -0.2636 0.8921
vn -0.3902 -0.6748 0.6264
vn -0.0000 0.9064 -0.4224
vn -0.2210 -0.2656 0.9384
vn -0.2164 -0.6138 0.7592
vn -0.0000 -0.4957 0.8685
vn -0.0000 -0.3078 0.9514
vn 0.2210 -0.2656 0.9384
vn 0.2164 -0.6138 0.7592
vn 0.4056 -0.4018 0.8210
vn -0.4564 -0.4982 0.7372
vn -0.5300 -0.5138 0.6746
vn -0.2343 -0.2251 0.9457
vn -0.4223 -0.5531 0.7181
vn -0.3319 -0.3717 0.8670
vn -0.3288 -0.3569 0.8744
vn -0.5404 -0.6353 0.5517
vn 0.3236 -0.4337 0.8410
vn 0.3319 -0.3717 0.8670
vn 0.3288 -0.3569 0.8744
vn 0.5404 -0.6353 0.5517
vn 0.5412 -0.8389 0.0582
vn 0.6310 -0.1289 0.7650
vn 0.4147 -0.1527 0.8971
vn 0.3921 -0.1498 0.9076
vn -0.1058 -0.9914 0.0771
vn 0.4290 -0.7584 0.4906
vn 0.3464 -0.9354 0.0709
vn -0.0000 -0.9998 -0.0181
vn -0.6310 -0.1289 0.7650
vn -0.7421 -0.1279 0.6580
vn -0.3739 -0.3998 0.8369
vn -0.4056 -0.4018 0.8210
vn -0.3739 -0.2285 0.8989
vn 0.3739 -0.2285 0.8989
vn 0.3738 -0.3998 0.8369
vn 0.7441 -0.2606 0.6152
vn 0.7421 -0.1279 0.6580
vn -0.3236 -0.4337 0.8410
vn -0.3499 -0.2691 0.8973
vn -0.4147 -0.1527 0.8971
vn -0.3921 -0.1498 0.9076
vn 0.2414 -0.2040 0.9488
vn 0.4223 -0.5531 0.7181
vn 0.2985 -0.2525 0.9204
vn -0.4240 -0.6908 0.5857
vn -0.3809 -0.5262 0.7603
vn 0.3809 -0.5262 0.7603
vn 0.4241 -0.6907 0.5857
vn -0.5698 -0.8192 0.0650
vn -0.5668 -0.6350 0.5248
vn -0.6598 -0.7512 0.0206
vn -0.3645 -0.7200 0.5906
vn 0.3001 -0.3497 0.8875
vn -0.1562 -0.6150 -0.7729
vn 0.6589 -0.7492 0.0681
vn -0.3751 -0.3609 0.8538
vn 0.3751 -0.3609 0.8538
vn -0.6596 -0.7485 0.0684
vn -0.2167 0.7760 -0.5924
vn 0.2883 0.6836 -0.6705
vn -0.0958 -0.1079 0.9895
vn -0.1296 -0.0464 0.9905
vn 0.0447 -0.1076 0.9932
vn -0.7460 -0.0161 0.6657
vn -0.0100 0.0657 0.9978
vn 0.0341 0.1032 0.9941
vn -0.8459 -0.2968 0.4431
vn -0.7877 -0.5398 0.2970
vn -0.8599 -0.0144 0.5102
vn 0.4185 0.6991 0.5798
vn 0.4678 0.8835 -0.0246
vn -0.1920 0.9812 -0.0204
vn -0.2291 0.1713 -0.9582
vn -0.2636 0.2933 -0.9190
vn -0.2781 0.1028 -0.9550
vn -0.4157 0.0660 -0.9071
vn -0.4449 0.0719 -0.8927
vn -0.3077 0.0200 -0.9513
vn -0.3743 0.0845 -0.9234
vn -0.3882 0.1209 -0.9136
vn -0.5090 0.1211 -0.8522
vn -0.8532 -0.0783 0.5157
vn -0.7948 -0.0164 0.6067
vn -0.8479 -0.0971 0.5212
vn -0.7451 0.0129 0.6668
vn -0.7646 0.0047 0.6445
vn -0.1429 -0.3007 -0.9430
vn -0.2066 -0.2820 -0.9369
vn -0.6179 -0.1020 -0.7796
vn 0.9185 0.1509 -0.3656
vn 0.9846 0.1748 0.0011
vn 0.9840 0.0738 -0.1622
vn 0.9365 0.2901 0.1970
vn 0.9159 0.1787 -0.3594
vn 0.8811 0.4109 -0.2342
vn -0.0447 -0.1076 0.9932
vn 0.0958 -0.1079 0.9895
vn -0.0895 -0.1443 0.9855
vn 0.1296 -0.0464 0.9905
vn 0.1720 -0.0524 0.9837
vn 0.7460 -0.0161 0.6657
vn -0.0341 0.1032 0.9941
vn 0.0100 0.0657 0.9978
vn 0.8459 -0.2968 0.4431
vn 0.8599 -0.0144 0.5102
vn 0.7877 -0.5398 0.2970
vn -0.4185 0.6991 0.5798
vn 0.1919 0.9812 -0.0208
vn -0.4678 0.8835 -0.0246
vn 0.2291 0.1713 -0.9582
vn 0.2781 0.1028 -0.9550
vn 0.2636 0.2933 -0.9190
vn 0.4157 0.0660 -0.9071
vn 0.3077 0.0200 -0.9513
vn 0.4449 0.0719 -0.8927
vn 0.3471 0.1227 -0.9298
vn 0.5662 0.1395 -0.8124
vn 0.7046 0.0614 -0.7069
vn 0.3501 0.1580 -0.9233
vn 0.3882 0.1209 -0.9136
vn 0.5090 0.1211 -0.8522
vn 0.8532 -0.0783 0.5157
vn 0.8479 -0.0971 0.5212
vn 0.7948 -0.0164 0.6067
vn 0.7646 0.0047 0.6445
vn 0.7451 0.0129 0.6668
vn 0.1429 -0.3007 -0.9430
vn 0.6179 -0.1020 -0.7796
vn 0.2066 -0.2820 -0.9369
vn -0.9185 0.1509 -0.3656
vn -0.9840 0.0738 -0.1622
vn -0.9846 0.1748 0.0011
vn -0.9783 0.1863 0.0910
vn -0.9159 0.1787 -0.3594
vn -0.9465 0.1917 -0.2596
vn 0.8615 -0.3408 -0.3765
vn 0.8918 -0.2339 -0.3872
vn 0.8097 -0.4704 -0.3509
vn 0.9241 -0.0475 -0.3792
vn 0.9358 0.0672 -0.3461
vn 0.8969 0.2543 -0.3619
vn 0.7720 0.5738 -0.2734
vn 0.7954 0.4645 -0.3894
vn 0.5853 0.8071 -0.0771
vn 0.2918 0.9412 0.1705
vn 0.2897 0.9468 0.1402
vn -0.0113 0.9741 0.2260
vn 0.0980 0.9772 0.1883
vn -0.1624 0.9864 0.0247
vn 0.0550 0.9688 0.2418
vn 0.5874 0.6664 0.4593
vn -0.3027 0.6636 0.6841
vn -0.4811 0.8172 0.3173
vn -0.6166 0.4003 0.6778
vn 0.9025 -0.1842 0.3892
vn 0.7323 -0.1038 0.6730
vn 0.8837 -0.2715 0.3814
vn 0.0678 0.0988 0.9928
vn -0.0025 0.2794 0.9602
vn 0.0714 -0.0062 0.9974
vn 0.1201 0.0905 0.9886
vn 0.0819 0.3043 0.9491
vn 0.1258 0.0068 0.9920
vn 0.4509 -0.3347 0.8274
vn 0.3583 -0.2665 0.8948
vn 0.4307 -0.4204 0.7986
vn -0.4460 0.7301 0.5178
vn -0.1886 0.6008 0.7768
vn -0.3388 0.6300 0.6988
vn -0.9630 0.2154 0.1617
vn -0.9997 0.0168 -0.0198
vn -0.7530 0.2611 0.6040
vn -0.6182 0.4640 0.6345
vn -0.6751 0.4856 0.5554
vn -0.3929 0.1342 0.9097
vn -0.6548 0.5251 0.5437
vn -0.2125 0.9757 -0.0535
vn -0.5008 0.8311 -0.2418
vn -0.4526 0.8852 0.1076
vn -0.4905 0.8331 -0.2556
vn -0.8059 0.3255 -0.4945
vn -0.7967 -0.2835 -0.5337
vn -0.7850 -0.2794 -0.5530
vn -0.8333 -0.1079 -0.5421
vn -0.7594 -0.3137 -0.5701
vn -0.8047 0.4027 0.4362
vn -0.8676 0.4952 -0.0456
vn -0.9429 0.3256 -0.0702
vn 0.6217 0.5444 -0.5632
vn -0.3474 0.7311 -0.5872
vn 0.6103 0.5502 -0.5699
vn 0.3861 0.9028 0.1893
vn -0.4094 0.9069 0.1001
vn -0.3825 -0.0597 0.9220
vn 0.2414 -0.2887 0.9265
vn 0.2483 -0.2809 0.9271
vn -0.2990 0.2921 -0.9084
vn -0.8862 0.2601 -0.3835
vn -0.2849 0.3033 -0.9093
vn -0.2212 0.6458 0.7307
vn -0.1445 0.5004 0.8537
vn -0.5783 -0.8153 0.0275
vn 0.2643 -0.9117 -0.3145
vn 0.3558 -0.9343 0.0209
vn -0.6149 0.6704 -0.4153
vn -0.4200 0.1130 -0.9005
vn 0.2175 -0.6981 -0.6821
vn -0.2170 0.6968 0.6837
vn 0.1716 0.2702 0.9474
vn -0.6124 0.6725 -0.4157
vn 0.6145 -0.6705 0.4157
vn 0.4573 -0.8319 -0.3144
vn 0.6122 -0.6717 0.4171
vn 0.6149 0.6704 -0.4153
vn 0.4200 0.1130 -0.9005
vn 0.6124 0.6725 -0.4156
vn -0.2175 -0.6981 -0.6821
vn 0.2170 0.6968 0.6837
vn -0.1716 0.2702 0.9474
vn -0.6145 -0.6705 0.4156
vn -0.6122 -0.6717 0.4172
vn -0.9002 0.0675 0.4302
vn -0.3770 0.5152 0.7697
vn -0.6760 0.4561 0.5788
vn -0.6217 0.5444 -0.5632
vn -0.6103 0.5502 -0.5699
vn 0.3474 0.7311 -0.5872
vn 0.4094 0.9069 0.1001
vn -0.3861 0.9028 0.1892
vn -0.2414 -0.2887 0.9265
vn 0.3825 -0.0597 0.9220
vn -0.2483 -0.2809 0.9271
vn 0.8862 0.2601 -0.3835
vn 0.2990 0.2921 -0.9084
vn 0.2849 0.3033 -0.9093
vn 0.7539 0.4394 0.4884
vn 0.3845 0.8525 0.3540
vn 0.2212 0.6458 0.7307
vn -0.3558 -0.9343 0.0209
vn -0.0228 -0.8550 0.5181
vn -0.3090 -0.9423 0.1292
vn -0.5611 -0.3909 0.7296
vn -0.9543 -0.2899 -0.0723
vn -0.8324 -0.4748 0.2858
vn 0.8860 -0.4458 -0.1274
vn 0.9017 -0.2129 -0.3762
vn 0.9966 -0.0313 0.0756
vn 0.9429 -0.3328 0.0144
vn 0.5271 -0.6695 -0.5234
vn 0.6493 -0.7345 -0.1975
vn 0.3208 -0.8003 -0.5066
vn -0.1148 -0.8356 -0.5372
vn -0.0180 -0.7331 -0.6799
vn -0.5193 -0.6812 -0.5160
vn -0.6076 -0.7608 -0.2280
vn -0.6770 -0.7128 -0.1831
vn 0.2584 -0.2158 -0.9416
vn -0.0115 -0.0659 -0.9978
vn -0.0093 0.4292 -0.9032
vn 0.0913 0.4233 -0.9014
vn -0.9977 0.0546 0.0400
vn -0.8324 0.2670 -0.4857
vn -0.9852 -0.1487 -0.0847
vn 0.0066 0.3644 -0.9312
vn -0.0066 0.3644 -0.9312
vn 0.8324 0.2670 -0.4857
vn 0.5209 0.1463 -0.8410
vn 0.7815 0.5868 0.2120
vn 0.9977 0.0546 0.0400
vn -0.5662 0.1395 -0.8124
vn -0.3501 0.1580 -0.9233
vn -0.3471 0.1227 -0.9298
vn 0.7806 0.0137 -0.6249
vn 0.9310 -0.1121 -0.3475
vn 0.5059 -0.1938 -0.8405
vn -0.7927 -0.0582 0.6069
vn 0.7296 -0.4524 -0.5128
vn 0.6564 -0.2973 0.6934
vn 0.8650 -0.1533 0.4777
vn 0.0550 -0.0782 0.9954
vn -0.6892 0.0165 0.7244
vn -0.5059 -0.1938 -0.8405
vn -0.7297 -0.4524 -0.5128
vn -0.9310 -0.1121 -0.3475
vn 0.7927 -0.0582 0.6069
vn -0.7806 0.0137 -0.6249
vn 0.0953 0.1542 -0.9834
vn -0.6538 0.1456 0.7425
vn -0.7488 0.0383 0.6617
vn -0.8650 -0.1533 0.4777
vn -0.6564 -0.2973 0.6934
vn -0.0550 -0.0782 0.9954
vn -0.6340 0.6620 -0.3998
vn -0.9326 0.1384 -0.3334
vn -0.9186 0.3909 -0.0587
vn -0.8897 -0.4364 -0.1342
vn -0.8099 -0.5852 -0.0405
vn 0.8933 0.2798 -0.3516
vn 0.6092 0.6840 0.4014
vn 0.5006 0.4535 0.7374
vn 0.7234 0.4593 0.5155
vn 0.6538 0.1456 0.7425
vn 0.7488 0.0383 0.6617
vn 0.0621 -0.0485 0.9969
vn 0.0793 -0.1734 0.9817
vn 0.7575 -0.1005 0.6451
vn -0.0377 -0.0966 -0.9946
vn -0.6418 -0.0068 0.7668
vn -0.0628 0.4892 0.8699
vn -0.2909 0.6332 0.7172
vn 0.3591 0.7917 0.4942
vn 0.2345 0.9551 0.1809
vn -0.9802 0.0896 0.1767
vn 0.9802 0.0896 0.1767
vn -0.0621 -0.0485 0.9969
vn -0.7575 -0.1005 0.6451
vn -0.7290 0.0070 0.6845
vn -0.2643 -0.9117 -0.3145
vn 0.5747 -0.5202 -0.6318
vn 0.5783 -0.8153 0.0275
vn -0.3845 0.8525 0.3540
vn -0.7539 0.4394 0.4884
vn -0.5747 -0.5202 -0.6318
vn 0.7290 0.0070 0.6845
vn -0.4416 -0.8770 0.1892
vn -0.0543 0.5981 0.7996
vn -0.4573 -0.8319 -0.3145
vn 0.6892 0.0165 0.7244
vn 0.0377 -0.0966 -0.9946
vn 0.9283 0.1592 -0.3360
vn 0.9137 0.3838 0.1336
vn 0.1805 0.8855 -0.4281
vn 0.1734 0.9841 0.0396
vn 0.5433 0.8394 0.0147
vn 0.6980 -0.6996 -0.1532
vn 0.8100 -0.5862 -0.0181
vn -0.0059 0.8140 -0.5808
vn -0.0363 0.9968 -0.0706
vn -0.4751 0.8799 -0.0088
vn 0.0895 -0.1443 0.9855
vn -0.4065 -0.0368 -0.9129
vn 0.0037 0.0440 -0.9990
vn 0.3746 -0.2311 -0.8979
vn -0.0037 0.0440 -0.9990
vn 0.4065 -0.0368 -0.9129
vn -0.3746 -0.2311 -0.8979
vn -0.2453 -0.0469 0.9683
vn -0.0461 -0.3164 -0.9475
vn 0.8190 -0.0398 -0.5724
vn 0.0543 0.5981 0.7996
vn -0.0438 -0.1191 0.9919
vn 0.4416 -0.8770 0.1892
vn -0.7046 0.0614 -0.7069
vn -0.8190 -0.0398 -0.5724
vn 0.0461 -0.3164 -0.9475
vn -0.1721 -0.0522 0.9837
vn -0.8191 -0.1725 -0.5471
vn -0.9962 -0.0865 -0.0098
vn 0.8487 -0.3928 -0.3540
vn -0.0953 0.1542 -0.9834
vn 0.0525 -0.2263 0.9726
vn 0.0297 -0.2823 0.9589
vn 0.0131 0.2249 0.9743
vn -0.8487 -0.3928 -0.3540
vn 0.6418 -0.0068 0.7668
vn -0.0793 -0.1734 0.9817
vn 0.7282 0.0275 0.6848
vn -0.7018 -0.5394 -0.4654
vn -0.7282 0.0275 0.6848
vn 0.7018 -0.5394 -0.4654
vn 0.6962 0.6313 -0.3418
vn -0.5209 0.1463 -0.8410
vn 0.0001 0.2326 -0.9726
vn 0.0228 -0.8550 0.5181
vn 0.8886 0.1836 0.4204
vn 0.0438 -0.1191 0.9919
vn 0.3952 0.1084 0.9122
vn -0.3952 0.1084 0.9122
vn -0.8886 0.1836 0.4204
vn 0.2453 -0.0469 0.9683
vn -0.4527 0.8852 0.1077
vn 0.0582 0.4762 0.8774
vn -0.1071 0.6845 0.7211
vn 0.7928 0.1559 0.5892
vn 0.8996 0.1539 0.4086
vn 0.6870 0.1567 0.7095
vn 0.6412 -0.0296 -0.7668
vn 0.0012 0.1912 -0.9815
vn -0.3247 -0.9367 0.1308
vn 0.1258 -0.9865 0.1050
vn 0.3247 -0.9367 0.1308
vn 0.2428 -0.9663 0.0857
vn 0.2382 0.2965 -0.9248
vn 0.6507 -0.1468 -0.7450
vn -0.5157 0.6321 0.5783
vn -0.2619 0.3612 0.8950
vn -0.8139 0.3178 -0.4864
vn 0.5691 0.3288 -0.7537
vn 0.9852 -0.1487 -0.0847
vn -0.3672 0.7291 0.5775
vn -0.1715 -0.0540 0.9837
vn -0.7687 0.0090 0.6396
vn -0.9110 -0.2147 -0.3521
vn -0.5826 0.2744 -0.7650
vn -0.6451 -0.1548 -0.7482
vn 0.9898 0.1234 -0.0708
vn 0.3471 -0.5726 -0.7427
vn 0.3115 -0.6385 -0.7038
vn -0.9358 0.1517 0.3182
vn 0.8207 0.5604 -0.1114
vn -0.6873 -0.0622 0.7237
vn -0.1965 0.6427 0.7404
vn 0.5873 0.1759 -0.7900
vn 0.1236 -0.5301 -0.8389
vn -0.8996 0.1539 0.4086
vn -0.6870 0.1567 0.7095
vn 0.6378 0.0077 0.7701
vn 0.9465 0.1917 -0.2596
vn 0.7687 0.0090 0.6396
vn 0.1715 -0.0540 0.9837
vn -0.8811 0.4109 -0.2342
vn -0.9365 0.2900 0.1970
vn -0.0503 0.3641 0.9300
vn 0.6954 0.3806 0.6095
vn -0.7254 0.1508 0.6716
vn -0.7222 -0.0259 0.6912
vn 0.9074 0.4098 0.0931
vn 0.9255 0.1285 0.3562
vn 0.9903 0.1109 -0.0843
vn 0.2641 -0.1197 0.9570
vn -0.8848 -0.1242 -0.4491
vn -0.7255 -0.1939 -0.6604
vn -0.9637 -0.1350 -0.2303
vn -0.1381 -0.1232 0.9827
vn 0.1804 -0.2449 0.9526
vn 0.7431 0.2778 0.6088
vn 0.6206 0.6622 0.4199
vn 0.5925 0.0177 0.8054
vn 0.7107 -0.1730 -0.6819
vn 0.5076 -0.6321 -0.5855
vn 0.1405 -0.4578 -0.8779
vn -0.3756 -0.1531 0.9140
vn 0.0026 0.8044 0.5941
vn -0.5104 -0.0956 0.8546
vn 0.4197 0.1358 -0.8974
vn 0.0510 -0.8559 -0.5147
vn -0.3461 -0.8120 -0.4700
vn -0.2327 -0.2164 -0.9482
vn 0.5789 0.2372 0.7801
vn -0.1436 0.9180 -0.3695
vn -0.1328 0.9908 0.0245
vn 0.2226 0.9711 0.0859
vn 0.4930 0.8680 0.0587
vn 0.7150 0.6748 0.1825
vn -0.6378 0.0077 0.7701
vn -0.6218 -0.4275 0.6562
vn -0.7174 0.5153 -0.4688
vn -0.4562 0.6182 -0.6401
vn -0.9010 0.3567 -0.2467
vn -0.1299 -0.3043 0.9437
vn -0.2382 0.2965 -0.9248
vn -0.1258 -0.9865 0.1050
vn -0.2428 -0.9663 0.0857
vn 0.6282 0.2084 0.7496
vn -0.7815 0.5868 0.2120
vn -0.6282 0.2083 0.7496
vn -0.3315 0.1293 0.9345
vn -0.8251 0.1318 0.5493
vn -0.8286 -0.0471 0.5578
vn 0.3743 0.0845 -0.9234
vn 0.2151 0.2907 -0.9323
vn 0.2111 0.9774 -0.0128
vn 0.1788 0.1788 0.9675
vn 0.8356 -0.0054 0.5494
vn 0.7746 0.0096 0.6324
vn 0.7727 0.0130 0.6346
vn 0.7743 0.0008 0.6328
vn -0.7727 0.0131 0.6347
vn -0.7745 0.0092 0.6325
vn -0.7743 0.0008 0.6328
vn -0.8356 -0.0054 0.5494
vn 0.9896 -0.1200 0.0793
vn -0.7045 -0.1769 0.6873
vn -0.9820 0.1815 -0.0523
vn -0.6275 0.6590 0.4147
vn 0.0628 0.9808 -0.1848
vn -0.6795 -0.1816 0.7108
vn -0.1852 -0.2261 0.9563
vn -0.1699 -0.3588 0.9178
vn 0.1299 -0.3043 0.9437
vn -0.2111 0.9774 -0.0128
vn -0.2151 0.2907 -0.9323
vn 0.9643 -0.2570 -0.0635
vn 0.7642 -0.2353 0.6005
vn 0.4328 -0.2954 0.8517
vn -0.1849 0.9707 0.1534
vn 0.7513 -0.6209 -0.2239
vn -0.9492 -0.3147 0.0049
vn -0.0517 -0.9159 -0.3981
vn 0.7117 0.5166 -0.4761
vn 0.8748 0.3842 -0.2950
vn 0.4937 0.6093 -0.6205
vn 0.0117 -0.1894 0.9818
vn -0.0028 -0.0679 0.9977
vn 0.7343 0.0554 0.6766
vn 0.3161 0.2065 0.9260
vn -0.0638 0.6847 0.7260
vn 0.2887 0.9479 0.1344
vn -0.0648 0.9958 0.0652
vn -0.7928 0.1559 0.5892
vn 0.0637 0.6847 0.7260
vn -0.3161 0.2065 0.9260
vn 0.0028 -0.0679 0.9977
vn 0.9783 0.1863 0.0910
vn -0.4335 0.1326 0.8913
vn 0.4242 0.0513 0.9041
vn -0.4242 0.0513 0.9041
vn 0.4335 0.1326 0.8913
vn -0.1359 0.4589 -0.8780
vn -0.7343 0.0554 0.6766
vn -0.7642 -0.2353 0.6005
vn 0.1445 0.5004 0.8537
vn -0.0117 -0.1893 0.9818
vn -0.9643 -0.2570 -0.0635
vn -0.4328 -0.2954 0.8517
vn 0.0285 -0.3835 0.9231
vn -0.7391 -0.3288 -0.5879
vn 0.6162 0.7440 0.2585
vn -0.2072 0.1325 -0.9693
vn 0.2072 0.1325 -0.9693
vn -0.6386 0.7683 0.0443
vn 0.0125 -0.2037 0.9790
vn 0.8701 0.3134 0.3804
vn 0.3089 -0.9423 0.1292
vn 0.7619 -0.5514 -0.3399
vn 0.7460 -0.5561 -0.3664
vn 0.7210 -0.6174 -0.3145
vn 0.8359 -0.4584 -0.3020
vn -0.0125 -0.2037 0.9790
vn -0.6412 -0.0296 -0.7668
vn -0.0012 0.1912 -0.9815
vn -0.9558 0.2935 -0.0177
vn -0.7155 -0.3857 -0.5825
vn -0.0116 0.5759 0.8174
vn 0.0116 0.5759 0.8174
vt 0.875787 0.908978
vt 0.881557 0.922757
vt 0.863089 0.915828
vt 0.970687 0.093565
vt 0.979689 0.093565
vt 0.972673 0.103094
vt 0.861148 0.928931
vt 0.851349 0.928533
vt 0.234103 0.944675
vt 0.226433 0.917790
vt 0.235858 0.934212
vt 0.412673 0.965908
vt 0.413451 0.983123
vt 0.405659 0.984021
vt 0.334664 0.743253
vt 0.339372 0.743389
vt 0.334664 0.748774
vt 0.398947 0.984021
vt 0.399851 0.966546
vt 0.219231 0.948607
vt 0.210754 0.919575
vt 0.871241 0.946387
vt 0.981675 0.360240
vt 0.976459 0.351074
vt 0.983632 0.350320
vt 0.205799 0.918963
vt 0.211514 0.946907
vt 0.205799 0.942114
vt 0.227283 0.947554
vt 0.859384 0.943512
vt 0.529411 0.946228
vt 0.528868 0.941227
vt 0.532869 0.945478
vt 0.533237 0.951421
vt 0.391824 0.869500
vt 0.390296 0.858745
vt 0.397531 0.860634
vt 0.974307 0.726692
vt 0.970592 0.729048
vt 0.970592 0.719619
vt 0.995646 0.054563
vt 0.989876 0.043772
vt 0.996562 0.043266
vt 0.989910 0.065985
vt 0.989772 0.055324
vt 0.529480 0.951860
vt 0.533912 0.960411
vt 0.529550 0.960883
vt 0.144558 0.953301
vt 0.143729 0.964678
vt 0.137194 0.954469
vt 0.865386 0.951778
vt 0.631809 0.954017
vt 0.638059 0.955008
vt 0.633040 0.966833
vt 0.989211 0.759228
vt 0.993160 0.763964
vt 0.989441 0.764068
vt 0.851349 0.946433
vt 0.852765 0.936177
vt 0.996070 0.826795
vt 0.990928 0.826935
vt 0.990395 0.815593
vt 0.988255 0.779597
vt 0.992931 0.779519
vt 0.985898 0.789946
vt 0.989856 0.923547
vt 0.989990 0.910655
vt 0.996947 0.921422
vt 0.996664 0.814683
vt 0.989155 0.770208
vt 0.993098 0.770259
vt 0.638943 0.740975
vt 0.634034 0.730258
vt 0.638504 0.730329
vt 0.112163 0.977115
vt 0.116698 0.966354
vt 0.116562 0.976860
vt 0.638592 0.979616
vt 0.638884 0.967747
vt 0.472536 0.988942
vt 0.474346 0.978474
vt 0.480656 0.988942
vt 0.478719 0.978653
vt 0.901765 0.662673
vt 0.894270 0.655938
vt 0.901765 0.653436
vt 0.250357 0.993191
vt 0.250737 0.998164
vt 0.247006 0.993563
vt 0.921008 0.557026
vt 0.915813 0.564087
vt 0.914514 0.555183
vt 0.249678 0.895940
vt 0.254637 0.896275
vt 0.248902 0.903322
vt 0.898866 0.986381
vt 0.902541 0.982479
vt 0.902304 0.987560
vt 0.915342 0.655191
vt 0.922036 0.653436
vt 0.922036 0.661241
vt 0.137212 0.965663
vt 0.110104 0.986993
vt 0.251304 0.981525
vt 0.247072 0.989255
vt 0.247006 0.982006
vt 0.919958 0.573578
vt 0.915463 0.572700
vt 0.921008 0.564496
vt 0.112978 0.959028
vt 0.112818 0.954094
vt 0.116631 0.958871
vt 0.115845 0.953993
vt 0.278921 0.966423
vt 0.281395 0.947429
vt 0.286262 0.963450
vt 0.981978 0.211337
vt 0.970349 0.210599
vt 0.974456 0.195274
vt 0.978217 0.237629
vt 0.974312 0.236953
vt 0.688485 0.933165
vt 0.684099 0.933088
vt 0.683677 0.922251
vt 0.216564 0.987782
vt 0.216794 0.981641
vt 0.220362 0.988077
vt 0.995637 0.071801
vt 0.990592 0.072219
vt 0.995048 0.065545
vt 0.281899 0.977790
vt 0.287536 0.976256
vt 0.265657 0.867332
vt 0.265657 0.884405
vt 0.262608 0.879834
vt 0.880388 0.948067
vt 0.138670 0.985907
vt 0.143701 0.985364
vt 0.144558 0.987784
vt 0.459094 0.552834
vt 0.459094 0.549268
vt 0.461751 0.552321
vt 0.997256 0.302168
vt 0.993568 0.302239
vt 0.997251 0.295287
vt 0.999024 0.761855
vt 0.996976 0.764455
vt 0.993160 0.761467
vt 0.993740 0.344843
vt 0.987372 0.354401
vt 0.985906 0.344467
vt 0.993266 0.770474
vt 0.997140 0.770546
vt 0.994155 0.780888
vt 0.688141 0.942117
vt 0.687967 0.948192
vt 0.683677 0.948199
vt 0.688461 0.950642
vt 0.919838 0.579475
vt 0.914514 0.581305
vt 0.915534 0.578966
vt 0.750619 0.313108
vt 0.748175 0.316120
vt 0.748175 0.313047
vt 0.991513 0.844684
vt 0.995981 0.844559
vt 0.996664 0.846950
vt 0.994992 0.910479
vt 0.910517 0.111234
vt 0.910517 0.107542
vt 0.913053 0.110843
vt 0.992325 0.759138
vt 0.632533 0.986974
vt 0.637564 0.987563
vt 0.112589 0.966593
vt 0.137554 0.977795
vt 0.634213 0.747866
vt 0.638686 0.747874
vt 0.990960 0.837842
vt 0.250855 0.988743
vt 0.683989 0.942344
vt 0.993160 0.791690
vt 0.633691 0.716236
vt 0.639069 0.716900
vt 0.976459 0.361706
vt 0.117764 0.986993
vt 0.535946 0.967507
vt 0.528868 0.970711
vt 0.998865 0.780888
vt 0.978167 0.102599
vt 0.993459 0.764092
vt 0.978993 0.109621
vt 0.975477 0.111141
vt 0.993956 0.309665
vt 0.993740 0.354872
vt 0.991878 0.362242
vt 0.919644 0.205921
vt 0.919644 0.201686
vt 0.922019 0.205063
vt 0.994916 0.759138
vt 0.395916 0.887366
vt 0.390296 0.888972
vt 0.390881 0.886607
vt 0.996562 0.074041
vt 0.531745 0.940715
vt 0.690892 0.770169
vt 0.688432 0.770640
vt 0.690892 0.767274
vt 0.688552 0.767339
vt 0.220054 0.982183
vt 0.946663 0.560508
vt 0.950742 0.560508
vt 0.949971 0.565963
vt 0.277946 0.948677
vt 0.973208 0.492881
vt 0.976840 0.484045
vt 0.976840 0.493385
vt 0.248185 0.998607
vt 0.750505 0.315662
vt 0.995454 0.837720
vt 0.398315 0.870848
vt 0.397623 0.881444
vt 0.633691 0.750406
vt 0.913060 0.107745
vt 0.631809 0.989494
vt 0.461737 0.549305
vt 0.405340 0.954622
vt 0.277946 0.982395
vt 0.987749 0.361299
vt 0.992723 0.295167
vt 0.997256 0.293111
vt 0.922267 0.201495
vt 0.857956 0.949914
vt 0.392497 0.880589
vt 0.256150 0.903322
vt 0.687631 0.921992
vt 0.211879 0.905146
vt 0.208736 0.904308
vt 0.981968 0.195274
vt 0.478317 0.967618
vt 0.474334 0.967367
vt 0.474629 0.959686
vt 0.633300 0.978994
vt 0.143170 0.977170
vt 0.478184 0.959957
vt 0.899579 0.981661
vt 0.224664 0.904409
vt 0.219304 0.905382
vt 0.993883 0.900800
vt 0.990074 0.900959
vt 0.989856 0.894226
vt 0.634731 0.741036
vt 0.993545 0.894360
vt 0.898101 0.993326
vt 0.220865 0.997546
vt 0.216564 0.996988
vt 0.902541 0.995212
vt 0.881227 0.910870
vt 0.873101 0.950865
vt 0.936728 0.653436
vt 0.939350 0.662400
vt 0.933905 0.662400
vt 0.936554 0.844300
vt 0.933687 0.851518
vt 0.930976 0.844300
vt 0.864967 0.650840
vt 0.853837 0.654477
vt 0.853198 0.648798
vt 0.824031 0.966104
vt 0.844705 0.963893
vt 0.833543 0.976428
vt 0.825994 0.959898
vt 0.826285 0.952585
vt 0.897851 0.997899
vt 0.893336 0.986332
vt 0.897851 0.981338
vt 0.872038 0.986952
vt 0.863566 0.997399
vt 0.863566 0.974940
vt 0.721741 0.725062
vt 0.731874 0.733083
vt 0.721741 0.781598
vt 0.891386 0.109666
vt 0.879862 0.104268
vt 0.879875 0.098715
vt 0.020434 0.966864
vt 0.010671 0.976653
vt 0.000000 0.963583
vt 0.316464 0.982113
vt 0.316464 0.996215
vt 0.312432 0.991136
vt 0.172995 0.821804
vt 0.165466 0.813593
vt 0.181242 0.812092
vt 0.341779 0.987201
vt 0.349996 0.976651
vt 0.349996 0.998473
vt 0.721741 0.836323
vt 0.721741 0.781598
vt 0.731526 0.829448
vt 0.933416 0.974535
vt 0.926677 0.997192
vt 0.926677 0.979483
vt 0.936531 0.982603
vt 0.695839 0.951854
vt 0.702300 0.927118
vt 0.714289 0.945855
vt 0.784978 0.751230
vt 0.792288 0.831377
vt 0.786557 0.831702
vt 0.943467 0.568011
vt 0.948761 0.650819
vt 0.943467 0.652477
vt 0.959644 0.927363
vt 0.953651 0.853078
vt 0.960992 0.851914
vt 0.952441 0.928958
vt 0.952265 0.845956
vt 0.946811 0.759138
vt 0.953947 0.760452
vt 0.946811 0.844910
vt 0.273297 0.724148
vt 0.276840 0.715699
vt 0.276840 0.725379
vt 0.269494 0.721992
vt 0.900242 0.476235
vt 0.895581 0.485107
vt 0.895581 0.475531
vt 0.939350 0.653467
vt 0.945080 0.661851
vt 0.939350 0.661501
vt 0.943101 0.653436
vt 0.240535 0.724970
vt 0.249972 0.718852
vt 0.249206 0.726067
vt 0.240858 0.719534
vt 0.772998 0.985564
vt 0.779857 0.986328
vt 0.780551 0.993728
vt 0.983867 0.042448
vt 0.980877 0.035455
vt 0.983867 0.032157
vt 0.928450 0.653436
vt 0.927956 0.661228
vt 0.923586 0.661319
vt 0.256164 0.820963
vt 0.255301 0.895299
vt 0.248902 0.895940
vt 0.248902 0.821874
vt 0.953637 0.410011
vt 0.953417 0.494121
vt 0.947423 0.493359
vt 0.947532 0.187580
vt 0.944360 0.111448
vt 0.951727 0.112404
vt 0.952995 0.748975
vt 0.951596 0.664610
vt 0.958426 0.663595
vt 0.945513 0.749637
vt 0.945513 0.664456
vt 0.888178 0.475531
vt 0.891830 0.484134
vt 0.888178 0.485143
vt 0.895581 0.481874
vt 0.908800 0.653436
vt 0.905865 0.662141
vt 0.901766 0.658929
vt 0.945257 0.759122
vt 0.951016 0.751366
vt 0.951016 0.759025
vt 0.947236 0.751096
vt 0.462512 0.778060
vt 0.461935 0.770466
vt 0.469446 0.770466
vt 0.468090 0.778119
vt 0.765387 0.993728
vt 0.772998 0.985560
vt 0.772598 0.990778
vt 0.766051 0.986329
vt 0.924545 0.844300
vt 0.929275 0.851768
vt 0.924896 0.851669
vt 0.453229 0.939818
vt 0.453229 0.955202
vt 0.450096 0.945891
vt 0.990065 0.893274
vt 0.994583 0.880969
vt 0.994583 0.893757
vt 0.932385 0.565524
vt 0.927303 0.558600
vt 0.932385 0.555183
vt 0.330225 0.939078
vt 0.330225 0.949263
vt 0.326972 0.946585
vt 0.999722 0.320460
vt 0.993038 0.329908
vt 0.994482 0.319283
vt 0.997427 0.331181
vt 0.993494 0.337443
vt 0.633691 0.691320
vt 0.639086 0.716236
vt 0.633718 0.713860
vt 0.639086 0.691034
vt 0.536546 0.974611
vt 0.532265 0.992058
vt 0.532265 0.970948
vt 0.999570 0.384256
vt 0.999570 0.408262
vt 0.994385 0.385676
vt 0.360556 0.951228
vt 0.360556 0.929054
vt 0.365194 0.950672
vt 0.936214 0.924325
vt 0.926677 0.947831
vt 0.931414 0.921501
vt 0.998643 0.663594
vt 0.996237 0.682298
vt 0.994885 0.667636
vt 0.998643 0.683022
vt 0.078879 0.986384
vt 0.078879 0.954516
vt 0.090989 0.967725
vt 0.518910 0.970948
vt 0.532265 0.992175
vt 0.518910 0.993502
vt 0.994885 0.685609
vt 0.987249 0.663594
vt 0.994885 0.667374
vt 0.983130 0.672669
vt 0.429236 0.978480
vt 0.440004 0.996355
vt 0.432164 0.995360
vt 0.440004 0.979846
vt 0.739959 0.981932
vt 0.740609 0.994685
vt 0.732672 0.994835
vt 0.450096 0.922506
vt 0.450096 0.903412
vt 0.453302 0.907942
vt 0.464072 0.642805
vt 0.461719 0.622423
vt 0.464072 0.621777
vt 0.984549 0.156335
vt 0.979380 0.154620
vt 0.979380 0.144665
vt 0.984501 0.144996
vt 0.946663 0.556865
vt 0.942145 0.565963
vt 0.942145 0.555183
vt 0.946186 0.565033
vt 0.224511 0.981641
vt 0.224511 0.994873
vt 0.220865 0.983863
vt 0.552843 0.987593
vt 0.552348 0.998324
vt 0.548530 0.987100
vt 0.295816 0.986658
vt 0.301039 0.987224
vt 0.301974 0.996307
vt 0.172016 0.972518
vt 0.176064 0.945072
vt 0.176241 0.972518
vt 0.993943 0.991340
vt 0.993943 0.966495
vt 0.998984 0.990188
vt 0.329839 0.954188
vt 0.325903 0.974238
vt 0.325903 0.950300
vt 0.058384 0.795297
vt 0.064226 0.794715
vt 0.064785 0.816277
vt 0.965146 0.312526
vt 0.970032 0.309712
vt 0.976459 0.335998
vt 0.965146 0.360322
vt 0.970309 0.336142
vt 0.836026 0.311774
vt 0.853226 0.303971
vt 0.854731 0.315472
vt 0.503242 0.981047
vt 0.518910 0.976050
vt 0.518725 0.986829
vt 0.501366 0.988973
vt 0.835353 0.977039
vt 0.835353 0.994461
vt 0.824031 0.995097
vt 0.273250 0.771667
vt 0.267492 0.727769
vt 0.277362 0.726468
vt 0.925552 0.919653
vt 0.921859 0.880988
vt 0.936212 0.883518
vt 0.915623 0.919618
vt 0.649650 0.614439
vt 0.651697 0.646568
vt 0.643929 0.658393
vt 0.693741 0.770015
vt 0.701049 0.726744
vt 0.712462 0.725062
vt 0.721741 0.730898
vt 0.720231 0.766068
vt 0.706860 0.769296
vt 0.278854 0.802440
vt 0.265705 0.897495
vt 0.265705 0.786581
vt 0.663173 0.767353
vt 0.652640 0.677040
vt 0.663660 0.664472
vt 0.901089 0.296499
vt 0.888198 0.209877
vt 0.915945 0.206689
vt 0.874966 0.375318
vt 0.880645 0.486087
vt 0.853198 0.486087
vt 0.861470 0.604997
vt 0.865248 0.648798
vt 0.854547 0.648774
vt 0.925798 0.553277
vt 0.915121 0.517630
vt 0.929469 0.514996
vt 0.935726 0.553234
vt 0.323714 0.747430
vt 0.312421 0.705826
vt 0.320377 0.714260
vt 0.013030 0.679945
vt 0.024841 0.730683
vt 0.013786 0.727986
vt 0.034861 0.727078
vt 0.025914 0.681912
vt 0.038637 0.688276
vt 0.867903 0.574329
vt 0.853361 0.591579
vt 0.853198 0.486087
vt 0.380153 0.833757
vt 0.368588 0.829860
vt 0.365860 0.722585
vt 0.390295 0.728753
vt 0.245931 0.808706
vt 0.230178 0.808001
vt 0.246276 0.768576
vt 0.641462 0.686567
vt 0.639347 0.768279
vt 0.315748 0.682233
vt 0.304227 0.675786
vt 0.288277 0.592155
vt 0.165223 0.768237
vt 0.026391 0.583343
vt -0.000000 0.578956
vt 0.635032 0.668709
vt 0.638614 0.665421
vt 0.204265 0.870132
vt 0.201539 0.873281
vt 0.198009 0.848903
vt 0.363046 0.851949
vt 0.361771 0.876784
vt 0.359485 0.854882
vt 0.908530 0.921501
vt 0.908513 0.882307
vt 0.404747 0.903413
vt 0.420808 0.819640
vt 0.421765 0.902549
vt 0.888198 0.298949
vt 0.227040 0.820963
vt 0.243054 0.904308
vt 0.226036 0.903361
vt 0.942818 0.516377
vt 0.942823 0.555183
vt 0.053039 0.578956
vt 0.040445 0.673337
vt 0.970679 0.362745
vt 0.694339 0.854683
vt 0.719839 0.864613
vt 0.177588 0.771531
vt 0.205799 0.733342
vt 0.406922 0.578947
vt 0.390295 0.629893
vt 0.390295 0.536216
vt 0.210505 0.904308
vt 0.205799 0.823019
vt 0.188859 0.728293
vt 0.167364 0.726468
vt 0.936214 0.972125
vt 0.930710 0.974535
vt 0.205799 0.738393
vt 0.233923 0.772112
vt 0.398947 0.822294
vt 0.878596 0.489434
vt 0.964147 0.266740
vt 0.964147 0.304701
vt 0.939628 0.275471
vt 0.953481 0.395623
vt 0.936737 0.348702
vt 0.953481 0.309712
vt 0.244060 0.726468
vt 0.265705 0.729412
vt 0.462208 0.819640
vt 0.462208 0.871046
vt 0.442050 0.859258
vt 0.288081 0.888990
vt 0.565922 0.929930
vt 0.569333 0.907504
vt 0.569333 0.933371
vt 0.993241 0.702025
vt 0.997712 0.701001
vt 0.997389 0.712850
vt 0.314219 0.749211
vt 0.993038 0.309712
vt 0.999468 0.310802
vt 0.993070 0.711593
vt 0.297868 0.979254
vt 0.301974 0.981870
vt 0.983130 0.700031
vt 0.983130 0.685609
vt 0.987688 0.693061
vt 0.639347 0.615410
vt 0.732672 0.971492
vt 0.754181 0.938851
vt 0.754181 0.978874
vt 0.187922 0.978564
vt 0.198066 0.976231
vt 0.198066 0.997411
vt 0.248902 0.823759
vt 0.145767 0.728064
vt 0.980044 0.481801
vt 0.984322 0.489893
vt 0.980044 0.493451
vt 0.947423 0.409867
vt 0.437296 0.903413
vt 0.442050 0.821569
vt 0.222607 0.729517
vt 0.956368 0.650326
vt 0.948899 0.566332
vt 0.953855 0.566682
vt 0.958187 0.195011
vt 0.961880 0.188132
vt 0.963148 0.195274
vt 0.019056 0.960531
vt 0.791427 0.750585
vt 0.331126 0.697051
vt 0.000000 0.976653
vt 0.010428 0.976653
vt 0.004586 0.996628
vt 0.306070 0.580796
vt 0.164857 0.603604
vt 0.163654 0.632052
vt 0.160609 0.603604
vt 0.334664 0.579831
vt 0.688432 0.770835
vt 0.059764 0.769836
vt 0.235858 0.952003
vt 0.235858 0.904308
vt 0.254890 0.912808
vt 0.709480 0.954911
vt 0.695842 0.959473
vt 0.932597 0.947984
vt 0.501366 0.970948
vt 0.378707 0.849403
vt 0.367817 0.838161
vt 0.379199 0.841823
vt 0.891386 0.097462
vt 0.172106 0.947831
vt 0.201844 0.848929
vt 0.200768 0.824088
vt 0.864967 0.662895
vt 0.861788 0.359796
vt 0.862796 0.316299
vt 0.874350 0.359091
vt 0.064785 0.772227
vt 0.966431 0.928078
vt 0.148621 0.813533
vt 0.301974 0.979255
vt 0.307374 0.988298
vt 0.301974 0.999185
vt 0.959504 0.846159
vt 0.247006 0.985062
vt 0.241413 0.995687
vt 0.241413 0.981525
vt 0.365650 0.876760
vt 0.018812 0.953255
vt 0.000000 0.950550
vt 0.556313 0.995863
vt 0.992962 0.932096
vt 0.999315 0.950058
vt 0.992962 0.953202
vt 0.960499 0.411791
vt 0.365650 0.851949
vt 0.359809 0.797389
vt 0.365650 0.797262
vt 0.844705 0.950754
vt 0.262802 0.809429
vt 0.940766 0.188424
vt 0.954773 0.188942
vt 0.238452 0.818085
vt 0.936799 0.852990
vt 0.993213 0.195274
vt 0.992449 0.213833
vt 0.981978 0.210255
vt 0.061279 0.818964
vt 0.914514 0.487266
vt 0.861948 0.376363
vt 0.551343 0.976766
vt 0.556313 0.977626
vt 0.834991 0.303078
vt 0.854731 0.294441
vt 0.984905 0.231365
vt 0.991799 0.249040
vt 0.985187 0.249134
vt 0.984905 0.265390
vt 0.267634 0.715699
vt 0.258660 0.719677
vt 0.259671 0.715699
vt 0.902742 0.485946
vt 0.905018 0.476164
vt 0.909053 0.478638
vt 0.267434 0.723458
vt 0.259105 0.725703
vt 0.266984 0.718746
vt 0.793094 0.946822
vt 0.793094 0.927505
vt 0.799126 0.932167
vt 0.973208 0.493609
vt 0.969124 0.488540
vt 0.973208 0.484045
vt 0.359485 0.897991
vt 0.902698 0.478555
vt 0.902742 0.483106
vt 0.773422 0.990783
vt 0.987816 0.695777
vt 0.659253 0.614709
vt 0.204265 0.827023
vt 0.982747 0.195894
vt 0.688500 0.927656
vt 0.988340 0.481801
vt 0.988340 0.493192
vt 0.984322 0.483921
vt 0.365860 0.888710
vt 0.367506 0.845973
vt 0.334664 0.747997
vt 0.873740 0.316492
vt 0.296993 0.997541
vt 0.719988 0.779754
vt 0.252481 0.817252
vt 0.265705 0.820963
vt 0.145767 0.824088
vt 0.158961 0.821108
vt 0.987816 0.719619
vt 0.947059 0.486779
vt 0.930028 0.486087
vt 0.939075 0.844300
vt 0.942110 0.851214
vt 0.936554 0.851214
vt 0.992273 0.233435
vt 0.688500 0.963337
vt 0.982874 0.218502
vt 0.954773 0.113545
vt 0.904253 0.852545
vt 0.921281 0.851914
vt 0.732672 0.978874
vt 0.392108 0.953426
vt 0.392108 0.945849
vt 0.397169 0.951163
vt 0.798779 0.881217
vt 0.798779 0.927505
vt 0.793094 0.883378
vt 0.245773 0.816322
vt 0.165656 0.820543
vt 0.938931 0.111896
vt 0.835813 0.296677
vt 0.827077 0.976428
vt 0.989050 0.528722
vt 0.989050 0.565226
vt 0.980364 0.532992
vt 0.583309 0.807526
vt 0.583125 0.799923
vt 0.587675 0.798654
vt 0.964147 0.308607
vt 0.964147 0.301465
vt 0.967609 0.305597
vt 0.967609 0.308106
vt 0.967609 0.301465
vt 0.971271 0.304403
vt 0.965010 0.484578
vt 0.964822 0.491875
vt 0.960499 0.484045
vt 0.240535 0.717140
vt 0.249440 0.715699
vt 0.957132 0.760163
vt 0.931117 0.921501
vt 0.402803 0.717071
vt 0.398159 0.713163
vt 0.402803 0.711207
vt 0.375747 0.890793
vt 0.853450 0.607292
vt 0.993213 0.220033
vt 0.798683 0.831867
vt 0.922036 0.653436
vt 0.798683 0.751176
vt 0.960499 0.492952
vt 0.956368 0.560498
vt 0.956368 0.566332
vt 0.952684 0.562925
vt 0.059834 0.818964
vt 0.062858 0.823549
vt 0.058384 0.823549
vt 0.587675 0.807836
vt 0.979924 0.484490
vt 0.976840 0.493700
vt 0.976840 0.484045
vt 0.861997 0.368389
vt 0.874786 0.367515
vt 0.265920 0.770344
vt 0.265925 0.778778
vt 0.153122 0.771005
vt 0.258393 0.771683
vt 0.966431 0.852263
vt 0.773736 0.982621
vt 0.780551 0.980922
vt 0.992273 0.262403
vt 0.963148 0.187608
vt 0.967361 0.195274
vt 0.963148 0.194789
vt 0.853198 0.599700
vt 0.262608 0.821882
vt 0.235857 0.981525
vt 0.241413 0.995605
vt 0.235857 0.996048
vt 0.407305 0.711207
vt 0.407305 0.717245
vt 0.402803 0.713461
vt 0.920235 0.555183
vt 0.772288 0.982617
vt 0.902742 0.475531
vt 0.267634 0.719964
vt 0.958187 0.188026
vt 0.966107 0.187690
vt 0.908800 0.662522
vt 0.765387 0.980922
vt 0.930976 0.844300
vt 0.261027 0.895915
vt 0.365670 0.738241
vt 0.365670 0.748098
vt 0.363391 0.747298
vt 0.721741 0.773118
vt 0.041185 0.680843
vt 0.987759 0.814244
vt 0.987759 0.792494
vt 0.996515 0.803643
vt 0.989366 0.123230
vt 0.997988 0.130373
vt 0.991498 0.136831
vt 0.330271 0.958361
vt 0.347785 0.976651
vt 0.330271 0.974028
vt 0.351336 0.966004
vt 0.342930 0.951540
vt 0.131554 0.681573
vt 0.109392 0.659622
vt 0.121405 0.616212
vt 0.390295 0.424333
vt 0.407881 0.409149
vt 0.407881 0.446445
vt 0.104789 0.614769
vt 0.083252 0.660424
vt 0.145011 0.656593
vt 0.141627 0.634136
vt 0.144442 0.636252
vt 0.141627 0.675756
vt 0.141871 0.656724
vt 0.145667 0.900051
vt 0.145667 0.915539
vt 0.143444 0.901538
vt 0.450096 0.938568
vt 0.452964 0.922506
vt 0.452964 0.939817
vt 0.875288 0.662950
vt 0.864967 0.648798
vt 0.875664 0.648798
vt 0.865143 0.661620
vt 0.904707 0.982357
vt 0.916639 0.982232
vt 0.917059 0.991256
vt 0.916023 0.974799
vt 0.904360 0.975178
vt 0.994005 0.369672
vt 0.982375 0.379807
vt 0.982451 0.370363
vt 0.969126 0.625669
vt 0.980830 0.612482
vt 0.981911 0.625581
vt 0.514927 0.661334
vt 0.529099 0.613840
vt 0.529394 0.644797
vt 0.511040 0.607332
vt 0.922108 0.260682
vt 0.924716 0.211494
vt 0.939628 0.206689
vt 0.066962 0.612150
vt 0.080186 0.658674
vt 0.058666 0.656639
vt 0.632720 0.707050
vt 0.633691 0.751991
vt 0.615880 0.709200
vt 0.606794 0.665421
vt 0.633691 0.682997
vt 0.604597 0.775004
vt 0.593563 0.765784
vt 0.632187 0.784906
vt 0.609184 0.791433
vt 0.447916 0.977912
vt 0.431539 0.959406
vt 0.447916 0.956075
vt 0.265625 0.847955
vt 0.265625 0.867332
vt 0.262608 0.848778
vt 0.485644 0.965252
vt 0.492378 0.983193
vt 0.481197 0.983922
vt 0.499363 0.966162
vt 0.499363 0.982873
vt 0.500826 0.947297
vt 0.481197 0.928053
vt 0.500009 0.933202
vt 0.481767 0.948394
vt 0.341451 0.747679
vt 0.363391 0.723598
vt 0.360424 0.746513
vt 0.091963 0.978852
vt 0.094865 0.955594
vt 0.110104 0.969003
vt 0.873155 0.294441
vt 0.888068 0.294441
vt 0.882412 0.315599
vt 0.799319 0.938081
vt 0.817333 0.955557
vt 0.799319 0.956315
vt 0.809362 0.934598
vt 0.824031 0.942848
vt 0.813900 0.924011
vt 0.805655 0.913832
vt 0.983633 0.302376
vt 0.992722 0.303386
vt 0.986964 0.309665
vt 0.732672 0.614778
vt 0.743524 0.614531
vt 0.751114 0.640216
vt 0.255771 0.973295
vt 0.255771 0.997410
vt 0.252362 0.974692
vt 0.461719 0.602387
vt 0.461719 0.577466
vt 0.464413 0.601276
vt 0.566840 0.885310
vt 0.569592 0.907504
vt 0.565922 0.907192
vt 0.569592 0.880492
vt 0.365688 0.722585
vt 0.365688 0.738241
vt 0.363391 0.737418
vt 0.797767 0.831867
vt 0.800247 0.848233
vt 0.797767 0.849353
vt 0.247207 0.679942
vt 0.242777 0.625047
vt 0.265071 0.676260
vt 0.211711 0.995022
vt 0.205799 0.988288
vt 0.211711 0.981641
vt 0.888068 0.314220
vt 0.904474 0.299026
vt 0.904474 0.315599
vt 0.551921 0.567895
vt 0.575152 0.567679
vt 0.577412 0.591612
vt 0.552158 0.589533
vt 0.573999 0.613401
vt 0.549910 0.644659
vt 0.551249 0.613580
vt 0.569551 0.644404
vt 0.259696 0.644361
vt 0.129900 0.918947
vt 0.118527 0.904262
vt 0.133260 0.900051
vt 0.123975 0.919356
vt 0.118527 0.934581
vt 0.460040 0.989940
vt 0.453415 0.996691
vt 0.453415 0.980118
vt 0.990307 0.117797
vt 0.997988 0.111448
vt 0.205799 0.969202
vt 0.219783 0.965813
vt 0.216014 0.974850
vt 0.145801 0.976735
vt 0.155125 0.973065
vt 0.157914 0.985147
vt 0.679086 0.992338
vt 0.664835 0.969626
vt 0.679086 0.975033
vt 0.668075 0.992219
vt 0.317458 0.981153
vt 0.318947 0.963316
vt 0.325903 0.961564
vt 0.968525 0.650446
vt 0.968502 0.659959
vt 0.956368 0.662514
vt 0.976409 0.652401
vt 0.968529 0.636399
vt 0.976559 0.637760
vt 0.970072 0.512849
vt 0.979149 0.495132
vt 0.978984 0.510526
vt 0.961700 0.494121
vt 0.961700 0.511296
vt 0.548530 0.991470
vt 0.540064 0.981050
vt 0.548530 0.976766
vt 0.878596 0.653436
vt 0.887016 0.658577
vt 0.878596 0.662951
vt 0.991684 0.511488
vt 0.979149 0.511518
vt 0.979260 0.502060
vt 0.664813 0.893140
vt 0.639347 0.921992
vt 0.639347 0.867611
vt 0.393577 0.471016
vt 0.407611 0.479086
vt 0.403357 0.528297
vt 0.230758 0.672560
vt 0.288277 0.965912
vt 0.306900 0.950941
vt 0.308144 0.965005
vt 0.341451 0.722585
vt 0.252239 0.592984
vt 0.232173 0.590594
vt 0.230758 0.553325
vt 0.549946 0.669489
vt 0.568499 0.666428
vt 0.556090 0.707288
vt 0.588417 0.685200
vt 0.520666 0.701152
vt 0.501366 0.693959
vt 0.530690 0.666798
vt 0.968924 0.614218
vt 0.137194 0.978389
vt 0.118527 0.978389
vt 0.135391 0.957141
vt 0.969966 0.529806
vt 0.962811 0.530890
vt 0.981450 0.309665
vt 0.511897 0.591271
vt 0.288277 0.950300
vt 0.991702 0.502955
vt 0.145767 0.985267
vt 0.587098 0.700502
vt 0.263004 0.622654
vt 0.281118 0.590086
vt 0.214138 0.958836
vt 0.123063 0.940695
vt 0.140947 0.941692
vt 0.994030 0.380264
vt 0.119105 0.953301
vt 0.127313 0.953301
vt 0.144442 0.673451
vt 0.481197 0.965252
vt 0.957361 0.654111
vt 0.958426 0.730262
vt 0.975891 0.747230
vt 0.958426 0.758322
vt 0.609501 0.805033
vt 0.629021 0.808128
vt 0.053039 0.689158
vt 0.083061 0.713782
vt 0.065154 0.713089
vt 0.224530 0.978739
vt 0.321083 0.950300
vt 0.308144 0.964582
vt 0.308144 0.955015
vt 0.079234 0.690687
vt 0.083105 0.692450
vt 0.113809 0.692407
vt 0.093887 0.698005
vt 0.983164 0.636323
vt 0.968924 0.635467
vt 0.436384 0.940421
vt 0.450096 0.925348
vt 0.447170 0.941975
vt 0.107705 0.590660
vt 0.084974 0.614511
vt 0.083105 0.580684
vt 0.083061 0.612820
vt 0.062447 0.587804
vt 0.082043 0.578956
vt 0.735040 0.640582
vt 0.734855 0.670664
vt 0.733011 0.735069
vt 0.750654 0.734413
vt 0.732672 0.762479
vt 0.768791 0.761119
vt 0.753012 0.786849
vt 0.970179 0.496770
vt 0.758038 0.670137
vt 0.749607 0.711786
vt 0.763696 0.711429
vt 0.587919 0.482763
vt 0.594424 0.492143
vt 0.587919 0.497467
vt 0.993871 0.976959
vt 0.985701 0.995122
vt 0.986079 0.977821
vt 0.178791 0.995895
vt 0.176931 0.976231
vt 0.187922 0.995818
vt 0.187922 0.976902
vt 0.094993 0.708431
vt 0.087512 0.715442
vt 0.440837 0.951198
vt 0.110104 0.953993
vt 0.598923 0.715898
vt 0.251928 0.696775
vt 0.266080 0.698258
vt 0.251739 0.715699
vt 0.500009 0.959172
vt 0.567015 0.548057
vt 0.550757 0.547934
vt 0.307689 0.976899
vt 0.289156 0.979255
vt 0.688500 0.916315
vt 0.765344 0.990613
vt 0.755387 0.979091
vt 0.765344 0.976566
vt 0.754181 0.994281
vt 0.308740 0.981999
vt 0.141627 0.571774
vt 0.391371 0.536216
vt 0.143444 0.916249
vt 0.213960 0.981641
vt 0.887893 0.996216
vt 0.887893 0.981338
vt 0.893336 0.991663
vt 0.536550 0.992994
vt 0.587098 0.571832
vt 0.939628 0.293038
vt 0.924320 0.292241
vt 0.978534 0.529738
vt 0.740609 0.989559
vt 0.746605 0.978874
vt 0.746605 0.999764
vt 0.981602 0.294511
vt 0.992178 0.292771
vt 0.145767 0.994371
vt 0.156730 0.993229
vt 0.980611 0.494121
vt 0.323839 0.982113
vt 0.993943 0.994159
vt 0.982375 0.362745
vt 0.733368 0.720866
vt 0.749998 0.720240
vt 0.750254 0.725760
vt 0.766109 0.733907
vt 0.655955 0.994257
vt 0.647331 0.979439
vt 0.655955 0.978794
vt 0.765182 0.725309
vt 0.764599 0.719828
vt 0.622634 0.993685
vt 0.614213 0.979745
vt 0.622634 0.979079
vt 0.981654 0.520473
vt 0.205578 0.878681
vt 0.198009 0.889460
vt 0.198009 0.873281
vt 0.985840 0.968732
vt 0.901425 0.111437
vt 0.907513 0.097462
vt 0.910517 0.111437
vt 0.429236 0.935746
vt 0.904253 0.991256
vt 0.450096 0.956075
vt 0.224530 0.954200
vt 0.969061 0.608766
vt 0.991702 0.520592
vt 0.288276 0.994080
vt 0.295816 0.979254
vt 0.295816 0.994701
vt 0.461719 0.621777
vt 0.461719 0.602387
vt 0.464337 0.603130
vt 0.901425 0.104238
vt 0.891386 0.110460
vt 0.891386 0.097462
vt 0.583684 0.559859
vt 0.112461 0.697905
vt 0.118619 0.696853
vt 0.904434 0.965952
vt 0.233141 0.623223
vt 0.915945 0.260894
vt 0.647294 0.994374
vt 0.614173 0.993838
vt 0.432485 0.903412
vt 0.993547 0.385901
vt 0.820139 0.926421
vt 0.223859 0.948607
vt 0.976559 0.661298
vt 0.993943 0.966495
vt 0.287407 0.553381
vt 0.288131 0.564713
vt 0.287407 0.564772
vt 0.406922 0.562477
vt 0.407698 0.571717
vt 0.406922 0.572057
vt 0.464412 0.556482
vt 0.463580 0.556327
vt 0.461975 0.549268
vt 0.462783 0.567147
vt 0.463470 0.567275
vt 0.461975 0.577332
vt 0.782278 0.980922
vt 0.765387 0.947046
vt 0.784183 0.947046
vt 0.630435 0.821551
vt 0.569839 0.808128
vt 0.633691 0.808128
vt 0.603522 0.856808
vt 0.626250 0.857172
vt 0.630304 0.874466
vt 0.353729 0.917094
vt 0.330271 0.951540
vt 0.332434 0.917679
vt 0.360542 0.951540
vt 0.140891 0.842122
vt 0.118527 0.804580
vt 0.131319 0.806167
vt 0.228529 0.698392
vt 0.177927 0.706399
vt 0.180418 0.687114
vt 0.184182 0.659700
vt 0.230758 0.634924
vt 0.225943 0.663150
vt 0.046181 0.866500
vt 0.061015 0.861237
vt 0.064348 0.910137
vt 0.044892 0.912122
vt 0.335052 0.867721
vt 0.358496 0.863646
vt 0.359164 0.917094
vt 0.330271 0.916501
vt 0.983130 0.666586
vt 0.970884 0.698426
vt 0.970592 0.663594
vt 0.898767 0.814069
vt 0.924545 0.768769
vt 0.911948 0.810491
vt 0.913502 0.849210
vt 0.770597 0.750585
vt 0.784485 0.783990
vt 0.769093 0.784419
vt 0.967623 0.158845
vt 0.981627 0.193477
vt 0.968239 0.191643
vt 0.924374 0.162639
vt 0.922845 0.111448
vt 0.938931 0.163275
vt 0.973034 0.759138
vt 0.959504 0.812436
vt 0.959521 0.759215
vt 0.973034 0.814683
vt 0.851349 0.993905
vt 0.855079 0.983414
vt 0.852126 0.993904
vt 0.091963 0.994118
vt 0.102900 0.978852
vt 0.102655 0.993790
vt 0.091963 0.979336
vt 0.953359 0.197842
vt 0.938931 0.205457
vt 0.939079 0.196425
vt 0.938931 0.188967
vt 0.950378 0.188942
vt 0.863490 0.976416
vt 0.852126 0.974940
vt 0.863566 0.984034
vt 0.863490 0.993478
vt 0.427956 0.955349
vt 0.413680 0.962213
vt 0.416484 0.954622
vt 0.428369 0.972247
vt 0.413650 0.973329
vt 0.340936 0.591360
vt 0.334664 0.643683
vt 0.334664 0.579831
vt 0.338383 0.648856
vt 0.360556 0.929054
vt 0.365650 0.898583
vt 0.364526 0.928313
vt 0.360556 0.897991
vt 0.281118 0.664480
vt 0.286610 0.628092
vt 0.286038 0.666880
vt 0.282085 0.626155
vt 0.976459 0.329100
vt 0.985906 0.350320
vt 0.981012 0.349797
vt 0.985906 0.309712
vt 0.981124 0.330384
vt 0.979176 0.310309
vt 0.339091 0.705947
vt 0.334664 0.707387
vt 0.340663 0.740175
vt 0.994030 0.367579
vt 0.998251 0.379427
vt 0.994030 0.381392
vt 0.998181 0.362745
vt 0.688886 0.884470
vt 0.729955 0.888789
vt 0.730721 0.927118
vt 0.829070 0.913832
vt 0.800581 0.861823
vt 0.832212 0.859176
vt 0.799319 0.913832
vt 0.925291 0.201495
vt 0.230758 0.726468
vt 0.730721 0.867611
vt 0.913263 0.123502
vt 0.981627 0.156346
vt 0.571668 0.834611
vt 0.916496 0.759138
vt 0.406922 0.547293
vt 0.406922 0.536216
vt 0.407922 0.536572
vt 0.427932 0.960803
vt 0.288104 0.553325
vt 0.913263 0.194550
vt 0.983130 0.701175
vt 0.688500 0.913490
vt 0.186880 0.636606
vt 0.413451 0.982858
vt 0.462689 0.577466
vt 0.851349 0.905346
vt 0.282842 0.693764
vt 0.854017 0.983415
vt 0.851349 0.974942
vt 0.415712 0.954705
vt 0.953671 0.206575
vt 0.924545 0.841345
vt 0.428369 0.982047
vt 0.286610 0.694599
vt 0.144995 0.897887
vt 0.118527 0.900051
vt 0.120833 0.839617
vt 0.784485 0.750613
vt 0.344425 0.831881
vt 0.049645 0.829758
vt 0.064348 0.824341
vt 0.149890 0.660467
vt 0.151983 0.640065
vt 0.147829 0.675373
vt 0.359164 0.829525
vt 0.145767 0.688551
vt 0.951152 0.189011
vt 0.133817 0.806946
vt 0.954203 0.197917
vt 0.954367 0.206637
vt 0.683677 0.962716
vt 0.688332 0.950642
vt 0.688332 0.969519
vt 0.064809 0.887395
vt 0.091963 0.941139
vt 0.064809 0.954516
vt 0.594019 0.965199
vt 0.569839 0.939954
vt 0.594019 0.927942
vt 0.973287 0.874036
vt 0.980076 0.883978
vt 0.966853 0.894226
vt 0.980076 0.862806
vt 0.975575 0.851914
vt 0.969457 0.863911
vt 0.240535 0.715699
vt 0.231717 0.725846
vt 0.230758 0.715699
vt 0.124369 0.715599
vt 0.140120 0.761814
vt 0.122986 0.765918
vt 0.102403 0.770176
vt 0.064809 0.717556
vt 0.094158 0.715442
vt 0.080290 0.775746
vt 0.638725 0.846809
vt 0.633691 0.814239
vt 0.637644 0.814969
vt 0.633691 0.847788
vt 0.334664 0.675691
vt 0.341016 0.705674
vt 0.337006 0.705947
vt 0.340051 0.674678
vt 0.252362 0.973295
vt 0.256085 0.952002
vt 0.256869 0.971298
vt 0.252362 0.955631
vt 0.612593 0.989030
vt 0.610318 0.965062
vt 0.613817 0.966107
vt 0.610318 0.988888
vt 0.325903 0.996623
vt 0.325903 0.974238
vt 0.329473 0.995855
vt 0.265499 0.825825
vt 0.262608 0.847955
vt 0.262608 0.820963
vt 0.730314 0.933012
vt 0.730314 0.975103
vt 0.714289 0.964328
vt 0.838664 0.232079
vt 0.888198 0.220442
vt 0.885777 0.240897
vt 0.834991 0.262871
vt 0.888198 0.276767
vt 0.839267 0.294441
vt 0.936799 0.953997
vt 0.958853 0.968694
vt 0.939802 0.971939
vt 0.958853 0.946857
vt 0.942878 0.932096
vt 0.987759 0.793071
vt 0.978668 0.814244
vt 0.973034 0.793071
vt 0.980364 0.530890
vt 0.965271 0.550377
vt 0.961700 0.537392
vt 0.980364 0.559823
vt 0.963677 0.559926
vt 0.975924 0.565226
vt 0.466594 0.980118
vt 0.466594 0.996584
vt 0.460040 0.989764
vt 0.902209 0.410128
vt 0.886162 0.422073
vt 0.889107 0.413933
vt 0.896262 0.453776
vt 0.920923 0.429839
vt 0.920923 0.451479
vt 0.897747 0.429823
vt 0.994385 0.408262
vt 0.982375 0.397165
vt 0.994385 0.385901
vt 0.897598 0.475531
vt 0.880645 0.452774
vt 0.919979 0.409867
vt 0.336467 0.650651
vt 0.843472 0.206689
vt 0.341016 0.648856
vt 0.141627 0.715442
vt 0.716164 0.927118
vt 0.883233 0.434075
vt 0.630161 0.995248
vt 0.622634 0.984516
vt 0.630161 0.979079
vt 0.564421 0.990684
vt 0.569775 0.979367
vt 0.569775 0.996152
vt 0.120998 0.800690
vt 0.133843 0.797746
vt 0.104815 0.804580
vt 0.966431 0.877174
vt 0.960499 0.484045
vt 0.960499 0.449860
vt 0.980044 0.455103
vt 0.091963 0.887395
vt 0.115316 0.934112
vt 0.096880 0.953993
vt 0.536550 0.946496
vt 0.563979 0.899737
vt 0.565922 0.946496
vt 0.536567 0.880492
vt 0.798683 0.663564
vt 0.775992 0.717878
vt 0.769093 0.673384
vt 0.795251 0.716301
vt 0.889018 0.350206
vt 0.913525 0.409867
vt 0.880644 0.402999
vt 0.912853 0.350232
vt 0.921353 0.663595
vt 0.895953 0.718436
vt 0.895953 0.663748
vt 0.914746 0.723584
vt 0.921353 0.742561
vt 0.944153 0.700471
vt 0.945513 0.740662
vt 0.923964 0.697611
vt 0.940632 0.666468
vt 0.462747 0.872409
vt 0.492931 0.813203
vt 0.501366 0.872963
vt 0.462747 0.812770
vt 0.263904 0.947429
vt 0.288081 0.899769
vt 0.288081 0.946561
vt 0.176931 0.893184
vt 0.193759 0.941153
vt 0.176931 0.939983
vt 0.203852 0.891027
vt 0.875104 0.796947
vt 0.894852 0.850575
vt 0.874965 0.851438
vt 0.851349 0.851914
vt 0.851349 0.789513
vt 0.887759 0.143428
vt 0.908860 0.205627
vt 0.886006 0.205210
vt 0.677342 0.775573
vt 0.639347 0.831595
vt 0.649650 0.770835
vt 0.160609 0.634136
vt 0.141627 0.580297
vt 0.160609 0.571774
vt 0.945945 0.430783
vt 0.947423 0.485213
vt 0.924203 0.485584
vt 0.914514 0.486087
vt 0.878596 0.549440
vt 0.878596 0.487633
vt 0.911407 0.550914
vt 0.057630 0.748811
vt 0.019078 0.748757
vt 0.036684 0.730683
vt 0.973034 0.759138
vt 0.985898 0.774997
vt 0.973034 0.793071
vt 0.601768 0.912985
vt 0.581006 0.899545
vt 0.610710 0.900491
vt 0.008592 0.813398
vt -0.000000 0.786367
vt 0.019000 0.787088
vt 0.019078 0.824341
vt 0.057630 0.818007
vt 0.145767 0.918360
vt 0.169689 0.916154
vt 0.176930 0.945072
vt 0.639347 0.978794
vt 0.653165 0.958769
vt 0.658869 0.978794
vt 0.446391 0.779974
vt 0.398947 0.754247
vt 0.446449 0.737319
vt 0.461576 0.760451
vt 0.958853 0.946772
vt 0.975175 0.932096
vt 0.976189 0.958655
vt 0.528868 0.968585
vt 0.501869 0.951388
vt 0.528868 0.940715
vt 0.281118 0.558031
vt 0.287407 0.614636
vt 0.281118 0.626155
vt 0.285407 0.553325
vt 0.997602 0.591086
vt 0.992642 0.563562
vt 0.999216 0.564842
vt 0.992642 0.592648
vt 0.989118 0.636323
vt 0.985381 0.592759
vt 0.989118 0.595240
vt 0.983164 0.633255
vt 0.949870 0.654911
vt 0.945513 0.663595
vt 0.945513 0.652585
vt 0.320319 0.987118
vt 0.316464 0.996630
vt 0.316464 0.982113
vt 0.181182 0.870822
vt 0.195787 0.856142
vt 0.198009 0.891027
vt 0.145767 0.850002
vt 0.198009 0.824088
vt 0.957684 0.067820
vt 0.941297 0.004705
vt 0.951251 0.000000
vt 0.176931 0.891632
vt 0.156118 0.891027
vt 0.257011 0.897495
vt 0.601768 0.886979
vt 0.569839 0.889960
vt 0.426857 0.717819
vt 0.399053 0.718861
vt 0.853859 0.727165
vt 0.818457 0.664251
vt 0.853859 0.665360
vt 0.117964 0.887395
vt 0.008592 0.760847
vt 0.898767 0.800185
vt 0.920923 0.435433
vt 0.614173 0.927942
vt 0.398947 0.797720
vt 0.426751 0.796951
vt 0.418657 0.819640
vt 0.822048 0.729036
vt 0.943467 0.587472
vt 0.921340 0.653436
vt 0.923064 0.586989
vt 0.943467 0.652191
vt 0.800359 0.663595
vt 0.939628 0.266740
vt 0.939628 0.206689
vt 0.958187 0.215384
vt 0.936183 0.067820
vt 0.806455 0.730098
vt 0.501366 0.970948
vt 0.765121 0.976566
vt 0.754181 0.962244
vt 0.765121 0.938851
vt 0.913263 0.143184
vt 0.671744 0.838003
vt 0.972700 0.972952
vt 0.906168 0.113276
vt 0.886006 0.111448
vt 0.908804 0.572196
vt 0.881255 0.581358
vt 0.822768 0.750294
vt 0.845175 0.759138
vt 0.664748 0.867610
vt 0.639347 0.864681
vt 0.958853 0.967461
vt 0.569839 0.909405
vt 0.936707 0.420585
vt 0.887340 0.786093
vt 0.691996 0.855517
vt 0.690908 0.834072
vt 0.947423 0.409867
vt 0.874870 0.776062
vt 0.856155 0.759138
vt 0.614173 0.874466
vt 0.921353 0.663594
vt 0.785696 0.750585
vt 0.798683 0.749474
vt 0.896909 0.753518
vt 0.488812 0.779708
vt 0.463796 0.779357
vt 0.895443 0.316690
vt 0.899647 0.316299
vt 0.941432 0.566332
vt 0.910454 0.757058
vt 0.913525 0.316809
vt 0.501366 0.940715
vt 0.531004 0.880492
vt 0.536550 0.940715
vt 0.968924 0.608766
vt 0.977196 0.567162
vt 0.981247 0.603362
vt 0.968917 0.447616
vt 0.967692 0.411190
vt 0.976254 0.410787
vt 0.683677 0.961928
vt 0.671072 0.921996
vt 0.681795 0.921992
vt 0.664835 0.967010
vt 0.664835 0.957964
vt 0.676876 0.969626
vt 0.971028 0.000341
vt 0.965530 0.029452
vt 0.960252 -0.000000
vt 0.970943 0.994275
vt 0.960059 0.993113
vt 0.958853 0.985029
vt 0.970925 0.985171
vt 0.614173 0.943919
vt 0.637741 0.908715
vt 0.637741 0.954017
vt 0.616234 0.903758
vt 0.957684 0.031591
vt 0.794047 0.867467
vt 0.784978 0.831895
vt 0.797767 0.831867
vt 0.970943 0.976639
vt 0.961758 0.972952
vt 0.965715 0.038871
vt 0.976760 0.033010
vt 0.977895 0.041310
vt 0.960499 0.409867
vt 0.674879 0.957607
vt 0.977920 0.448613
vt 0.785176 0.868320
vt 0.969726 0.398139
vt 0.968103 0.409867
vt 0.960499 0.398139
vt 0.968924 0.566332
vt 0.951736 0.408359
vt 0.947393 0.395623
vt 0.956611 0.395623
vt 0.784978 0.877536
vt 0.635251 0.874466
vt 0.794192 0.878035
vt 0.957684 0.040387
vt 0.984617 0.819791
vt 0.978678 0.827167
vt 0.982083 0.814683
vt 0.990395 0.832143
vt 0.978678 0.839521
vt 0.987275 0.845767
vt 0.614173 0.965731
vt 0.625923 0.965654
vt 0.627318 0.973317
vt 0.618515 0.976080
vt 0.626319 0.979079
vt 0.571803 0.798654
vt 0.575177 0.807873
vt 0.566520 0.807873
vt 0.986607 0.662732
vt 0.976559 0.662713
vt 0.976667 0.653610
vt 0.989239 0.644354
vt 0.989185 0.653811
vt 0.988122 0.636399
vt 0.976803 0.645078
vt 0.976559 0.638541
vt 0.911191 0.662421
vt 0.908800 0.653436
vt 0.915342 0.653436
vt 0.880645 0.475531
vt 0.888178 0.475557
vt 0.880645 0.485308
vt 0.631809 0.977729
vt 0.631809 0.954017
vt 0.109991 0.987154
vt 0.103581 0.987077
vt 0.107902 0.978852
vt 0.307071 0.913517
vt 0.308332 0.926847
vt 0.297506 0.944719
vt 0.967623 0.141381
vt 0.978764 0.141834
vt 0.972160 0.155634
vt 0.318409 0.928378
vt 0.987732 0.743135
vt 0.980997 0.722662
vt 0.988063 0.723410
vt 0.035830 0.943863
vt 0.032888 0.950487
vt 0.030294 0.943863
vt 0.978202 0.745675
vt 0.970873 0.116812
vt 0.042683 0.942673
vt 0.045171 0.912730
vt 0.058397 0.941238
vt 0.975891 0.724206
vt 0.053268 0.912122
vt 0.060527 0.913560
vt 0.979380 0.111448
vt 0.974725 0.116268
vt 0.288215 0.695011
vt 0.287730 0.699336
vt 0.284259 0.698770
vt 0.309494 0.942457
vt 0.283191 0.714956
vt 0.287653 0.705409
vt 0.287560 0.715328
vt 0.990199 0.085321
vt 0.995909 0.097117
vt 0.990180 0.096220
vt 0.917060 0.995418
vt 0.918875 0.985291
vt 0.923899 0.992911
vt 0.281118 0.723134
vt 0.990256 0.108290
vt 0.996660 0.109139
vt 0.993659 0.282856
vt 0.997873 0.281819
vt 1.000000 0.289403
vt 0.303040 0.950300
vt 0.324098 0.908394
vt 0.328085 0.904394
vt 0.327744 0.908634
vt 0.985906 0.344467
vt 0.987485 0.332470
vt 0.991996 0.343155
vt 0.323331 0.927832
vt 0.329310 0.939078
vt 0.321642 0.939078
vt 0.873016 0.986361
vt 0.879557 0.975543
vt 0.880190 0.987748
vt 0.991018 0.547511
vt 0.995391 0.547344
vt 0.989050 0.557686
vt 0.327718 0.928195
vt 0.873206 0.974369
vt 0.928451 0.661685
vt 0.928451 0.653436
vt 0.933905 0.662630
vt 0.109991 0.997939
vt 0.102900 0.998389
vt 0.128951 0.997172
vt 0.130459 0.987006
vt 0.136900 0.997172
vt 0.135900 0.986997
vt 0.037959 0.915984
vt 0.992847 0.292788
vt 0.904233 0.953916
vt 0.903558 0.958452
vt 0.900233 0.957941
vt 0.288277 0.945878
vt 0.288277 0.919542
vt 0.899986 0.962890
vt 0.903735 0.963530
vt 0.903669 0.971668
vt 0.986165 0.174514
vt 0.991080 0.182053
vt 0.985507 0.185774
vt 0.471642 0.984586
vt 0.466961 0.985776
vt 0.466594 0.980118
vt 0.953544 0.988985
vt 0.958010 0.995099
vt 0.952122 0.997638
vt 0.958314 0.988063
vt 0.899406 0.971011
vt 0.898101 0.976779
vt 0.997169 0.557686
vt 0.316413 0.935047
vt 0.317247 0.945211
vt 0.985701 0.936401
vt 0.989645 0.932124
vt 0.989420 0.936421
vt 0.990065 0.878855
vt 0.997023 0.868196
vt 0.997157 0.880969
vt 0.985929 0.953354
vt 0.992962 0.964562
vt 0.985701 0.966495
vt 0.392770 0.987484
vt 0.398461 0.975562
vt 0.398947 0.988437
vt 0.992021 0.868024
vt 0.633691 0.750406
vt 0.639236 0.769518
vt 0.633691 0.770135
vt 0.989706 0.943049
vt 0.990606 0.953340
vt 0.393465 0.963915
vt 0.397816 0.964183
vt 0.393504 0.975218
vt 0.894270 0.663572
vt 0.887016 0.662389
vt 0.892210 0.654396
vt 0.688432 0.767274
vt 0.693093 0.752889
vt 0.693615 0.766252
vt 0.887016 0.653436
vt 0.064348 0.923438
vt 0.971036 0.983014
vt 0.974759 0.982800
vt 0.974400 0.991270
vt 0.990808 0.078942
vt 0.995742 0.079445
vt 0.995205 0.085882
vt 0.992847 0.267646
vt 0.996027 0.266740
vt 0.993163 0.273493
vt 0.985763 0.943199
vt 0.688783 0.753251
vt 0.393918 0.956914
vt 0.398257 0.957158
vt 0.693460 0.742097
vt 0.688875 0.735465
vt 0.688432 0.733065
vt 0.693170 0.735131
vt 0.398947 0.954622
vt 0.913385 0.306657
vt 0.915909 0.303363
vt 0.915909 0.307055
vt 0.993038 0.331024
vt 0.986618 0.312152
vt 0.985906 0.309712
vt 0.991416 0.311130
vt 0.874403 0.953693
vt 0.880190 0.951778
vt 0.879306 0.954372
vt 0.778084 0.315744
vt 0.780732 0.312697
vt 0.780732 0.316263
vt 0.288215 0.726164
vt 0.288950 0.906157
vt 0.294536 0.904838
vt 0.470210 0.992012
vt 0.469648 0.997004
vt 0.466630 0.992658
vt 0.952122 0.971939
vt 0.956920 0.973115
vt 0.953015 0.974093
vt 0.323687 0.916383
vt 0.992533 0.319048
vt 0.957160 0.979037
vt 0.996907 0.272785
vt 0.917617 0.968210
vt 0.917060 0.965951
vt 0.922385 0.967017
vt 0.285331 0.694599
vt 0.693216 0.767346
vt 0.693344 0.770650
vt 0.690892 0.770170
vt 0.996660 0.077102
vt 0.873383 0.962007
vt 0.327786 0.916717
vt 0.982832 0.758322
vt 0.988063 0.756094
vt 0.639201 0.782841
vt 0.952995 0.980312
vt 0.283891 0.705049
vt 0.950802 0.847521
vt 0.954103 0.849351
vt 0.950650 0.851020
vt 0.932173 0.654378
vt 0.970961 0.975409
vt 0.970943 0.972952
vt 0.975525 0.974939
vt 0.954557 0.851388
vt 0.569312 0.808581
vt 0.566520 0.811885
vt 0.566520 0.807873
vt 0.950650 0.846159
vt 0.946811 0.851717
vt 0.946811 0.846359
vt 0.132760 0.978389
vt 0.136370 0.979579
vt 0.901709 0.953415
vt 0.750619 0.313047
vt 0.753049 0.313047
vt 0.752979 0.316121
vt 0.981627 0.158726
vt 0.985759 0.158866
vt 0.985944 0.165112
vt 0.750679 0.315605
vt 0.986243 0.156346
vt 0.904233 0.981661
vt 0.982116 0.174205
vt 0.981627 0.185486
vt 0.981934 0.164766
vt 0.300920 0.904206
vt 0.970943 0.991093
vt 0.321642 0.927142
vt 0.925077 0.983469
vt 0.577490 0.807966
vt 0.575177 0.798654
vt 0.583125 0.798654
vt 0.103984 0.979716
vt 0.950479 0.850973
vt 0.954557 0.846159
vt 0.569431 0.812065
vt 0.310497 0.948515
vt 0.924211 0.972919
vt 0.919307 0.974145
vt 0.325063 0.904206
vt 0.778100 0.312727
vt 0.037959 0.944320
vt 0.986531 0.932096
vt 0.913379 0.303558
vt 0.053898 0.954728
vt 0.059347 0.954637
vt 0.987475 0.320109
vt 0.995436 0.536346
vt 0.991453 0.536592
vt 0.995164 0.528722
vt 0.991608 0.528993
vt 0.878876 0.962747
vt 0.466594 0.997357
vt 0.689485 0.742471
vt 0.996939 0.858599
vt 0.993131 0.858449
vt 0.997157 0.851914
vt 0.993469 0.852059
vt 0.979380 0.156346
vt 0.046675 0.956481
vt 0.043771 0.957981
vt 0.634239 0.783086
vt 0.295413 0.949120
vt 0.038230 0.889942
vt 0.024425 0.899340
vt 0.014238 0.888342
vt 0.028731 0.869155
vt -0.000000 0.872849
vt 0.003893 0.864954
vt 0.557709 0.525238
vt 0.585162 0.522915
vt 0.587919 0.532767
vt 0.205330 0.976231
vt 0.205330 0.998059
vt 0.198066 0.987203
vt 0.755322 0.326573
vt 0.764533 0.327991
vt 0.767454 0.408047
vt 0.678297 0.286801
vt 0.662723 0.206909
vt 0.683158 0.206861
vt 0.684518 0.174654
vt 0.658302 0.119010
vt 0.748285 0.205600
vt 0.773023 0.204949
vt 0.772990 0.284585
vt 0.757735 0.284692
vt 0.739071 0.204683
vt 0.722151 0.284238
vt 0.718565 0.204885
vt 0.172016 0.973065
vt 0.145767 0.951726
vt 0.172016 0.945072
vt 0.978644 0.835725
vt 0.963688 0.836728
vt 0.959504 0.818938
vt 0.972103 0.054530
vt 0.979901 0.054591
vt 0.976412 0.092180
vt 0.980289 0.093565
vt 0.966431 0.931537
vt 0.980500 0.903954
vt 0.980500 0.930690
vt 0.974271 0.904542
vt 0.969820 0.904216
vt 0.972022 0.894226
vt 0.976013 0.894318
vt 0.799319 0.967585
vt 0.813488 0.985538
vt 0.799319 0.985326
vt 0.807908 0.966352
vt 0.811698 0.965979
vt 0.809599 0.957430
vt 0.805636 0.956316
vt 0.991558 0.618546
vt 0.997770 0.592759
vt 0.997770 0.618962
vt 0.989118 0.593817
vt 0.981450 0.292657
vt 0.992499 0.266993
vt 0.992848 0.292771
vt 0.981450 0.266740
vt 0.825192 0.937742
vt 0.845063 0.950754
vt 0.824591 0.950754
vt 0.849972 0.935876
vt 0.467610 0.659597
vt 0.462869 0.696002
vt 0.462014 0.659165
vt 0.469269 0.695510
vt 0.462014 0.717694
vt 0.469572 0.718365
vt 0.469572 0.746080
vt 0.461935 0.769040
vt 0.462638 0.744858
vt 0.469572 0.770466
vt 0.268064 0.997983
vt 0.275902 0.977933
vt 0.275769 0.997838
vt 0.268064 0.977758
vt 0.294409 0.895785
vt 0.315638 0.890840
vt 0.305669 0.902731
vt 0.302919 0.871641
vt 0.527380 0.879816
vt 0.526654 0.854868
vt 0.545921 0.864272
vt 0.540430 0.880492
vt 0.536550 0.946496
vt 0.558134 0.946496
vt 0.556926 0.967084
vt 0.803832 0.193028
vt 0.780605 0.214059
vt 0.778251 0.173083
vt 0.664806 0.406211
vt 0.639347 0.316924
vt 0.675691 0.316299
vt 0.834991 0.142397
vt 0.813947 0.138988
vt 0.812566 0.097967
vt 0.809957 0.285689
vt 0.831480 0.206053
vt 0.821727 0.285635
vt 0.828118 0.520988
vt 0.849004 0.521466
vt 0.840189 0.600675
vt 0.660408 0.523153
vt 0.652151 0.602941
vt 0.643621 0.523126
vt 0.392108 0.952517
vt 0.365860 0.973842
vt 0.365860 0.945849
vt 0.640146 0.943322
vt 0.664835 0.928231
vt 0.661250 0.946183
vt 0.398159 0.723519
vt 0.398013 0.764486
vt 0.393942 0.763598
vt 0.989442 0.409867
vt 0.997220 0.410380
vt 0.997190 0.427565
vt 0.064809 0.964409
vt 0.078879 0.985765
vt 0.064809 0.985386
vt 0.070999 0.964383
vt 0.075581 0.965248
vt 0.073147 0.955300
vt 0.069054 0.954516
vt 0.784183 0.983541
vt 0.796663 0.957417
vt 0.798263 0.982030
vt 0.787980 0.957971
vt 0.784183 0.957301
vt 0.785472 0.947046
vt 0.789284 0.947209
vt 0.687738 0.996591
vt 0.681527 0.970345
vt 0.687738 0.969626
vt 0.679086 0.995261
vt 0.981465 0.566332
vt 0.992642 0.592648
vt 0.981247 0.592463
vt 0.992510 0.566332
vt 0.600669 0.964540
vt 0.613316 0.952021
vt 0.614150 0.965062
vt 0.595459 0.949820
vt 0.058684 0.733780
vt 0.064269 0.733492
vt 0.064809 0.769836
vt 0.398492 0.788939
vt 0.390778 0.792863
vt 0.390295 0.764773
vt 0.365323 0.778843
vt 0.358043 0.749211
vt 0.363936 0.749503
vt 0.358339 0.779646
vt 0.365650 0.795708
vt 0.358043 0.797262
vt 0.018267 0.999876
vt 0.010566 0.976863
vt 0.018267 0.976653
vt 0.010428 0.999915
vt 0.688391 0.287037
vt 0.697842 0.207389
vt 0.989239 0.635225
vt 0.996905 0.638994
vt 0.989239 0.662732
vt 0.398131 0.813310
vt 0.361749 0.517286
vt 0.381484 0.438500
vt 0.385586 0.517834
vt 0.058384 0.769198
vt 0.462855 0.718858
vt 0.468743 0.718365
vt 0.554245 0.490404
vt 0.390295 0.813352
vt 0.394287 0.858745
vt 0.390295 0.858681
vt 0.398010 0.815787
vt 0.141627 0.734955
vt 0.141627 0.707528
vt 0.145317 0.734401
vt 0.658869 0.985891
vt 0.658869 0.958769
vt 0.664439 0.960905
vt 0.970687 0.089001
vt 0.397986 0.854979
vt 0.398947 0.913008
vt 0.427291 0.954622
vt 0.399864 0.954622
vt 0.749702 0.494880
vt 0.752726 0.407700
vt 0.926677 0.965349
vt 0.905142 0.937036
vt 0.926677 0.936488
vt 0.989785 -0.000000
vt 0.997534 0.000428
vt 0.989731 0.015883
vt 0.330271 0.875301
vt 0.326125 0.865833
vt 0.976189 0.932096
vt 0.979998 0.974973
vt 0.976189 0.974754
vt 0.808670 0.221918
vt 0.808515 0.312697
vt 0.785265 0.246161
vt 0.983944 0.933266
vt 0.844705 0.976186
vt 0.847619 0.950754
vt 0.850515 0.976186
vt 0.141627 0.762374
vt 0.141627 0.734955
vt 0.145317 0.736121
vt 0.390310 0.724212
vt 0.001830 0.950550
vt 0.030294 0.908935
vt 0.029249 0.950550
vt 0.390295 0.760701
vt 0.985701 0.971093
vt -0.000000 0.910704
vt 0.881557 0.952829
vt 0.881557 0.923968
vt 0.903092 0.924500
vt 0.989440 0.427694
vt 0.972526 0.043266
vt 0.429236 0.914776
vt 0.726658 0.975103
vt 0.732307 0.997146
vt 0.726427 0.997264
vt 0.978678 0.850716
vt 0.058928 0.715671
vt 0.064809 0.715442
vt 0.641621 0.958769
vt 0.366133 0.438097
vt 0.390295 0.813352
vt 0.997078 0.662614
vt 0.364933 0.965569
vt 0.365774 0.983871
vt 0.351680 0.966836
vt 0.935498 0.757542
vt 0.921353 0.757281
vt 0.935401 0.743102
vt 0.679351 0.407073
vt 0.693741 0.316795
vt 0.732239 0.975103
vt 0.733651 0.494989
vt 0.739766 0.407293
vt 0.513766 0.827369
vt 0.501366 0.866207
vt 0.503558 0.876211
vt 0.915945 0.293038
vt 0.930091 0.293223
vt 0.929994 0.308418
vt 0.020434 0.982878
vt 0.021128 0.964580
vt 0.035626 0.965805
vt 0.351336 0.951540
vt 0.364386 0.952913
vt 0.827138 0.600302
vt 0.734199 0.284043
vt 0.034541 0.950550
vt 0.021927 0.951916
vt 0.296994 0.844892
vt 0.303733 0.829525
vt 0.902573 0.911702
vt 0.268510 0.957177
vt 0.277946 0.977758
vt 0.257011 0.976726
vt 0.905787 0.924240
vt 0.032387 0.848828
vt 0.026538 0.833231
vt 0.380501 0.643262
vt 0.365944 0.721532
vt 0.353175 0.626712
vt 0.396743 0.764486
vt 0.697842 0.000000
vt 0.721073 0.079384
vt 0.702885 0.094665
vt 0.148053 0.966959
vt 0.915945 0.308419
vt 0.257011 0.957217
vt 0.568294 0.546472
vt 0.546747 0.546395
vt 0.904001 0.953414
vt 0.524825 0.829095
vt 0.390295 0.712618
vt 0.398088 0.711207
vt 0.697842 0.002006
vt 0.676879 0.097257
vt 0.676192 0.000409
vt 0.653438 0.089903
vt 0.904253 0.965952
vt 0.023637 0.899340
vt 0.543929 0.966416
vt 0.646844 0.413554
vt 0.341451 0.722585
vt 0.997508 0.016405
vt 0.989748 0.027110
vt 0.546855 0.500763
vt 0.423050 0.905299
vt 0.405608 0.903412
vt 0.997534 0.025808
vt 0.921353 0.742561
vt 0.389822 0.967748
vt 0.898101 0.980524
vt 0.881557 0.971986
vt 0.898068 0.969298
vt 0.898101 0.953414
vt 0.252342 0.971659
vt 0.235858 0.952003
vt 0.252362 0.953832
vt 0.517915 0.815227
vt 0.501454 0.825240
vt 0.501366 0.812928
vt 0.640025 0.490987
vt 0.661339 0.435313
vt 0.679247 0.436098
vt 0.765388 0.945987
vt 0.793094 0.881217
vt 0.793094 0.947046
vt 0.778084 0.065320
vt 0.749888 0.079827
vt 0.769913 -0.000000
vt 0.732672 0.614162
vt 0.746249 0.523810
vt 0.754712 0.614531
vt 0.766043 0.547838
vt 0.639347 0.000000
vt 0.733151 0.524121
vt 0.980289 0.043307
vt 0.044892 0.834530
vt 0.390295 0.722585
vt 0.847912 0.395938
vt 0.830188 0.395144
vt 0.850177 0.317058
vt 0.827513 0.080259
vt 0.808670 0.065764
vt 0.817415 0.000000
vt 0.778084 0.312114
vt 0.827138 0.316299
vt 0.834991 0.001224
vt 0.849391 0.419744
vt 0.827504 0.457434
vt 0.828684 0.418064
vt 0.828891 0.103160
vt 0.738389 0.078824
vt 0.725345 0.000434
vt 0.745565 0.001373
vt 0.745565 0.000000
vt 0.775532 0.097648
vt 0.745565 0.142236
vt 0.749900 0.102799
vt 0.742332 0.141127
vt 0.719120 0.103170
vt 0.739692 0.101762
vt 0.989470 0.437560
vt 0.997220 0.436482
vt 0.006191 0.901226
vt 0.288447 0.835050
vt 0.698690 0.143513
vt 0.684532 0.145829
vt 0.639347 0.462177
vt 0.357448 0.577851
vt 0.380488 0.619418
vt 0.661967 0.604316
vt 0.674204 0.523285
vt 0.670824 0.604425
vt 0.795860 0.105898
vt 0.778084 0.106405
vt 0.790298 0.024808
vt 0.793191 0.014755
vt 0.778715 0.017076
vt 0.778345 -0.000000
vt 0.809779 0.294940
vt 0.821627 0.295027
vt 0.809744 0.312020
vt 0.769093 0.515699
vt 0.252362 0.981525
vt 0.237049 0.971412
vt 0.288277 0.849170
vt 0.882806 0.954547
vt 0.033499 0.824341
vt 0.044265 0.848462
vt 0.384331 0.580136
vt 0.853198 0.459108
vt 0.716281 0.142468
vt 0.757528 0.294043
vt 0.773038 0.293803
vt 0.776237 0.311023
vt 0.440004 0.978480
vt 0.450218 0.978907
vt 0.440004 0.995845
vt 0.746685 0.326326
vt 0.664320 0.288141
vt 0.594019 0.933099
vt 0.614150 0.927942
vt 0.768628 0.474718
vt 0.772740 0.138540
vt 0.883069 0.908978
vt 0.546747 0.485979
vt 0.925266 0.921501
vt 0.564124 0.482763
vt 0.885763 0.981338
vt 0.851041 0.919164
vt 0.824031 0.913832
vt 0.778758 0.026328
vt 0.812531 0.205651
vt 0.828091 0.628738
vt 0.839622 0.610524
vt 0.841151 0.630019
vt 0.381872 0.428667
vt 0.364384 0.411988
vt 0.382160 0.409149
vt 0.366236 0.430159
vt 0.257011 0.977758
vt 0.268064 0.977758
vt 0.261755 0.995251
vt 0.677423 0.312785
vt 0.688325 0.296903
vt 0.689825 0.316299
vt 0.722507 0.294094
vt 0.733397 0.312460
vt 0.720757 0.313568
vt 0.662941 0.298150
vt 0.678328 0.294738
vt 0.978678 0.814683
vt 0.989118 0.633578
vt 0.989118 0.618962
vt 0.995499 0.626925
vt 0.639347 0.921992
vt 0.671798 0.614439
vt 0.754421 0.316536
vt 0.351336 0.983595
vt 0.035626 0.982575
vt 0.733637 0.293426
vt 0.755865 0.313047
vt 0.823083 0.314040
vt 0.827541 0.609690
vt 0.555591 0.866060
vt 0.545879 0.976273
vt 0.257577 0.947472
vt 0.753623 0.986399
vt 0.746605 0.996254
vt 0.746605 0.978874
vt 0.662500 0.614343
vt 0.746646 0.316299
vt 0.555165 0.976766
vt 0.288277 0.904206
vt 0.044892 0.897109
vt 0.265356 0.947429
vt 0.719837 0.091899
vt 0.738873 0.090984
vt 0.829183 0.407287
vt 0.848481 0.408458
vt 0.379529 0.630685
vt 0.358949 0.549140
vt 0.699996 0.172307
vt 0.807451 0.206470
vt 0.680377 0.422595
vt 0.748015 0.508346
vt 0.732672 0.508373
vt 0.654610 0.105595
vt 0.663301 0.421923
vt 0.827333 0.092416
vt 0.750852 0.091997
vt 0.659622 0.958769
vt 0.965883 0.849150
vt 0.355485 0.427003
vt 0.862386 0.957071
vt 0.863381 0.952738
vt 0.868180 0.955679
vt 0.861438 0.968176
vt 0.866807 0.967217
vt 0.862376 0.973452
vt 0.863566 0.962923
vt 0.867239 0.960383
vt 0.870885 0.961551
vt 0.858629 0.953622
vt 0.855695 0.958001
vt 0.855231 0.964465
vt 0.855622 0.972978
vt 0.851349 0.964925
vt 0.872170 0.958129
vt 0.866465 0.951778
vt 0.858932 0.961870
vt 0.858351 0.951778
vt 0.852034 0.958761
vt 0.867429 0.972508
vt 0.870547 0.967989
vt 0.857824 0.970359
vt 0.873016 0.962528
vt 0.872737 0.968036
vt 0.861099 0.974940
vt 0.867362 0.974462
vt 0.472494 0.970787
vt 0.472536 0.975997
vt 0.469378 0.971623
vt 0.460677 0.965017
vt 0.455725 0.969126
vt 0.455652 0.964086
vt 0.466187 0.974591
vt 0.985701 0.984680
vt 0.982216 0.984938
vt 0.980992 0.978676
vt 0.458895 0.961123
vt 0.464178 0.961401
vt 0.469516 0.978750
vt 0.464212 0.978351
vt 0.978438 0.983057
vt 0.975735 0.979017
vt 0.464837 0.969302
vt 0.460696 0.970613
vt 0.984241 0.993421
vt 0.453415 0.965615
vt 0.454926 0.974107
vt 0.458993 0.974628
vt 0.466016 0.959828
vt 0.457705 0.959686
vt 0.984317 0.978754
vt 0.979285 0.974973
vt 0.466145 0.965557
vt 0.458279 0.977111
vt 0.462940 0.980118
vt 0.981296 0.991224
vt 0.980297 0.996376
vt 0.470848 0.980118
vt 0.974197 0.308168
vt 0.974197 0.301465
vt 0.977258 0.306121
vt 0.975735 0.997093
vt 0.978848 0.995142
vt 0.635964 0.859788
vt 0.633879 0.864113
vt 0.633691 0.859726
vt 0.693686 0.614439
vt 0.693686 0.620305
vt 0.691622 0.615287
vt 0.636335 0.870445
vt 0.636126 0.864315
vt 0.637454 0.869824
vt 0.636723 0.855050
vt 0.634422 0.855131
vt 0.636348 0.851471
vt 0.451182 0.975829
vt 0.453382 0.976312
vt 0.452521 0.979899
vt 0.450358 0.979225
vt 0.450357 0.982923
vt 0.451511 0.986545
vt 0.452487 0.983776
vt 0.452873 0.987085
vt 0.692350 0.619916
vt 0.692105 0.622832
vt 0.639053 0.872784
vt 0.637813 0.851397
vt 0.639053 0.847788
vt 0.453382 0.990495
vt 0.971458 0.306508
vt 0.973336 0.308535
vt 0.971934 0.308569
vt 0.968884 0.493557
vt 0.966721 0.491822
vt 0.969124 0.493436
vt 0.974067 0.306329
vt 0.966262 0.492044
vt 0.965010 0.489890
vt 0.965846 0.489891
vt 0.971271 0.303781
vt 0.974197 0.303895
vt 0.965029 0.487453
vt 0.966300 0.485543
vt 0.965864 0.487455
vt 0.971271 0.301465
vt 0.974197 0.301579
vt 0.915035 0.206612
vt 0.913263 0.203538
vt 0.915892 0.203640
vt 0.913263 0.201517
vt 0.966763 0.485732
vt 0.968879 0.484045
vt 0.916210 0.201495
vt 0.969124 0.484141
vt 0.913615 0.206598
vt 0.544048 0.726885
vt 0.550346 0.735404
vt 0.540697 0.734719
vt 0.853626 0.894825
vt 0.856644 0.905779
vt 0.851349 0.901431
vt 0.989991 0.142400
vt 0.990365 0.140916
vt 0.994858 0.143676
vt 0.211711 0.991022
vt 0.216198 0.992034
vt 0.211768 0.996004
vt 0.216014 0.981641
vt 0.216237 0.984303
vt 0.211711 0.985365
vt 0.989731 0.032391
vt 0.994732 0.032302
vt 0.990573 0.037267
vt 0.995076 0.483448
vt 0.990227 0.486124
vt 0.990550 0.482382
vt 0.886170 0.990241
vt 0.881557 0.985165
vt 0.886656 0.985374
vt 0.936234 0.561590
vt 0.932385 0.558849
vt 0.937252 0.556640
vt 0.977258 0.307720
vt 0.977258 0.302990
vt 0.980212 0.305439
vt 0.995263 0.029721
vt 0.989731 0.028325
vt 0.995499 0.027110
vt 0.558414 0.992105
vt 0.558236 0.989178
vt 0.564107 0.990758
vt 0.558620 0.985438
vt 0.563987 0.983998
vt 0.564421 0.986131
vt 0.995431 0.141130
vt 0.991390 0.136831
vt 0.996068 0.138246
vt 0.883145 0.870130
vt 0.874426 0.871000
vt 0.872014 0.861549
vt 0.978139 0.409754
vt 0.969726 0.404763
vt 0.978139 0.398139
vt 0.894747 0.851914
vt 0.895025 0.862046
vt 0.873406 0.854294
vt 0.910901 0.638676
vt 0.886930 0.631535
vt 0.904379 0.627461
vt 0.901260 0.617087
vt 0.881630 0.605681
vt 0.901984 0.598301
vt 0.512910 0.766267
vt 0.523516 0.765868
vt 0.521302 0.777872
vt 0.978139 0.398139
vt 0.982109 0.402765
vt 0.978139 0.409750
vt 0.829241 0.839763
vt 0.835076 0.826339
vt 0.850847 0.821408
vt 0.848787 0.795814
vt 0.827262 0.799423
vt 0.839654 0.773133
vt 0.835520 0.815548
vt 0.858722 0.898575
vt 0.855942 0.883839
vt 0.858891 0.884583
vt 0.510367 0.788697
vt 0.501366 0.772672
vt 0.511760 0.775983
vt 0.550320 0.811650
vt 0.561939 0.786833
vt 0.566520 0.800885
vt 0.530100 0.793378
vt 0.532004 0.780786
vt 0.544719 0.782956
vt 0.884837 0.620191
vt 0.141627 0.778948
vt 0.145731 0.762374
vt 0.145731 0.786545
vt 0.825590 0.785641
vt 0.810614 0.775474
vt 0.829157 0.759138
vt 0.647294 0.982244
vt 0.639347 0.984666
vt 0.639347 0.978794
vt 0.531067 0.739813
vt 0.542619 0.743262
vt 0.530045 0.744174
vt 0.255387 0.715699
vt 0.258660 0.726117
vt 0.249972 0.726117
vt 0.544715 0.775315
vt 0.534205 0.771319
vt 0.545573 0.763236
vt 0.526014 0.755851
vt 0.535416 0.756296
vt 0.979179 0.301465
vt 0.810939 0.840984
vt 0.803371 0.841257
vt 0.807919 0.833509
vt 0.811775 0.845085
vt 0.810189 0.851319
vt 0.804462 0.845188
vt 0.543832 0.712905
vt 0.549579 0.718915
vt 0.546180 0.721194
vt 0.957319 0.095808
vt 0.936455 0.090993
vt 0.957854 0.081813
vt 0.519734 0.791775
vt 0.882235 0.982601
vt 0.888491 0.644988
vt 0.892713 0.898530
vt 0.867819 0.900360
vt 0.880546 0.894175
vt 0.872308 0.890595
vt 0.936183 0.080257
vt 0.895840 0.869594
vt 0.564161 0.993183
vt 0.805368 0.785545
vt 0.819947 0.791684
vt 0.933092 0.555183
vt 0.519470 0.752513
vt 0.858927 0.878769
vt 0.870272 0.880339
vt 0.860110 0.873308
vt 0.818555 0.843730
vt 0.862805 0.860801
vt 0.857085 0.873268
vt 0.878596 0.651324
vt 0.216564 0.988085
vt 0.542587 0.716415
vt 0.538832 0.714682
vt 0.531755 0.735378
vt 0.522079 0.738390
vt 0.525572 0.731131
vt 0.535241 0.731385
vt 0.043618 0.907012
vt 0.043205 0.902179
vt 0.044752 0.902260
vt 0.281025 0.725194
vt 0.276840 0.718339
vt 0.281025 0.715699
vt 0.990588 0.490071
vt 0.995008 0.494070
vt 0.990967 0.493345
vt 0.536446 0.711152
vt 0.534783 0.714564
vt 0.529276 0.717184
vt 0.057817 0.723002
vt 0.053039 0.729757
vt 0.053823 0.722766
vt 0.940759 0.755082
vt 0.939875 0.750597
vt 0.945258 0.750904
vt 0.935815 0.742993
vt 0.940644 0.742561
vt 0.942031 0.744209
vt 0.555774 0.718263
vt 0.559747 0.725441
vt 0.552046 0.723609
vt 0.980826 0.444332
vt 0.977920 0.446806
vt 0.978929 0.442826
vt 0.540143 0.711373
vt 0.935498 0.751963
vt 0.053039 0.713782
vt 0.055054 0.714023
vt 0.940836 0.759122
vt 0.055054 0.730028
vt 0.945258 0.754574
vt 0.945050 0.756715
vt 0.913048 0.607264
vt 0.554225 0.765020
vt 0.535484 0.812928
vt 0.544970 0.793418
vt 0.944118 0.747243
vt 0.938052 0.746387
vt 0.552972 0.776092
vt 0.561312 0.764188
vt 0.989680 0.149412
vt 0.995782 0.149558
vt 0.990011 0.151734
vt 0.854731 0.305832
vt 0.858419 0.305756
vt 0.855114 0.308897
vt 0.861274 0.311685
vt 0.865465 0.314047
vt 0.862320 0.315138
vt 0.264749 0.894063
vt 0.263148 0.890867
vt 0.265680 0.890413
vt 0.887893 0.981338
vt 0.995076 0.489071
vt 0.955132 0.756418
vt 0.951016 0.755333
vt 0.955045 0.753691
vt 0.989675 0.144737
vt 0.995165 0.145650
vt 0.949870 0.652585
vt 0.954323 0.653053
vt 0.949870 0.661867
vt 0.522409 0.745018
vt 0.866225 0.297127
vt 0.866149 0.294668
vt 0.867965 0.296623
vt 0.537686 0.748643
vt 0.508936 0.754544
vt 0.503140 0.765452
vt 0.501858 0.752597
vt 0.809142 0.793984
vt 0.815484 0.807461
vt 0.808931 0.805088
vt 0.816508 0.797621
vt 0.819525 0.812872
vt 0.551911 0.727556
vt 0.559919 0.729629
vt 0.556734 0.736531
vt 0.545029 0.723124
vt 0.287918 0.564772
vt 0.287918 0.570100
vt 0.287407 0.565252
vt 0.934964 0.300319
vt 0.931613 0.297156
vt 0.939376 0.293038
vt 0.326972 0.939078
vt 0.326972 0.948070
vt 0.321642 0.942072
vt 0.215810 0.995284
vt 0.857038 0.863266
vt 0.853615 0.883272
vt 0.853058 0.878178
vt 0.930445 0.300359
vt 0.933618 0.308827
vt 0.930091 0.303216
vt 0.693340 0.676467
vt 0.691622 0.677748
vt 0.691622 0.673817
vt 0.693455 0.645443
vt 0.691622 0.644300
vt 0.693455 0.639991
vt 0.933150 0.294828
vt 0.939448 0.301942
vt 0.543130 0.724402
vt 0.536751 0.723533
vt 0.858862 0.313582
vt 0.565387 0.759594
vt 0.560483 0.774079
vt 0.864016 0.295046
vt 0.541084 0.759345
vt 0.859012 0.297985
vt 0.860192 0.301301
vt 0.856853 0.300214
vt 0.858907 0.303262
vt 0.537475 0.726884
vt 0.533880 0.724226
vt 0.288157 0.644024
vt 0.286610 0.642570
vt 0.288157 0.636260
vt 0.525978 0.722598
vt 0.520551 0.720116
vt 0.528645 0.720966
vt 0.287890 0.570591
vt 0.287407 0.575481
vt 0.287407 0.570100
vt 0.262608 0.886632
vt 0.265449 0.887433
vt 0.916210 0.205845
vt 0.918302 0.203297
vt 0.919644 0.205845
vt 0.037004 0.899340
vt 0.040111 0.899389
vt 0.037778 0.902428
vt 0.530346 0.730224
vt 0.533238 0.727934
vt 0.532729 0.725814
vt 0.044346 0.901275
vt 0.042769 0.900214
vt 0.561488 0.737896
vt 0.566520 0.741603
vt 0.565960 0.733017
vt 0.540296 0.749928
vt 0.541717 0.746844
vt 0.951016 0.750280
vt 0.955511 0.749973
vt 0.408075 0.577307
vt 0.407935 0.580110
vt 0.406922 0.580149
vt 0.262608 0.895702
vt 0.819067 0.839057
vt 0.819108 0.830739
vt 0.407404 0.554997
vt 0.407009 0.552712
vt 0.408180 0.552356
vt 0.883190 0.992759
vt 0.886696 0.992718
vt 0.887893 0.994319
vt 0.408075 0.582140
vt 0.531913 0.732385
vt 0.531772 0.728326
vt 0.532007 0.727286
vt 0.904253 0.869692
vt 0.904128 0.877168
vt 0.544546 0.740971
vt 0.867472 0.315731
vt 0.868071 0.314553
vt 0.870304 0.315251
vt 0.561041 0.780336
vt 0.957177 0.200126
vt 0.954690 0.197511
vt 0.956530 0.197320
vt 0.954690 0.193954
vt 0.957177 0.191197
vt 0.956530 0.193911
vt 0.878596 0.581358
vt 0.930857 0.298673
vt 0.954367 0.195708
vt 0.956340 0.195595
vt 0.812635 0.833221
vt 0.040562 0.906521
vt 0.037004 0.910397
vt 0.644653 0.991360
vt 0.980826 0.449056
vt 0.994283 0.039854
vt 0.990562 0.041300
vt 0.990830 0.039729
vt 0.870158 0.314324
vt 0.543810 0.755972
vt 0.543265 0.753732
vt 0.541515 0.748910
vt 0.915783 0.303363
vt 0.913907 0.302411
vt 0.915783 0.299179
vt 0.980877 0.034547
vt 0.980522 0.036758
vt 0.978407 0.032157
vt 0.514173 0.752961
vt 0.977895 0.037492
vt 0.977970 0.034702
vt 0.980395 0.039127
vt 0.932537 0.561690
vt 0.797767 0.856504
vt 0.799940 0.849353
vt 0.799940 0.858338
vt 0.873155 0.313414
vt 0.561238 0.742873
vt 0.562645 0.745377
vt 0.566071 0.753122
vt 0.407698 0.569717
vt 0.407698 0.562477
vt 0.408101 0.566006
vt 0.406922 0.574241
vt 0.408223 0.572056
vt 0.408010 0.575138
vt 0.408223 0.577307
vt 0.944177 0.844723
vt 0.946447 0.846442
vt 0.944064 0.846367
vt 0.939861 0.105006
vt 0.800359 0.772348
vt 0.535642 0.720354
vt 0.534758 0.722753
vt 0.533827 0.720182
vt 0.691622 0.638488
vt 0.693507 0.633946
vt 0.693507 0.639991
vt 0.956368 0.566332
vt 0.959450 0.563209
vt 0.959931 0.566332
vt 0.819154 0.819346
vt 0.814924 0.826166
vt 0.813769 0.828319
vt 0.856859 0.311442
vt 0.858763 0.308190
vt 0.286610 0.656674
vt 0.286610 0.650337
vt 0.287981 0.652955
vt 0.043455 0.910292
vt 0.851349 0.810165
vt 0.558426 0.987295
vt 0.528435 0.719187
vt 0.523458 0.716827
vt 0.528766 0.713977
vt 0.547636 0.739307
vt 0.555691 0.738669
vt 0.286610 0.646620
vt 0.287994 0.644025
vt 0.287994 0.650337
vt 0.558545 0.740810
vt 0.811055 0.829747
vt 0.693686 0.670410
vt 0.691622 0.668626
vt 0.693686 0.666484
vt 0.540947 0.721925
vt 0.541071 0.720833
vt 0.930189 0.305748
vt 0.639386 0.992421
vt 0.639393 0.995914
vt 0.802552 0.792965
vt 0.934823 0.293038
vt 0.917129 0.480648
vt 0.917806 0.479732
vt 0.920348 0.482379
vt 0.942110 0.844300
vt 0.942110 0.850458
vt 0.920871 0.632373
vt 0.919260 0.623981
vt 0.915851 0.613046
vt 0.908074 0.592546
vt 0.894990 0.586255
vt 0.406922 0.550066
vt 0.408180 0.547293
vt 0.816385 0.821479
vt 0.869744 0.296160
vt 0.868184 0.294441
vt 0.871278 0.294648
vt 0.542364 0.751893
vt 0.546650 0.709723
vt 0.542079 0.707287
vt 0.800359 0.853992
vt 0.803936 0.849305
vt 0.803957 0.857761
vt 0.944938 0.748996
vt 0.535142 0.718112
vt 0.535905 0.716010
vt 0.537565 0.716353
vt 0.536859 0.718384
vt 0.538677 0.718950
vt 0.539361 0.716830
vt 0.542712 0.718745
vt 0.287219 0.626156
vt 0.288007 0.631756
vt 0.286899 0.629979
vt 0.978369 0.039599
vt 0.287407 0.578596
vt 0.287407 0.575481
vt 0.288230 0.576149
vt 0.287117 0.631741
vt 0.286610 0.633889
vt 0.551623 0.760611
vt 0.548151 0.760264
vt 0.548796 0.759331
vt 0.544341 0.755613
vt 0.558368 0.994639
vt 0.562189 0.756815
vt 0.557627 0.760712
vt 0.560383 0.759317
vt 0.990732 0.139444
vt 0.873155 0.295537
vt 0.990184 0.154006
vt 0.996068 0.155026
vt 0.990511 0.155714
vt 0.995817 0.152540
vt 0.861964 0.299661
vt 0.989366 0.147048
vt 0.995467 0.147620
vt 0.855788 0.878362
vt 0.854667 0.873537
vt 0.800707 0.859177
vt 0.937252 0.565723
vt 0.815523 0.814868
vt 0.816441 0.817712
vt 0.937828 0.069630
vt 0.959118 0.067820
vt 0.919502 0.484047
vt 0.916436 0.483615
vt 0.917671 0.482123
vt 0.532525 0.716328
vt 0.532062 0.718171
vt 0.542069 0.720545
vt 0.545330 0.721460
vt 0.563825 0.750427
vt 0.563528 0.754207
vt 0.816493 0.850681
vt 0.867495 0.908978
vt 0.951495 0.759122
vt 0.551800 0.737892
vt 0.693290 0.662557
vt 0.691622 0.666483
vt 0.691622 0.660870
vt 0.286928 0.636260
vt 0.693738 0.628687
vt 0.693738 0.633946
vt 0.691622 0.630570
vt 0.913379 0.299026
vt 0.862196 0.854423
vt 0.959118 0.109880
vt 0.812261 0.810069
vt 0.814369 0.812031
vt 0.693703 0.670410
vt 0.693703 0.673817
vt 0.691622 0.673401
vt 0.564055 0.995160
vt 0.408058 0.554997
vt 0.408058 0.562477
vt 0.406922 0.559778
vt 0.264987 0.884405
vt 0.902770 0.588788
vt 0.861330 0.296397
vt 0.287407 0.581700
vt 0.287407 0.578596
vt 0.288039 0.579022
vt 0.546518 0.757685
vt 0.855317 0.302852
vt 0.918472 0.482872
vt 0.918900 0.483248
vt 0.544110 0.721234
vt 0.543456 0.720995
vt 0.957884 0.204817
vt 0.956186 0.200677
vt 0.958136 0.202471
vt 0.990768 0.479760
vt 0.959497 0.560440
vt 0.558825 0.983588
vt 0.563136 0.980616
vt 0.563558 0.981883
vt 0.980609 0.040911
vt 0.558134 0.997073
vt 0.693709 0.622832
vt 0.693709 0.628453
vt 0.691622 0.627252
vt 0.455743 0.551165
vt 0.458863 0.549573
vt 0.459094 0.551874
vt 0.692554 0.628453
vt 0.532935 0.722628
vt 0.917571 0.475531
vt 0.920482 0.479906
vt 0.537549 0.721065
vt 0.937252 0.565443
vt 0.937252 0.555183
vt 0.942145 0.561807
vt 0.915999 0.477706
vt 0.461878 0.647937
vt 0.464282 0.649646
vt 0.461624 0.649801
vt 0.464412 0.653932
vt 0.461878 0.651674
vt 0.464412 0.645495
vt 0.978947 0.041556
vt 0.286610 0.628266
vt 0.455457 0.552957
vt 0.564258 0.988420
vt 0.995143 0.142400
vt 0.809924 0.808977
vt 0.916457 0.201495
vt 0.520016 0.745117
vt 0.514078 0.748918
vt 0.508894 0.750951
vt 0.569745 0.940687
vt 0.565922 0.943432
vt 0.565922 0.933371
vt 0.927303 0.555183
vt 0.927303 0.566133
vt 0.921008 0.561030
vt 0.691622 0.660869
vt 0.691622 0.655435
vt 0.693367 0.659208
vt 0.554625 0.761166
vt 0.956186 0.190798
vt 0.958136 0.188942
vt 0.915283 0.478556
vt 0.534402 0.719206
vt 0.919635 0.484913
vt 0.915283 0.485819
vt 0.462628 0.644388
vt 0.462628 0.655403
vt 0.464142 0.659165
vt 0.588166 0.555687
vt 0.587098 0.553884
vt 0.588166 0.552661
vt 0.863977 0.298320
vt 0.312432 0.995582
vt 0.308144 0.985253
vt 0.312432 0.982113
vt 0.891670 0.893188
vt 0.893778 0.873686
vt 0.915283 0.478662
vt 0.909053 0.484525
vt 0.909053 0.475531
vt 0.536015 0.719280
vt 0.537692 0.719986
vt 0.558476 0.982436
vt 0.921340 0.637248
vt 0.855294 0.908978
vt 0.529592 0.717727
vt 0.888213 0.653436
vt 0.455457 0.549268
vt 0.980877 0.042711
vt 0.558134 0.981281
vt 0.562723 0.979367
vt 0.588276 0.965199
vt 0.593938 0.965199
vt 0.588737 0.988039
vt 0.851262 0.996695
vt 0.846293 0.978957
vt 0.851262 0.976428
vt 0.790323 0.553855
vt 0.791677 0.431819
vt 0.800359 0.551181
vt 0.462926 0.337087
vt 0.501366 0.217045
vt 0.493161 0.336573
vt 0.481960 0.547742
vt 0.463574 0.549268
vt 0.455457 0.486675
vt 0.610318 0.986519
vt 0.594019 0.988786
vt 0.596705 0.968882
vt 0.028899 0.010087
vt 0.027113 0.002712
vt 0.047285 -0.000000
vt 0.054890 0.018418
vt 0.031395 0.080485
vt 0.035908 0.017475
vt 0.061429 0.079867
vt 0.050694 0.157562
vt 0.024828 0.156268
vt 0.288276 0.161575
vt 0.235649 0.289458
vt 0.230758 0.166304
vt 0.288276 0.285065
vt 0.285673 0.404176
vt 0.433562 0.614434
vt 0.410347 0.653733
vt 0.408253 0.553176
vt 0.105094 0.226338
vt 0.140613 0.228605
vt 0.130668 0.353135
vt 0.141177 0.018986
vt 0.118640 0.079951
vt 0.123575 0.018682
vt 0.827138 0.427961
vt 0.816701 0.425768
vt 0.800359 0.364529
vt 0.822261 0.547456
vt 0.816018 0.549036
vt 0.540134 0.336786
vt 0.511869 0.337298
vt 0.501366 0.218138
vt 0.568286 0.812928
vt 0.568286 0.878259
vt 0.555591 0.816373
vt 0.688500 0.984863
vt 0.702147 0.967169
vt 0.704800 0.987136
vt 0.336900 0.010746
vt 0.320101 0.000000
vt 0.337891 0.003445
vt 0.313791 0.018124
vt 0.329599 0.017878
vt 0.331952 0.081008
vt 0.595171 0.268467
vt 0.638486 0.150817
vt 0.639347 0.268731
vt 0.608517 0.148179
vt 0.617896 0.076028
vt 0.639347 -0.000000
vt 0.639169 0.076114
vt 0.415060 0.161654
vt 0.455457 0.166334
vt 0.455457 0.289604
vt 0.409038 0.404085
vt 0.408253 0.284984
vt 0.936737 0.351656
vt 0.913525 0.409867
vt 0.913525 0.309712
vt 0.230758 0.225836
vt 0.223346 0.350423
vt 0.205098 0.226338
vt 0.198889 0.155843
vt 0.204594 0.080072
vt 0.218444 0.157349
vt 0.936183 0.048793
vt 0.913458 0.043820
vt 0.914654 0.024969
vt 0.933336 0.067511
vt 0.913760 0.069266
vt 0.930717 0.081828
vt 0.913458 0.096427
vt 0.928588 0.093191
vt 0.381742 0.940095
vt 0.388220 0.927220
vt 0.397827 0.945849
vt 0.377282 0.929509
vt 0.371171 0.915666
vt 0.378652 0.908460
vt 0.365860 0.903648
vt 0.384825 0.895950
vt 0.396334 0.901626
vt 0.397827 0.890793
vt 0.404028 0.698119
vt 0.390494 0.711207
vt 0.392445 0.698371
vt 0.933485 0.819942
vt 0.942087 0.817382
vt 0.946811 0.844300
vt 0.568586 0.748059
vt 0.586744 0.724243
vt 0.584282 0.740277
vt 0.966848 0.241087
vt 0.960622 0.261207
vt 0.958187 0.230348
vt 0.966731 0.210997
vt 0.962079 0.210144
vt 0.970349 0.195274
vt 0.984905 0.260562
vt 0.970349 0.252713
vt 0.984905 0.237629
vt 0.913458 0.013716
vt 0.903089 0.034307
vt 0.890539 0.030859
vt 0.891914 0.006485
vt 0.903425 0.010495
vt 0.879862 0.028310
vt 0.887320 0.000000
vt 0.982375 0.364680
vt 0.966367 0.385646
vt 0.965146 0.362745
vt 0.980507 0.380257
vt 0.979850 0.391517
vt 0.958684 0.345097
vt 0.953501 0.356594
vt 0.955897 0.333513
vt 0.963678 0.377689
vt 0.954978 0.136740
vt 0.967623 0.128304
vt 0.967197 0.140993
vt 0.998574 0.232216
vt 0.996915 0.231661
vt 0.998308 0.231365
vt 0.692173 0.655435
vt 0.693430 0.652406
vt 0.693535 0.655175
vt 0.587098 0.550117
vt 0.588237 0.552609
vt 0.587443 0.552661
vt 0.726427 0.977118
vt 0.714426 0.993726
vt 0.714289 0.975103
vt 0.049727 0.988745
vt 0.037959 0.960062
vt 0.051171 0.957981
vt 0.904474 0.314427
vt 0.913379 0.299026
vt 0.913379 0.311330
vt 0.452863 0.879867
vt 0.442402 0.903157
vt 0.442050 0.880674
vt 0.977920 0.410866
vt 0.989203 0.441736
vt 0.977920 0.442826
vt 0.990180 0.077102
vt 0.980289 0.109338
vt 0.980289 0.077112
vt 0.990177 0.109330
vt 0.569792 0.947306
vt 0.558134 0.978560
vt 0.558134 0.946496
vt 0.813487 0.956316
vt 0.823805 0.988351
vt 0.813739 0.988229
vt 0.823805 0.956528
vt 0.979381 0.141946
vt 0.989121 0.114234
vt 0.989366 0.144665
vt 0.979381 0.111448
vt 0.990065 0.884147
vt 0.980076 0.851914
vt 0.990065 0.851944
vt 0.980080 0.884118
vt 0.989772 0.074736
vt 0.980297 0.045636
vt 0.989772 0.043266
vt 0.989856 0.894226
vt 0.980609 0.926431
vt 0.980501 0.894321
vt 0.031412 0.926566
vt 0.033631 0.926484
vt 0.037004 0.943389
vt 0.990227 0.450662
vt 0.990474 0.449860
vt 0.991922 0.450304
vt 0.692996 0.650437
vt 0.691622 0.650181
vt 0.691721 0.647412
vt 0.406922 0.586679
vt 0.408128 0.583959
vt 0.407770 0.586434
vt 0.837121 0.977867
vt 0.846293 0.992017
vt 0.835353 0.995673
vt 0.989731 0.004599
vt 0.977895 0.029987
vt 0.977895 0.000000
vt 0.169540 0.973065
vt 0.157914 0.994073
vt 0.158244 0.973065
vt 0.235508 0.958171
vt 0.224530 0.948834
vt 0.234161 0.948607
vt 0.883062 0.074038
vt 0.889046 0.075694
vt 0.881013 0.097462
vt 0.089523 0.818888
vt 0.100174 0.837623
vt 0.065159 0.841460
vt 0.064809 0.822530
vt 0.200135 0.976232
vt 0.189237 0.941154
vt 0.200135 0.948068
vt 0.733211 0.907906
vt 0.754856 0.923543
vt 0.732672 0.938851
vt 0.765387 0.899694
vt 0.732672 0.885976
vt 0.734945 0.881217
vt 0.346731 0.800580
vt 0.354252 0.825175
vt 0.330425 0.829525
vt 0.333431 0.800760
vt 0.332465 0.766475
vt 0.346147 0.767489
vt 0.984316 0.459593
vt 0.988159 0.458442
vt 0.985041 0.471789
vt 0.997105 0.240412
vt 0.992148 0.458821
vt 0.995831 0.458266
vt 0.997098 0.470322
vt 0.722177 0.845623
vt 0.725138 0.836323
vt 0.726804 0.845843
vt 0.015236 0.230377
vt 0.050499 0.229580
vt 0.044597 0.349273
vt 0.087132 0.350139
vt 0.131052 0.470890
vt 0.083105 0.468511
vt 0.283867 0.060891
vt 0.118690 0.571774
vt 0.624107 0.603444
vt 0.588417 0.499071
vt 0.639347 0.502561
vt 0.460583 0.217970
vt 0.389238 0.242775
vt 0.357075 0.341365
vt 0.341451 0.236186
vt 0.408325 0.060690
vt 0.392590 0.123232
vt 0.288277 0.225328
vt 0.318473 0.229269
vt 0.327191 0.349062
vt 0.712367 0.654459
vt 0.693741 0.537704
vt 0.732672 0.535925
vt 0.879862 -0.000000
vt 0.879862 0.111448
vt 0.834991 0.020752
vt 0.887974 0.667669
vt 0.893509 0.696227
vt 0.871184 0.681712
vt 0.883391 0.731871
vt 0.853859 0.756183
vt 0.857712 0.746453
vt 0.913592 0.083919
vt 0.929954 0.765105
vt 0.943148 0.776236
vt 0.925798 0.780894
vt 0.567213 0.145812
vt 0.581795 0.263332
vt 0.546747 0.264478
vt 0.587494 0.385462
vt 0.595171 0.482763
vt 0.556699 0.385463
vt 0.784974 0.790837
vt 0.732672 0.881217
vt 0.732672 0.786849
vt 0.463618 -0.000000
vt 0.491126 0.095332
vt 0.455457 0.094586
vt 0.566520 0.715381
vt 0.580107 0.707287
vt 0.964147 0.272108
vt 0.981450 0.266740
vt 0.980588 0.286931
vt 0.188164 0.344444
vt 0.221639 0.467947
vt 0.205183 0.570632
vt 0.179074 0.465519
vt 0.165223 0.469136
vt 0.165223 0.348276
vt 0.729737 0.413719
vt 0.694940 0.416294
vt 0.595234 0.602492
vt 0.236104 0.065266
vt 0.234673 0.980833
vt 0.224530 0.980190
vt 0.225371 0.957470
vt 0.169951 0.994556
vt 0.392395 0.994869
vt 0.380459 0.995354
vt 0.380930 0.973842
vt 0.453075 0.902384
vt 0.452015 0.065293
vt 0.165223 0.571629
vt 0.118527 0.996866
vt 0.118527 0.978389
vt 0.128951 0.985785
vt 0.609940 0.968539
vt 0.989720 0.926431
vt 0.980289 0.077102
vt 0.539640 0.217684
vt 0.834991 0.111448
vt 0.886006 0.200530
vt 0.834991 0.206689
vt 0.989440 0.409867
vt 0.569797 0.979367
vt 0.094832 0.854489
vt 0.071908 0.867882
vt 0.501366 0.888353
vt 0.476690 0.886996
vt 0.476925 0.872963
vt 0.183346 0.942269
vt 0.071064 0.804579
vt 0.501366 0.902146
vt 0.475699 0.900163
vt 0.868133 0.663594
vt 0.769093 0.616790
vt 0.026041 0.467822
vt 0.083105 0.351143
vt 0.063937 0.469455
vt 0.289060 0.349549
vt 0.340496 0.468205
vt 0.301559 0.468483
vt 0.823345 0.316299
vt 0.341451 0.579831
vt 0.603706 0.387907
vt 0.638596 0.388120
vt 0.628780 0.499071
vt 0.574896 0.980974
vt 0.569839 0.965199
vt 0.580870 0.979471
vt 0.987816 0.701175
vt 0.982412 0.718848
vt 0.974246 0.705371
vt 0.000000 0.347407
vt 0.000000 0.467094
vt 0.011618 0.578956
vt 0.786099 0.430462
vt 0.965146 0.309712
vt 0.962960 0.335617
vt 0.864132 0.708134
vt 0.464412 0.659165
vt 0.464412 0.549268
vt 0.469572 0.610429
vt 0.461576 0.553578
vt 0.461576 0.655542
vt 0.082286 0.226783
vt 0.574101 0.773323
vt 0.583865 0.768059
vt 0.847143 0.659213
vt 0.827138 0.661851
vt 0.827138 0.632259
vt 0.987660 0.032157
vt 0.038741 0.988745
vt 0.453415 0.957695
vt 0.453415 0.934969
vt 0.481197 0.959686
vt 0.566520 0.732867
vt 0.361289 0.120142
vt 0.408253 0.000000
vt 0.400169 0.306594
vt 0.688432 0.733065
vt 0.688432 0.614439
vt 0.691622 0.666178
vt 0.546747 0.094371
vt 0.510737 0.096248
vt 0.532297 -0.000000
vt 0.716357 0.316299
vt 0.408253 0.348142
vt 0.437433 0.000000
vt 0.171026 0.634924
vt 0.382794 0.409149
vt 0.255090 -0.000000
vt 0.417563 0.717819
vt 0.639347 0.665421
vt 0.100240 0.884151
vt 0.079500 0.887395
vt 0.926163 0.108309
vt 0.993496 0.239434
vt 0.992273 0.251588
vt 0.996760 0.252730
vt 0.846293 0.976428
vt 0.845705 0.630020
vt 0.481104 0.938103
vt 0.724644 0.993726
vt 0.161249 0.229277
vt 0.479895 0.549981
vt 0.497257 0.555669
vt 0.487867 0.566946
vt 0.588276 0.965199
vt 0.177169 0.226725
vt 0.796558 0.663565
vt 0.993740 0.341281
vt 0.999748 0.345836
vt 0.993740 0.362242
vt 0.141627 0.786545
vt 0.145337 0.793443
vt 0.141627 0.804017
vt 0.588306 0.144912
vt 0.501366 0.705341
vt 0.472839 0.633426
vt 0.497442 0.630900
vt 0.992519 0.470938
vt 0.995941 0.479033
vt 0.990227 0.479760
vt 0.224530 0.993731
vt 0.228725 0.980833
vt 0.232539 0.993731
vt 0.970592 0.705620
vt 0.974417 0.719619
vt 0.970592 0.718677
vt 0.340169 0.009659
vt 0.104597 0.811619
vt 0.118527 0.837422
vt 0.329727 0.751128
vt 0.342978 0.749211
vt 0.951150 0.560341
vt 0.947423 0.542428
vt 0.958434 0.543524
vt 0.954773 0.121789
vt 0.965146 0.397421
vt 0.114865 0.866892
vt 0.727765 0.858102
vt 0.330271 0.994088
vt 0.333535 0.976651
vt 0.341779 0.994088
vt 0.769093 0.316299
vt 0.249722 0.404208
vt 0.469572 0.571289
vt 0.141567 -0.000000
vt 0.126109 0.000394
vt 0.895953 0.713445
vt 0.288277 0.781596
vt 0.305912 0.770601
vt 0.307070 0.800264
vt 0.304046 0.825396
vt 0.291464 0.798778
vt 0.688910 0.966828
vt 0.232539 0.993969
vt 0.235758 0.982117
vt 0.235401 0.994759
vt 0.034961 0.943863
vt 0.875664 0.661363
vt 0.875664 0.648798
vt 0.878071 0.661223
vt 0.232539 0.980833
vt 0.998032 0.524761
vt 0.991702 0.512583
vt 0.994080 0.511594
vt 0.031389 0.909328
vt 0.034472 0.910072
vt 0.996915 0.207270
vt 0.993969 0.207150
vt 0.996121 0.195274
vt 0.191451 0.079559
vt 0.165223 0.082347
vt 0.169065 0.018265
vt 0.522279 0.482982
vt 0.546747 0.485894
vt 0.527563 0.547934
vt 0.112453 0.157648
vt 0.440433 0.404248
vt 0.800359 0.663595
vt 0.365860 0.991443
vt 0.365860 0.973842
vt 0.380459 0.974472
vt 0.184455 0.018362
vt 0.173649 0.000000
vt 0.956368 0.570182
vt 0.968924 0.576604
vt 0.957203 0.588371
vt 0.408156 0.684813
vt 0.390295 0.686584
vt 0.392225 0.675662
vt 0.952316 0.918817
vt 0.936799 0.901572
vt 0.952180 0.904163
vt 0.924545 0.796542
vt 0.965484 0.232000
vt 0.704799 0.992586
vt 0.704799 0.963337
vt 0.713487 0.974995
vt 0.953481 0.310407
vt 0.913458 0.036849
vt 0.970687 0.109880
vt 0.962848 0.086366
vt 0.970439 0.066470
vt 0.959118 0.063143
vt 0.970687 0.043266
vt 0.967785 0.601078
vt 0.956368 0.636399
vt 0.956744 0.602892
vt 0.995732 0.498270
vt 0.999193 0.196598
vt 0.997568 0.499723
vt 0.748175 0.313047
vt 0.748175 0.316157
vt 0.745565 0.315511
vt 0.999193 0.216728
vt 0.995205 0.216906
vt 0.993213 0.211318
vt 0.031320 0.899340
vt 0.036427 0.906422
vt 0.030294 0.904933
vt 0.955511 0.749973
vt 0.958114 0.751705
vt 0.955511 0.757550
vt 0.997179 0.211327
vt 0.736583 0.903417
vt 0.739275 0.895884
vt 0.320831 0.800689
vt 0.941986 0.791523
vt 0.498901 0.915371
vt 0.474312 0.912920
vt 0.964147 0.291396
vt 0.943451 0.991022
vt 0.936799 0.971939
vt 0.952121 0.971939
vt 0.940941 0.932096
vt 0.937747 0.916906
vt 0.485836 0.482613
vt 0.392129 0.973842
vt 0.406699 0.659175
vt 0.393282 0.653636
vt 0.176436 0.990895
vt 0.169951 0.995755
vt 0.169951 0.973065
vt 0.205518 0.947923
vt 0.200135 0.971471
vt 0.200135 0.941154
vt 0.990227 0.470757
vt 0.581172 0.982877
vt 0.025130 0.008862
vt 0.956834 0.409867
vt 0.960478 0.395862
vt 0.960499 0.408933
vt 0.588237 0.547934
vt 0.691622 0.652614
vt 0.693540 0.647613
vt 0.406922 0.582251
vt 0.303054 0.752668
vt 0.957664 0.529050
vt 0.948802 0.524404
vt 0.961700 0.494121
vt 0.037004 0.900644
vt 0.913447 0.097462
vt 0.913447 0.104363
vt 0.910517 0.102018
vt 0.307372 0.079288
vt 0.195885 0.019003
vt 0.341451 0.004131
vt 0.702058 0.963337
vt 0.967382 0.266740
vt 0.970349 0.255461
vt 0.540960 0.410402
vt 0.410043 0.477699
vt 0.426303 0.477787
vt 0.416015 0.553176
vt 0.262460 0.477861
vt 0.281225 0.477839
vt 0.272002 0.553325
vt 0.461538 0.410871
vt 0.951351 0.878729
vt 0.393433 0.664997
vt 0.183654 0.974762
vt 0.954773 0.153822
vt 0.965855 0.154322
vt 0.957613 0.186762
vt 0.453382 0.967418
vt 0.447916 0.975829
vt 0.965349 0.301465
vt 0.958426 0.663595
vt 0.970592 0.683319
vt 0.960694 0.684044
vt 0.884114 0.050410
vt 0.960258 0.707101
vt 0.956834 0.395587
vt 0.497843 0.549268
vt 0.500681 0.554815
vt 0.596800 0.965062
vt 0.023262 0.003259
vt 0.727299 0.866961
vt 0.732425 0.858538
vt 0.732425 0.867379
vt 0.453415 0.912366
vt 0.763226 0.884259
vt 0.290865 0.817081
vt 0.753049 0.314083
vt 0.755530 0.313047
vt 0.755530 0.316021
vt 0.287956 0.659344
vt 0.286610 0.662220
vt 0.286610 0.656674
vt 0.862783 0.728537
vt 0.736206 0.907025
vt 0.639191 0.814239
vt 0.633691 0.786369
vt 0.639191 0.783085
vt 0.056181 0.968812
vt 0.063168 0.957980
vt 0.063168 0.988880
vt 0.051171 0.970586
vt 0.143530 0.699002
vt 0.141897 0.698903
vt 0.143286 0.686929
vt 0.141627 0.686799
vt 0.143630 0.676410
vt 0.145302 0.676559
vt 0.144970 0.675756
vt 0.458228 0.884508
vt 0.455649 0.899419
vt 0.168229 0.155389
vt 0.982217 0.449921
vt 0.160992 0.571774
vt 0.162281 0.572341
vt 0.160609 0.572603
vt 0.163542 0.582803
vt 0.478200 0.710593
vt 0.138748 0.157412
vt 0.139907 0.080620
vt 0.984497 0.449860
vt 0.904768 0.301873
vt 0.474306 0.929528
vt 0.732672 0.653643
vt 0.725926 0.725062
vt 0.521096 0.410112
vt 0.512512 0.408794
vt 0.486743 0.409616
vt 0.595060 0.072658
vt 0.584087 0.073716
vt 0.595171 0.000000
vt 0.499291 0.779357
vt 0.472469 0.925077
vt 0.494051 0.927791
vt 0.316344 0.749323
vt 0.319941 0.767600
vt 0.852977 0.636261
vt 0.852822 0.653215
vt 0.937242 0.407060
vt 0.936737 0.395670
vt 0.947393 0.407158
vt 0.960604 0.111448
vt 0.972125 0.265390
vt 0.165199 0.582561
vt 0.980373 0.473154
vt 0.947393 0.395623
vt 0.164521 0.594716
vt 0.162896 0.594925
vt 0.985141 0.480360
vt 0.980044 0.481801
vt 0.162126 0.603412
vt 0.722354 0.836836
vt 0.458519 0.928053
vt 0.453075 0.871143
vt 0.966254 0.566332
vt 0.988063 0.722662
vt 0.997853 0.742800
vt 0.988063 0.746710
vt 0.358043 0.770354
vt 0.358043 0.800001
vt 0.584360 0.798654
vt 0.956007 0.377864
vt 0.980044 0.460938
vt 0.998032 0.494121
vt 0.910798 0.107542
vt 0.895184 0.053536
vt 0.721741 0.858292
vt 0.731017 0.846352
vt 0.460379 0.873223
vt 0.726969 0.836663
vt 0.691622 0.645443
vt 0.693005 0.645584
vt 0.693535 0.650437
vt 0.692164 0.650583
vt 0.980116 0.450621
vt 0.965559 0.706711
vt 0.958426 0.730262
vt 0.073490 0.157817
vt 0.295992 0.156739
vt 0.316527 0.157311
vt 0.064967 0.882883
vt 0.453683 0.928053
vt 0.853859 0.667302
vt 0.952441 0.931325
vt 0.991081 0.182306
vt 0.991081 0.156346
vt 0.998798 0.165810
vt 0.498541 0.875260
vt 0.143777 0.707439
vt 0.145302 0.707528
vt 0.380054 0.893693
vt 0.064809 0.867573
vt 0.442955 0.871046
vt 0.942656 0.877381
vt 0.952441 0.851914
vt 0.923534 0.013753
vt 0.915388 0.015098
vt 0.917895 0.000000
vt 0.929478 0.028008
vt 0.160609 0.603604
vt 0.407781 0.582140
vt 0.587431 0.548118
vt 0.961700 0.559596
vt 0.992973 0.260500
vt 0.998574 0.261883
vt 0.721795 0.867041
vt 0.989808 0.479325
vt 0.176931 0.949130
vt 0.860908 0.682224
vt 0.965146 0.395582
vt 0.501366 0.549271
vt 0.609968 0.965062
vt 0.688888 0.963337
vt 0.576017 0.983966
s 1
usemtl Bake
f 3/1/1 2/2/2 1/3/3
f 6/4/4 5/5/5 4/6/6
f 1/3/3 8/7/7 7/8/8
f 11/9/9 10/10/10 9/11/11
f 14/12/12 13/13/13 12/14/14
f 16/15/15 15/16/15 9/17/16
f 12/14/14 9/18/11 10/19/10
f 10/10/10 18/20/17 17/21/18
f 14/12/12 12/14/14 10/19/10
f 1/3/3 19/22/19 8/7/7
f 21/23/20 9/24/11 20/25/21
f 24/26/22 23/27/23 22/28/24
f 25/29/25 10/10/10 11/9/9
f 8/7/7 19/22/19 26/30/26
f 29/31/27 28/32/28 27/33/29
f 29/31/27 27/33/29 30/34/30
f 33/35/31 32/36/32 31/37/33
f 33/38/31 34/39/34 32/40/32
f 34/41/34 36/42/35 35/43/36
f 34/41/34 38/44/37 37/45/38
f 41/46/39 40/47/40 39/48/41
f 44/49/42 43/50/43 42/51/44
f 26/30/26 19/22/19 45/52/45
f 10/10/10 25/29/25 18/20/17
f 48/53/46 47/54/47 46/55/48
f 51/56/49 50/57/50 49/58/51
f 21/59/20 20/60/21 26/30/26
f 54/61/52 53/62/53 52/63/54
f 57/64/55 56/65/56 55/66/57
f 60/67/58 59/68/59 58/69/60
f 54/61/52 52/63/54 58/70/60
f 62/71/61 61/72/62 56/65/56
f 64/73/63 59/74/59 63/75/64
f 67/76/65 66/77/66 65/78/67
f 69/79/68 46/55/48 68/80/69
f 48/81/46 46/82/48 44/83/42
f 46/82/48 43/84/43 44/83/42
f 34/85/34 35/86/36 32/87/32
f 23/27/23 17/21/18 18/20/17
f 1/3/3 2/2/2 19/22/19
f 72/88/70 71/89/71 70/90/72
f 75/91/73 74/92/74 73/93/75
f 74/94/74 76/95/76 73/96/75
f 79/97/77 78/98/78 77/99/79
f 82/100/80 81/101/81 80/102/82
f 43/50/43 83/103/83 42/51/44
f 67/76/65 65/78/67 84/104/84
f 82/105/80 86/106/85 85/107/86
f 88/108/87 79/109/77 87/110/88
f 91/111/89 90/112/90 89/113/91
f 90/112/90 92/114/92 89/113/91
f 1/115/3 94/116/93 93/117/94
f 24/118/22 2/119/2 95/120/95
f 24/118/22 22/121/24 96/122/96
f 76/123/76 98/124/97 97/125/98
f 101/126/99 100/127/100 99/128/101
f 103/129/102 102/130/103 99/131/101
f 105/132/104 93/117/94 104/133/105
f 14/134/12 107/135/106 106/136/107
f 19/22/19 2/2/2 96/137/96
f 2/119/2 24/118/22 96/122/96
f 109/138/108 108/139/109 90/140/110
f 112/141/111 111/142/112 110/143/113
f 114/144/114 4/145/6 113/146/115
f 117/147/116 116/148/117 115/149/118
f 120/150/119 119/151/120 118/152/121
f 119/153/120 121/154/122 118/155/121
f 77/156/79 78/157/78 122/158/123
f 78/157/78 71/159/124 122/158/123
f 125/160/125 124/161/126 123/162/127
f 128/163/128 127/164/129 126/165/130
f 130/166/131 129/167/132 51/168/49
f 54/169/52 58/69/60 59/68/59
f 133/170/133 132/171/134 131/172/134
f 134/173/135 50/57/50 51/56/49
f 136/174/136 69/79/68 135/175/137
f 66/77/66 91/111/89 89/113/91
f 66/77/66 137/176/138 91/111/89
f 138/177/139 108/139/109 109/138/108
f 30/34/30 41/46/39 29/31/27
f 38/44/37 99/131/101 102/130/103
f 140/178/140 64/73/63 139/179/141
f 61/72/62 49/58/51 50/57/50
f 61/72/62 62/71/61 49/58/51
f 141/180/142 129/167/132 130/166/131
f 123/162/127 88/108/87 125/160/125
f 86/106/85 72/88/70 70/90/72
f 86/106/85 142/181/143 72/88/70
f 143/182/144 77/156/79 122/158/123
f 55/66/57 56/65/56 144/183/145
f 63/75/64 59/74/59 60/184/58
f 63/75/64 60/184/58 145/185/146
f 11/186/9 9/24/11 21/23/20
f 66/77/66 67/76/65 137/176/138
f 83/103/83 43/50/43 138/177/139
f 84/104/84 65/78/67 146/187/147
f 68/80/69 46/55/48 47/54/47
f 34/41/34 37/45/38 36/42/35
f 39/48/41 148/188/148 147/189/149
f 118/155/121 121/154/122 149/190/150
f 150/191/151 4/6/6 5/5/5
f 151/192/152 116/148/117 121/154/122
f 152/193/153 117/194/116 150/191/151
f 4/145/6 114/144/114 6/195/4
f 153/196/154 119/151/120 120/150/119
f 153/196/154 113/197/155 119/151/120
f 115/149/118 116/148/117 151/192/152
f 156/198/156 155/199/157 154/200/157
f 157/201/158 117/147/116 115/149/118
f 159/202/159 158/203/160 100/204/100
f 28/205/161 102/130/103 103/129/102
f 27/33/29 28/32/28 158/206/162
f 162/207/163 161/208/164 160/209/165
f 160/209/165 161/208/164 163/210/166
f 103/211/102 99/128/101 100/127/100
f 82/212/80 85/213/86 81/214/81
f 87/110/88 74/92/74 75/91/73
f 1/115/3 7/215/8 94/116/93
f 6/216/4 114/217/114 164/218/167
f 70/90/72 71/89/71 124/219/168
f 165/220/169 127/164/129 128/163/128
f 56/65/56 57/64/55 62/71/61
f 53/62/53 166/221/170 141/180/142
f 39/48/41 40/47/40 148/188/148
f 167/222/171 33/35/31 31/37/33
f 41/46/39 30/34/30 40/47/40
f 168/223/172 33/35/31 167/222/171
f 17/21/18 23/27/23 24/26/22
f 139/179/141 134/224/173 140/178/140
f 169/225/174 131/172/134 132/171/134
f 135/175/137 92/226/175 136/174/136
f 170/227/176 110/143/113 111/142/112
f 107/228/106 14/12/12 10/19/10
f 3/229/1 1/115/3 105/132/104
f 1/115/3 93/117/94 105/132/104
f 7/8/8 8/7/7 20/60/21
f 8/7/7 26/30/26 20/60/21
f 121/154/122 119/153/120 151/192/152
f 119/151/120 113/197/155 151/230/152
f 86/106/85 82/105/80 142/181/143
f 98/124/97 76/123/76 143/182/144
f 117/231/116 157/232/158 113/146/115
f 171/233/177 154/200/157 155/199/157
f 173/59/178 26/30/26 172/234/179
f 26/30/26 45/52/45 172/234/179
f 100/204/100 101/235/99 159/202/159
f 101/235/99 168/223/172 159/202/159
f 73/96/75 76/95/76 174/236/180
f 76/123/76 97/125/98 174/237/180
f 176/238/181 24/26/22 175/239/182
f 24/118/22 95/120/95 175/240/182
f 178/241/183 177/242/184 136/243/136
f 177/244/184 69/79/68 136/174/136
f 138/177/139 178/245/183 108/139/109
f 178/241/183 136/243/136 108/246/109
f 113/146/115 4/145/6 117/231/116
f 4/6/6 150/191/151 117/194/116
f 78/98/78 79/97/77 123/247/127
f 79/109/77 88/108/87 123/162/127
f 107/248/106 10/10/10 179/249/185
f 10/10/10 17/21/18 179/249/185
f 166/250/170 180/251/186 140/252/140
f 180/253/186 64/73/63 140/178/140
f 141/180/142 166/221/170 129/167/132
f 166/250/170 140/252/140 129/254/132
f 77/99/79 74/255/74 79/97/77
f 74/92/74 87/110/88 79/109/77
f 38/44/37 34/41/34 99/131/101
f 34/256/34 33/257/31 99/128/101
f 99/128/101 33/257/31 101/126/99
f 33/35/31 168/223/172 101/235/99
f 74/255/74 77/99/79 76/258/76
f 77/156/79 143/182/144 76/123/76
f 2/2/2 3/1/1 181/259/187
f 43/84/43 46/82/48 177/242/184
f 46/55/48 69/79/68 177/244/184
f 138/177/139 43/50/43 178/245/183
f 43/84/43 177/242/184 178/241/183
f 179/249/185 17/21/18 176/238/181
f 17/21/18 24/26/22 176/238/181
f 54/169/52 59/68/59 180/251/186
f 59/74/59 64/73/63 180/253/186
f 53/62/53 54/61/52 166/221/170
f 54/169/52 180/251/186 166/250/170
f 45/52/45 19/22/19 182/260/188
f 19/22/19 96/137/96 182/260/188
f 185/261/189 184/262/189 183/263/189
f 188/264/190 187/265/190 186/266/190
f 191/267/191 190/268/192 189/269/193
f 189/270/193 192/271/194 191/272/191
f 192/271/194 194/273/195 193/274/196
f 197/275/197 196/276/198 195/277/199
f 195/278/199 198/279/200 197/280/197
f 201/281/201 200/282/202 199/283/203
f 204/284/204 203/285/205 202/286/206
f 203/287/205 204/288/204 205/289/207
f 208/290/208 207/291/209 206/292/210
f 211/293/211 210/294/212 209/295/213
f 213/296/214 209/297/213 212/298/215
f 208/299/208 215/300/216 214/301/217
f 218/302/218 217/303/219 216/304/220
f 217/303/219 218/302/218 219/305/221
f 222/306/222 221/307/223 220/308/224
f 225/309/225 224/310/226 223/311/227
f 228/312/228 227/313/229 226/314/230
f 231/315/231 230/316/232 229/317/233
f 230/316/232 231/315/231 232/318/234
f 235/319/235 234/320/236 233/321/237
f 234/320/236 235/319/235 236/322/238
f 239/323/239 238/324/240 237/325/241
f 238/324/240 239/323/239 240/326/242
f 243/327/243 242/328/244 241/329/245
f 246/330/246 245/331/247 244/332/248
f 245/331/247 246/330/246 247/333/249
f 247/334/249 248/335/250 245/336/247
f 248/335/250 247/334/249 249/337/251
f 252/338/252 251/339/253 250/340/254
f 255/341/255 254/342/256 253/343/257
f 258/344/258 257/345/259 256/346/260
f 261/347/261 260/348/262 259/349/263
f 259/349/263 262/350/264 261/347/261
f 265/351/265 264/352/266 263/353/267
f 268/354/268 267/355/269 266/356/270
f 271/357/271 270/358/272 269/359/273
f 273/360/274 272/361/275 270/358/272
f 276/362/276 275/363/277 274/364/278
f 276/362/276 277/365/279 275/363/277
f 280/366/280 279/367/281 278/368/282
f 283/369/283 282/370/284 281/371/285
f 283/369/283 284/372/286 282/370/284
f 284/373/286 283/374/283 285/375/287
f 285/375/287 286/376/288 284/373/286
f 289/377/289 288/378/290 287/379/291
f 288/378/290 289/377/289 290/380/292
f 293/381/293 292/382/294 291/383/295
f 296/384/296 295/385/297 294/386/298
f 295/387/297 296/388/296 297/389/299
f 300/390/300 299/391/301 298/392/302
f 299/393/301 300/394/300 301/395/303
f 304/396/304 303/397/305 302/398/306
f 303/397/305 306/399/307 305/400/308
f 309/401/309 308/402/310 307/403/311
f 309/401/309 310/404/312 308/402/310
f 313/405/313 312/406/314 311/407/315
f 312/408/314 313/409/313 314/410/316
f 316/411/317 314/412/316 315/413/318
f 315/414/318 317/415/319 316/416/317
f 320/417/320 319/418/321 318/419/322
f 319/418/321 320/417/320 321/420/323
f 324/421/324 323/422/324 322/423/325
f 323/424/324 324/425/324 325/426/326
f 328/427/327 327/428/328 326/429/329
f 327/428/328 328/427/327 329/430/330
f 332/431/331 331/432/331 330/433/331
f 331/432/331 332/431/331 333/434/331
f 336/435/332 335/436/333 334/437/334
f 339/438/335 338/439/336 337/440/337
f 338/441/336 339/442/335 340/443/338
f 343/444/339 342/445/340 341/446/341
f 341/446/341 344/447/342 343/444/339
f 347/448/343 346/449/344 345/450/345
f 346/449/344 347/448/343 348/451/346
f 351/452/347 350/453/348 349/454/349
f 354/455/350 353/456/351 352/457/352
f 357/458/353 356/459/354 355/460/355
f 360/461/356 359/462/357 358/463/358
f 358/464/358 361/465/359 360/466/356
f 361/467/359 358/468/358 362/469/360
f 365/470/361 364/471/362 363/472/363
f 368/473/364 367/474/365 366/475/366
f 366/475/366 370/476/367 369/477/368
f 373/478/369 372/479/370 371/480/371
f 375/481/372 371/482/371 374/483/373
f 374/483/373 376/484/374 375/481/372
f 376/485/374 374/486/373 377/487/375
f 380/488/376 379/489/377 378/490/378
f 382/491/379 381/492/380 380/493/376
f 381/492/380 382/491/379 383/494/381
f 386/495/382 385/496/383 384/497/384
f 389/498/385 388/499/386 387/500/387
f 392/501/388 391/502/389 390/503/390
f 395/504/391 394/505/392 393/506/393
f 397/507/394 396/508/395 389/509/385
f 389/510/385 399/511/396 398/512/397
f 402/513/398 401/514/399 400/515/400
f 405/516/401 404/517/402 403/518/403
f 407/519/404 405/520/401 406/521/405
f 406/521/405 408/522/406 407/519/404
f 411/523/407 410/524/408 409/525/409
f 414/526/410 413/527/411 412/528/412
f 417/529/413 416/530/414 415/531/415
f 420/532/416 419/533/417 418/534/418
f 423/535/419 422/536/420 421/537/421
f 421/537/421 424/538/422 423/535/419
f 426/539/423 197/540/197 425/541/424
f 428/542/425 396/508/395 427/543/426
f 431/544/427 430/545/428 429/546/429
f 209/295/213 210/294/212 432/547/430
f 434/548/431 414/526/410 433/549/432
f 436/550/433 435/551/434 310/404/312
f 435/552/434 436/553/433 437/554/435
f 363/555/363 439/556/436 438/557/437
f 440/558/438 384/559/384 381/492/380
f 443/560/439 442/561/440 441/562/441
f 399/511/396 389/510/385 390/563/390
f 446/564/442 445/565/443 444/566/444
f 410/567/408 447/568/445 406/521/405
f 421/569/421 422/570/420 416/530/414
f 370/476/367 366/475/366 448/571/446
f 399/572/396 390/503/390 400/573/400
f 209/295/213 450/574/447 449/575/448
f 215/576/216 208/577/208 451/578/449
f 453/579/450 452/580/451 446/564/442
f 455/581/452 450/574/447 454/582/453
f 416/530/414 434/548/431 421/569/421
f 317/415/319 457/583/454 456/584/455
f 197/540/197 459/585/456 458/586/457
f 442/561/440 443/560/439 460/587/458
f 420/532/416 418/534/418 461/588/459
f 449/589/448 450/590/447 455/591/452
f 201/592/201 199/593/203 462/594/460
f 425/541/424 464/595/461 463/596/462
f 458/597/457 459/598/456 465/599/463
f 394/505/392 395/504/391 466/600/464
f 362/601/360 467/602/465 361/603/359
f 469/604/466 305/605/308 468/606/467
f 413/527/411 416/530/414 417/529/413
f 410/524/408 411/523/407 447/607/445
f 304/396/304 471/608/468 470/609/469
f 469/604/466 468/606/467 472/610/470
f 390/503/390 387/500/387 392/501/388
f 353/611/351 473/612/471 357/458/353
f 350/613/348 351/614/347 474/615/472
f 386/495/382 384/497/384 440/616/438
f 396/508/395 397/507/394 427/543/426
f 462/617/460 199/618/203 463/619/462
f 476/620/473 201/621/201 475/622/474
f 385/496/383 386/495/382 389/509/385
f 445/565/443 446/564/442 477/623/475
f 454/582/453 432/547/430 478/624/476
f 201/625/201 476/626/473 479/627/477
f 265/351/265 263/353/267 480/628/478
f 482/629/479 442/561/440 481/630/480
f 464/595/461 458/586/457 465/631/463
f 485/632/481 484/633/482 483/634/483
f 486/635/484 257/636/259 258/637/258
f 205/289/207 487/638/485 203/287/205
f 488/639/486 224/310/226 225/309/225
f 411/523/407 409/525/409 414/640/410
f 208/641/208 206/642/210 489/643/487
f 490/644/488 414/640/410 431/544/427
f 314/645/316 316/646/317 312/647/314
f 433/648/432 414/640/410 490/644/488
f 389/509/385 398/649/397 397/507/394
f 367/650/365 364/471/362 365/470/361
f 310/404/312 309/401/309 436/550/433
f 215/651/216 451/652/449 478/653/476
f 490/644/488 431/544/427 429/546/429
f 222/306/222 492/654/489 491/655/490
f 317/415/319 493/656/491 457/583/454
f 371/482/371 375/481/372 373/657/369
f 496/658/492 495/659/493 494/660/494
f 204/284/204 202/286/206 497/661/495
f 359/462/357 360/461/356 498/662/496
f 499/663/497 437/554/435 313/664/313
f 437/554/435 499/663/497 435/552/434
f 190/268/192 191/267/191 500/665/498
f 391/666/389 392/667/388 501/668/499
f 367/650/365 368/669/364 364/471/362
f 229/317/233 226/670/230 231/315/231
f 214/671/217 432/547/430 210/294/212
f 304/396/304 302/398/306 471/608/468
f 222/672/222 503/673/500 502/674/501
f 366/475/366 369/477/368 368/473/364
f 233/321/237 232/675/234 235/319/235
f 211/676/211 209/677/213 213/678/214
f 439/556/436 363/555/363 467/679/465
f 504/680/502 205/289/207 489/681/487
f 416/530/414 413/527/411 414/526/410
f 473/682/471 353/456/351 354/455/350
f 475/683/474 193/684/196 476/685/473
f 262/686/264 264/352/266 265/351/265
f 262/687/264 259/688/263 264/689/266
f 387/500/387 390/503/390 389/498/385
f 192/271/194 193/274/196 475/690/474
f 270/358/272 271/357/271 273/360/274
f 425/541/424 200/691/202 426/539/423
f 480/692/478 267/355/269 268/354/268
f 197/540/197 458/586/457 425/541/424
f 458/586/457 464/595/461 425/541/424
f 454/582/453 450/574/447 432/547/430
f 450/574/447 209/295/213 432/547/430
f 266/356/270 269/693/273 268/354/268
f 196/694/198 197/540/197 426/539/423
f 380/493/376 381/492/380 395/695/391
f 441/562/441 442/561/440 482/629/479
f 492/654/489 222/306/222 220/308/224
f 507/696/503 506/697/504 505/698/505
f 363/472/363 438/699/437 365/470/361
f 446/564/442 444/566/444 453/579/450
f 406/521/405 405/520/401 420/700/416
f 400/515/400 508/701/506 402/513/398
f 351/702/347 349/703/349 354/455/350
f 372/479/370 510/704/507 509/705/508
f 317/415/319 315/414/318 493/656/491
f 513/706/509 512/707/510 511/708/511
f 514/709/512 511/708/511 512/707/510
f 291/710/295 515/711/513 293/712/293
f 280/713/280 517/714/514 516/715/515
f 520/716/516 519/717/517 518/718/518
f 489/719/487 206/720/210 504/721/502
f 227/313/229 484/633/482 485/632/481
f 510/704/507 372/479/370 373/478/369
f 253/722/257 486/723/484 255/724/255
f 484/633/482 227/313/229 228/312/228
f 467/679/465 362/725/360 439/556/436
f 242/328/244 522/726/519 521/727/520
f 252/338/252 250/340/254 523/728/521
f 303/729/305 305/605/308 469/604/466
f 354/455/350 352/457/352 351/702/347
f 388/730/386 389/509/385 386/495/382
f 313/664/313 311/731/315 499/663/497
f 507/696/503 505/698/505 524/732/522
f 222/306/222 525/733/523 221/307/223
f 434/548/431 416/530/414 414/526/410
f 527/734/524 468/735/467 526/736/525
f 417/737/413 415/738/415 496/658/492
f 414/640/410 412/739/412 411/523/407
f 306/399/307 303/397/305 304/396/304
f 501/668/499 392/667/388 528/740/526
f 357/458/353 355/460/355 529/741/527
f 400/573/400 390/503/390 508/742/506
f 426/539/423 200/691/202 479/743/477
f 200/691/202 201/744/201 479/743/477
f 208/745/208 214/671/217 207/746/209
f 214/671/217 210/294/212 207/746/209
f 472/610/470 468/606/467 527/747/524
f 431/544/427 410/524/408 430/545/428
f 410/567/408 406/521/405 430/748/428
f 430/748/428 406/521/405 530/749/528
f 406/521/405 420/700/416 530/749/528
f 406/521/405 447/568/445 408/522/406
f 470/750/469 471/751/468 531/752/529
f 512/707/510 513/706/509 532/753/530
f 222/306/222 491/655/490 503/754/500
f 505/698/505 506/697/504 533/755/531
f 269/693/273 266/356/270 271/756/271
f 381/492/380 384/559/384 428/757/425
f 384/497/384 396/508/395 428/542/425
f 395/695/391 381/492/380 534/758/532
f 381/492/380 428/757/425 534/758/532
f 336/435/332 334/437/334 535/759/533
f 350/760/348 474/761/472 536/762/534
f 440/763/438 381/764/380 383/765/381
f 196/694/198 426/539/423 537/766/535
f 426/539/423 479/743/477 537/766/535
f 207/746/209 210/294/212 538/767/536
f 210/294/212 211/293/211 538/767/536
f 480/692/478 263/768/267 267/355/269
f 356/459/354 357/458/353 473/612/471
f 539/769/537 509/705/508 510/704/507
f 376/485/374 377/487/375 540/770/538
f 543/771/539 542/772/539 541/773/539
f 348/774/346 347/775/343 544/776/540
f 347/777/343 345/778/345 544/779/540
f 298/780/302 299/781/301 545/782/541
f 299/783/301 301/784/303 545/785/541
f 523/786/521 250/787/254 248/335/250
f 230/788/232 232/675/234 233/321/237
f 380/493/376 378/789/378 382/491/379
f 342/790/340 343/791/339 546/792/542
f 518/718/518 519/717/517 515/711/513
f 417/737/413 496/658/492 547/793/543
f 548/794/544 405/516/401 403/518/403
f 420/532/416 405/516/401 419/533/417
f 494/660/494 495/659/493 423/535/419
f 549/795/545 533/755/531 506/697/504
f 488/639/486 483/796/483 224/310/226
f 258/344/258 256/346/260 550/797/546
f 483/796/483 488/639/486 485/798/481
f 487/638/485 205/289/207 504/680/502
f 545/785/541 301/784/303 551/799/547
f 301/800/303 300/801/300 551/802/547
f 346/803/344 348/804/346 552/805/548
f 348/774/346 544/776/540 552/806/548
f 515/711/513 291/710/295 518/718/518
f 277/807/279 276/808/276 553/809/549
f 555/810/550 554/811/551 402/513/398
f 556/812/552 379/489/377 380/488/376
f 557/813/553 380/488/376 393/506/393
f 380/488/376 395/504/391 393/506/393
f 478/624/476 432/547/430 215/814/216
f 432/547/430 214/671/217 215/814/216
f 200/691/202 425/541/424 199/815/203
f 425/541/424 463/596/462 199/815/203
f 226/670/230 229/317/233 228/816/228
f 251/339/253 254/817/256 255/818/255
f 512/707/510 558/819/554 514/709/512
f 242/328/244 243/327/243 522/726/519
f 254/817/256 251/339/253 252/338/252
f 287/820/291 285/821/287 289/822/289
f 419/533/417 405/516/401 559/823/555
f 405/516/401 548/794/544 559/823/555
f 260/348/262 261/347/261 560/824/556
f 194/273/195 192/271/194 189/270/193
f 555/810/550 501/668/499 554/811/551
f 556/812/552 380/488/376 557/813/553
f 535/825/533 334/826/334 561/827/557
f 296/828/296 294/829/298 562/830/558
f 404/831/402 405/520/401 407/519/404
f 290/380/292 520/832/516 288/378/290
f 517/714/514 280/713/280 278/833/282
f 238/324/240 240/326/242 563/834/559
f 257/636/259 486/635/484 253/835/257
f 285/821/287 287/820/291 286/836/288
f 279/367/281 280/366/280 564/837/560
f 520/832/516 290/380/292 519/838/517
f 292/382/294 293/381/293 565/839/561
f 260/348/262 560/824/556 566/840/562
f 242/841/244 521/842/520 567/843/563
f 523/786/521 248/335/250 249/337/251
f 414/640/410 409/525/409 431/544/427
f 409/525/409 410/524/408 431/544/427
f 384/497/384 385/496/383 396/508/395
f 385/496/383 389/509/385 396/508/395
f 390/503/390 555/844/550 508/742/506
f 555/810/550 402/513/398 508/701/506
f 423/535/419 495/659/493 422/536/420
f 495/845/493 416/530/414 422/570/420
f 496/658/492 415/738/415 495/659/493
f 415/531/415 416/530/414 495/845/493
f 390/503/390 391/502/389 555/844/550
f 391/666/389 501/668/499 555/810/550
f 570/846/564 569/847/564 568/848/564
f 573/849/565 572/850/566 571/851/567
f 576/852/568 575/853/569 574/854/570
f 576/852/568 577/855/571 575/853/569
f 577/855/571 576/852/568 578/856/572
f 581/857/573 580/858/574 579/859/575
f 584/860/576 583/861/577 582/862/578
f 586/863/579 580/858/574 585/864/580
f 589/865/581 588/866/582 587/867/583
f 589/865/581 591/868/584 590/869/585
f 594/870/586 593/871/587 592/872/588
f 593/873/587 594/874/586 595/875/589
f 598/876/590 597/877/591 596/878/592
f 597/877/591 598/876/590 599/879/593
f 601/880/594 600/881/595 597/882/591
f 603/883/596 601/880/594 602/884/597
f 606/885/598 605/886/599 604/887/600
f 609/888/601 608/889/602 607/890/603
f 612/891/604 611/892/605 610/893/606
f 611/892/605 612/891/604 613/894/607
f 612/895/604 614/896/608 613/897/607
f 617/898/609 616/899/610 615/900/611
f 617/901/609 615/902/611 618/903/612
f 618/903/612 620/904/613 619/905/614
f 618/903/612 622/906/615 621/907/616
f 622/906/615 618/903/612 615/902/611
f 624/908/617 623/909/618 622/906/615
f 627/910/619 626/911/620 625/912/621
f 630/913/622 629/914/623 628/915/624
f 630/916/622 631/917/625 629/918/623
f 633/919/626 632/920/627 631/917/625
f 636/921/628 635/922/629 634/923/630
f 636/921/628 637/924/631 635/922/629
f 640/925/632 639/926/633 638/927/634
f 639/928/633 642/929/635 641/930/636
f 641/931/636 643/932/637 639/933/633
f 646/934/638 645/935/639 644/936/640
f 645/935/639 646/934/638 647/937/641
f 649/938/642 647/937/641 648/939/643
f 647/937/641 650/940/644 648/939/643
f 653/941/645 652/942/646 651/943/647
f 656/944/648 655/945/648 654/946/649
f 659/947/650 658/948/651 657/949/652
f 658/950/651 659/951/650 660/952/653
f 663/953/654 662/954/655 661/955/656
f 662/954/655 663/953/654 664/956/657
f 667/957/658 666/958/659 665/959/660
f 666/960/659 667/961/658 595/962/589
f 670/963/661 669/964/662 668/965/663
f 673/966/664 672/967/665 671/968/666
f 676/969/667 675/970/668 674/971/669
f 679/972/670 678/973/671 677/974/672
f 677/974/672 680/975/673 679/972/670
f 668/976/663 682/977/674 681/978/675
f 682/977/674 668/976/663 683/979/676
f 669/964/662 683/980/676 668/965/663
f 686/981/677 685/982/678 684/983/679
f 688/984/680 686/981/677 687/985/681
f 687/986/681 689/987/682 688/988/680
f 572/850/566 691/989/683 690/990/684
f 691/989/683 572/850/566 573/849/565
f 693/991/685 650/992/644 692/993/686
f 696/994/687 695/995/688 694/996/689
f 699/997/690 698/998/691 697/999/692
f 698/998/691 699/997/690 700/1000/693
f 703/1001/694 702/1002/695 701/1003/696
f 706/1004/697 705/1005/698 704/1006/699
f 709/1007/700 708/1008/701 707/1009/702
f 712/1010/703 711/1011/704 710/1012/705
f 713/1013/706 712/1010/703 700/1014/693
f 571/1015/567 715/1016/707 714/1017/708
f 718/1018/709 717/1019/710 716/1020/711
f 721/1021/712 720/1022/713 719/1023/714
f 724/1024/631 723/1025/631 722/1026/715
f 579/1027/575 726/1028/716 725/1029/717
f 669/964/662 670/963/661 727/1030/718
f 627/910/619 728/431/719 626/911/620
f 730/1031/720 627/1032/619 729/1033/721
f 639/926/633 640/925/632 642/1034/635
f 733/1035/722 732/1036/723 731/1037/724
f 736/1038/725 735/1039/726 734/1040/727
f 620/904/613 618/903/612 737/1041/728
f 612/891/604 739/1042/729 738/1043/730
f 612/891/604 740/1044/731 739/1042/729
f 740/1044/731 734/1040/727 739/1042/729
f 579/859/575 580/858/574 586/863/579
f 608/889/602 609/888/601 741/1045/732
f 676/1046/667 742/1047/733 675/1048/668
f 700/1014/693 743/1049/734 698/1050/691
f 653/941/645 651/943/647 744/1051/735
f 611/892/605 613/894/607 745/1052/736
f 728/1053/719 627/1032/619 730/1031/720
f 719/1023/714 746/1054/737 721/1021/712
f 696/994/687 694/996/689 747/1055/738
f 681/978/675 682/977/674 611/892/605
f 734/1040/727 735/1039/726 748/1056/739
f 735/1057/726 669/964/662 748/1058/739
f 650/992/644 693/991/685 749/1059/740
f 751/1060/741 686/981/677 750/1061/742
f 748/1058/739 669/964/662 733/1035/722
f 618/903/612 619/905/614 617/901/609
f 605/886/599 606/885/598 752/1062/743
f 686/981/677 688/984/680 685/982/678
f 675/1048/668 742/1047/733 753/1063/744
f 751/1060/741 750/1061/742 754/1064/745
f 591/868/584 589/865/581 755/1065/746
f 637/924/631 636/921/628 638/1066/634
f 706/1004/697 704/1006/699 756/1067/747
f 759/1068/748 758/1069/748 757/1070/748
f 761/1071/749 624/908/617 760/1072/750
f 624/1073/617 762/1074/751 760/1075/750
f 584/860/576 582/862/578 579/1027/575
f 692/993/686 650/992/644 695/1076/688
f 763/1077/752 756/1078/747 704/1079/699
f 624/1073/617 764/1080/753 762/1074/751
f 767/1081/754 766/1082/755 765/1083/756
f 598/1084/590 596/1085/592 609/888/601
f 769/1086/757 581/1087/573 768/1088/758
f 772/1089/759 771/1090/760 770/1091/761
f 774/1092/762 619/1093/614 773/1094/763
f 776/1095/649 654/946/649 775/1096/764
f 779/1097/765 778/1098/766 777/1099/767
f 777/1099/767 781/1100/768 780/1101/769
f 712/1010/703 782/1102/770 711/1011/704
f 589/865/581 590/869/585 588/866/582
f 775/1096/764 784/1103/771 783/1104/772
f 783/1104/772 784/1103/771 785/1105/773
f 788/1106/774 787/1107/775 786/1108/776
f 709/1109/700 790/1110/777 789/1111/778
f 713/1112/706 700/1113/693 791/1114/779
f 700/1113/693 790/1115/777 791/1114/779
f 631/917/625 630/916/622 633/919/626
f 767/1081/754 793/1116/780 792/1117/781
f 769/1086/757 768/1088/758 794/1118/782
f 641/930/636 642/929/635 795/1119/783
f 737/1041/728 618/903/612 796/1120/784
f 618/903/612 621/907/616 796/1120/784
f 670/963/661 668/965/663 797/1121/785
f 677/1122/672 798/1123/786 797/1121/785
f 638/1066/634 636/921/628 640/1124/632
f 673/1125/664 678/973/671 799/1126/787
f 742/1127/733 676/1128/667 730/1031/720
f 723/1025/631 724/1024/631 800/1129/788
f 709/1007/700 706/1004/697 708/1008/701
f 803/1130/789 802/1131/790 801/1132/791
f 803/1130/789 804/1133/792 802/1131/790
f 756/1078/747 702/1002/695 805/1134/793
f 702/1002/695 703/1001/694 805/1134/793
f 584/1135/576 579/859/575 772/1089/759
f 579/859/575 586/863/579 772/1089/759
f 647/937/641 649/938/642 645/935/639
f 581/1136/573 579/1027/575 725/1029/717
f 767/1081/754 765/1083/756 793/1116/780
f 686/981/677 684/983/679 806/1137/794
f 730/1031/720 729/1033/721 742/1127/733
f 695/1076/688 696/1138/687 692/993/686
f 746/1139/737 693/1140/795 807/1141/796
f 612/891/604 610/893/606 740/1044/731
f 682/977/674 683/979/676 736/1038/725
f 571/1015/567 572/1142/566 715/1016/707
f 798/1143/786 677/974/672 678/973/671
f 612/895/604 738/1144/730 808/1145/797
f 710/1012/705 701/1146/696 712/1010/703
f 809/1147/798 650/1148/644 647/1149/641
f 809/1150/798 647/1151/641 653/941/645
f 647/1151/641 652/942/646 653/941/645
f 788/1152/774 694/996/689 787/1153/775
f 705/1005/698 706/1004/697 709/1007/700
f 746/1054/737 719/1023/714 693/1154/795
f 687/985/681 686/981/677 751/1060/741
f 712/1010/703 713/1013/706 782/1102/770
f 701/1003/696 710/1155/705 703/1001/694
f 709/1109/700 707/1156/702 790/1110/777
f 606/885/598 604/887/600 603/1157/596
f 777/1099/767 778/1098/766 781/1100/768
f 812/1158/799 811/1159/800 810/1160/801
f 781/1100/768 778/1098/766 813/1161/802
f 816/1162/803 815/1163/803 814/1164/804
f 810/1160/801 811/1159/800 817/1165/805
f 817/1165/805 811/1159/800 818/1166/806
f 821/1167/807 820/1168/807 819/1169/808
f 721/1021/712 718/1170/709 720/1022/713
f 672/1171/665 673/1172/664 674/1173/669
f 736/1038/725 683/979/676 735/1039/726
f 683/980/676 669/964/662 735/1057/726
f 709/1109/700 789/1111/778 822/1174/809
f 697/1175/810 824/1176/811 823/1177/811
f 772/1089/759 586/863/579 771/1090/760
f 586/863/579 585/864/580 771/1090/760
f 616/899/610 617/898/609 774/1092/762
f 617/898/609 619/1093/614 774/1092/762
f 624/1073/617 616/899/610 764/1080/753
f 585/864/580 766/1082/755 767/1081/754
f 581/1087/573 769/1086/757 766/1178/755
f 597/882/591 599/1179/593 601/880/594
f 609/888/601 607/890/603 598/1084/590
f 794/1118/782 768/1088/758 754/1180/812
f 648/1181/643 650/992/644 749/1059/740
f 623/909/618 624/908/617 761/1071/749
f 608/889/602 741/1045/732 605/1182/599
f 600/881/595 601/880/594 603/883/596
f 775/1096/764 654/946/649 784/1103/771
f 718/1170/709 721/1021/712 717/1183/710
f 747/1055/738 694/996/689 788/1152/774
f 676/1184/667 674/1185/669 673/1186/664
f 678/973/671 679/972/670 799/1126/787
f 806/1187/794 684/1188/679 825/1189/813
f 798/1190/786 678/1191/671 671/1192/666
f 678/973/671 673/1125/664 671/1193/666
f 765/1083/756 766/1082/755 826/1194/814
f 766/1082/755 769/1195/757 826/1194/814
f 603/883/596 602/884/597 606/1196/598
f 654/946/649 776/1095/649 656/944/648
f 579/1027/575 582/862/578 726/1028/716
f 732/1036/723 733/1035/722 669/964/662
f 732/1036/723 669/964/662 827/1197/815
f 669/964/662 727/1030/718 827/1197/815
f 614/896/608 612/895/604 828/1198/816
f 612/895/604 808/1145/797 828/1198/816
f 611/892/605 682/977/674 610/893/606
f 682/977/674 736/1038/725 610/893/606
f 779/1097/765 810/1160/801 778/1098/766
f 829/1199/817 815/1163/803 816/1162/803
f 812/1158/799 783/1104/772 811/1159/800
f 830/1200/818 820/1168/807 821/1167/807
f 622/906/615 615/902/611 624/908/617
f 615/900/611 616/899/610 624/1073/617
f 585/864/580 580/858/574 766/1082/755
f 580/1201/574 581/1087/573 766/1178/755
f 797/1121/785 668/965/663 677/1122/672
f 668/976/663 680/975/673 677/974/672
f 605/886/599 752/1062/743 608/1202/602
f 783/1104/772 812/1158/799 775/1096/764
f 610/893/606 736/1038/725 740/1044/731
f 736/1038/725 734/1040/727 740/1044/731
f 649/938/642 648/939/643 831/1203/819
f 648/1181/643 749/1059/740 831/1204/819
f 700/1014/693 712/1010/703 743/1049/734
f 712/1010/703 701/1146/696 743/1049/734
f 701/1003/696 702/1002/695 763/1077/752
f 702/1002/695 756/1078/747 763/1077/752
f 668/976/663 681/978/675 680/975/673
f 681/978/675 611/892/605 680/975/673
f 705/1005/698 709/1007/700 832/1205/820
f 709/1109/700 822/1174/809 832/1206/820
f 810/1160/801 779/1097/765 812/1158/799
f 835/1207/821 834/1208/822 833/1209/823
f 838/1210/824 837/1211/825 836/1212/826
f 844/1213/827 843/1214/828 841/1215/829
f 846/1216/830 845/1217/831 834/1218/832
f 849/1219/833 848/1220/833 847/1221/833
f 852/1222/834 851/1223/835 850/1224/836
f 854/1225/837 852/1222/834 853/1226/838
f 853/1226/838 855/1227/839 854/1225/837
f 858/1228/840 857/1229/841 856/1230/842
f 857/1229/841 858/1228/840 859/1231/843
f 862/1232/844 861/1233/845 860/1234/846
f 864/1235/847 862/1236/844 863/1237/848
f 867/1238/849 866/1239/850 865/1240/851
f 870/1241/852 869/1242/853 868/1243/854
f 868/1243/854 871/1244/855 870/1241/852
f 874/1245/856 873/1246/857 872/1247/858
f 872/1247/858 875/1248/859 874/1245/856
f 878/1249/860 877/1250/860 876/1251/861
f 881/1252/862 880/1253/863 879/1254/864
f 879/1254/864 882/1255/865 881/1252/862
f 885/1256/866 884/1257/866 883/1258/867
f 888/1259/868 887/1260/869 886/1261/870
f 891/1262/871 890/1263/872 889/1264/873
f 894/1265/874 893/1266/874 892/1267/875
f 893/1266/874 894/1265/874 895/1268/876
f 841/1269/877 842/1270/878 840/1271/879
f 897/1272/880 834/1273/881 896/1274/882
f 897/1272/880 898/1275/883 834/1273/881
f 837/1276/884 897/1277/880 899/1278/885
f 900/1279/886 839/1280/887 837/1276/884
f 900/1281/886 842/1270/878 839/1282/887
f 842/1270/878 902/1283/888 901/1284/889
f 901/1284/889 840/1271/879 842/1270/878
f 901/1285/889 843/1286/890 840/1287/879
f 903/1288/891 846/1289/892 843/1286/890
f 906/1290/893 905/1291/894 904/1292/895
f 905/1291/894 906/1290/893 907/1293/896
f 910/1294/897 909/1295/897 908/1296/898
f 909/1295/897 910/1294/897 911/1297/899
f 914/1298/900 913/1299/901 912/1300/902
f 913/1299/901 914/1298/900 915/1301/903
f 918/1302/904 917/1303/905 916/1304/906
f 918/1302/904 920/1305/907 919/1306/908
f 920/1305/907 918/1302/904 921/1307/909
f 924/1308/910 923/15/911 922/1309/912
f 923/15/911 924/1308/910 925/1310/913
f 928/1311/914 927/1312/914 926/1313/836
f 927/1312/914 928/1311/914 929/1314/915
f 932/1315/916 931/1316/917 930/1317/918
f 935/1318/919 934/1319/920 933/1320/921
f 934/1319/920 935/1318/919 936/1321/922
f 891/1262/871 889/1264/873 937/1322/923
f 862/1236/844 864/1235/847 938/1323/924
f 931/1316/917 932/1315/916 939/1324/925
f 890/1263/872 891/1262/871 940/1325/926
f 888/1259/868 937/1326/923 887/1260/869
f 852/1222/834 941/1327/927 851/1223/835
f 880/1253/863 881/1252/862 942/1328/928
f 841/1329/929 842/1330/930 943/1331/931
f 903/1288/891 843/1286/890 944/1332/932
f 835/1207/821 898/1333/933 834/1208/822
f 937/1322/923 888/1334/868 891/1262/871
f 877/1250/860 878/1249/860 945/1335/934
f 930/1317/918 933/1336/921 932/1315/916
f 866/1239/850 867/1238/849 946/1337/935
f 903/1288/891 834/1338/881 846/1289/892
f 833/1339/936 834/1218/832 845/1217/831
f 933/1320/921 930/1340/918 935/1318/919
f 914/1298/900 912/1300/902 947/1341/937
f 842/1270/878 943/1342/938 838/1343/939
f 841/1344/877 840/1287/879 843/1286/890
f 852/1222/834 854/1225/837 941/1327/927
f 844/1213/827 846/1216/830 843/1214/828
f 846/1216/830 844/1213/827 845/1217/831
f 897/1277/880 837/1276/884 898/1345/883
f 882/1255/865 879/1254/864 948/1346/940
f 896/1347/882 834/1338/881 903/1288/891
f 867/1238/849 865/1240/851 864/1235/847
f 947/1341/937 912/1300/902 949/1348/941
f 918/1302/904 919/1306/908 917/1303/905
f 862/1232/844 938/1349/924 950/1350/942
f 861/1233/845 862/1232/844 951/1351/943
f 862/1232/844 950/1350/942 951/1351/943
f 884/1257/866 885/1256/866 952/1352/944
f 902/1283/888 842/1270/878 900/1281/886
f 873/1246/857 874/1245/856 953/1353/945
f 869/1242/853 955/1354/946 954/1355/947
f 944/1332/932 843/1286/890 901/1285/889
f 837/1276/884 899/1278/885 900/1279/886
f 864/1235/847 863/1237/848 867/1238/849
f 869/1242/853 870/1241/852 955/1354/946
f 946/1337/935 957/1356/948 956/1357/949
f 867/1238/849 863/1237/848 958/1358/950
f 863/1237/848 862/1236/844 958/1358/950
f 946/1337/935 867/1238/849 957/1356/948
f 867/1238/849 958/1358/950 957/1356/948
f 873/1246/857 953/1353/945 959/1359/951
f 862/1236/844 960/1360/952 958/1358/950
f 837/1276/884 839/1280/887 838/1361/939
f 839/1282/887 842/1270/878 838/1343/939
f 862/1232/844 860/1234/846 960/1362/952
f 898/1345/883 837/1276/884 836/1363/953
f 898/1345/883 836/1363/953 835/1364/954
f 963/1365/955 962/1366/955 961/1367/955
f 966/1368/956 965/1369/956 964/1370/956
f 969/1371/957 968/1372/957 967/1373/957
f 972/1374/958 971/1375/959 970/1376/960
f 971/1375/959 972/1374/958 973/1377/961
f 975/1378/962 973/1377/961 974/1379/963
f 973/1380/961 975/1381/962 976/1382/964
f 979/1383/965 978/1384/966 977/1385/967
f 982/1386/968 981/1387/969 980/1388/970
f 982/1386/968 983/1389/971 981/1387/969
f 986/1390/972 985/1391/972 984/1392/973
f 985/1391/972 986/1390/972 987/1393/974
f 990/1394/975 989/1395/976 988/1396/977
f 990/1394/975 991/1397/978 989/1395/976
f 994/1398/979 993/1399/980 992/1400/981
f 993/1399/980 994/1398/979 995/1401/982
f 998/1402/983 997/1403/984 996/1404/985
f 997/1403/984 998/1402/983 999/1405/986
f 1002/1406/987 1001/1407/988 1000/1408/989
f 1001/1409/988 1002/1410/987 1003/1411/990
f 1006/1412/991 1005/1413/992 1004/1414/993
f 1008/1415/994 1006/1416/991 1007/1417/995
f 1007/1417/995 1009/1418/996 1008/1415/994
f 1011/1419/997 1010/1420/998 1009/1418/996
f 1014/1421/999 1013/1422/1000 1012/1423/1001
f 1014/1421/999 1015/1424/1002 1013/1422/1000
f 1014/1421/999 1016/1425/1003 1015/1424/1002
f 1016/1426/1003 1014/1427/999 1017/1428/1004
f 1020/1429/1005 1019/1430/1006 1018/1431/1007
f 1019/1430/1006 1020/1429/1005 1021/1432/1008
f 1023/1433/1009 1021/1432/1008 1022/1434/1010
f 1022/1435/1010 1024/1436/1011 1023/1437/1009
f 1027/1438/1012 1026/1439/1013 1025/1440/1014
f 1030/1441/1015 1029/1442/1016 1028/1443/1017
f 1029/1442/1016 1030/1441/1015 1031/1444/1018
f 1034/1445/1019 1033/1446/1020 1032/1447/1021
f 1009/1418/996 1007/1417/995 1011/1419/997
f 1030/1441/1015 1036/1448/1022 1035/1449/1023
f 1031/1444/1018 1027/1438/1012 1037/1450/1024
f 1030/1441/1015 1028/1443/1017 1036/1448/1022
f 991/1397/978 990/1394/975 1038/1451/1025
f 1006/1416/991 1008/1415/994 1005/1452/992
f 991/1397/978 1038/1451/1025 1039/1453/1026
f 978/1384/966 979/1383/965 1040/1454/1027
f 982/1386/968 980/1388/970 979/1383/965
f 1006/1412/991 1004/1414/993 1041/1455/1028
f 1031/1444/1018 1030/1441/1015 1042/1456/1029
f 1030/1441/1015 1035/1449/1023 1042/1456/1029
f 1027/1457/1012 1025/1458/1014 1033/1459/1020
f 1027/1460/1012 1033/1461/1020 1034/1462/1019
f 1021/1432/1008 1023/1433/1009 1019/1430/1006
f 1044/1463/1030 978/1384/966 1043/1464/1031
f 983/1389/971 982/1386/968 1045/1465/1032
f 977/1385/967 978/1384/966 1044/1463/1030
f 973/1377/961 972/1374/958 974/1379/963
f 1029/1442/1016 1031/1444/1018 1037/1450/1024
f 1027/1438/1012 1031/1444/1018 1026/1439/1013
f 1031/1444/1018 1042/1456/1029 1026/1439/1013
f 982/1386/968 1044/1463/1030 1045/1465/1032
f 979/1383/965 977/1385/967 982/1386/968
f 977/1385/967 1044/1463/1030 982/1386/968
f 974/1379/963 972/1374/958 1046/1466/1033
f 972/1374/958 970/1376/960 1046/1466/1033
f 1049/1467/1034 1048/1468/1034 1047/1469/1034
f 1052/1470/1035 1051/1471/1036 1050/1472/1037
f 1055/1473/1038 1054/1474/1039 1053/1475/1040
f 1055/1473/1038 1056/1476/1041 1054/1474/1039
f 1059/1477/1042 1058/1478/1043 1057/1479/1044
f 1058/1478/1043 1059/1477/1042 1060/1480/1045
f 1063/1481/1046 1062/1482/1047 1061/1483/1048
f 1063/1481/1046 1064/1484/1049 1062/1482/1047
f 1067/1485/1050 1066/1486/1051 1065/1487/1052
f 1066/1486/1051 1067/1485/1050 1068/1488/1053
f 1071/1489/1054 1070/1490/1055 1069/1491/1054
f 1070/1490/1055 1071/1489/1054 1072/1492/1056
f 1072/1492/1056 1073/1493/1057 1070/1490/1055
f 1076/1494/1058 1075/1495/1059 1074/1496/1058
f 1075/1495/1059 1076/1494/1058 1077/1497/1060
f 1080/1498/1061 1079/1499/1062 1078/1500/1063
f 1083/1501/1064 1082/1502/1065 1081/1503/1066
f 1082/1502/1065 1083/1501/1064 1084/1504/1067
f 1086/1505/1068 1080/1506/1061 1085/1507/1069
f 1088/1508/1070 1087/1509/1071 1086/1505/1068
f 1090/1510/1072 1088/1511/1070 1089/1512/1073
f 1093/1513/1074 1092/1514/1075 1091/1515/1076
f 1093/1516/1074 1095/1517/1077 1094/1518/1078
f 1095/1519/1077 1096/1520/1079 1082/1521/1065
f 1099/1522/1080 1098/1523/1081 1097/1524/1082
f 1099/1522/1080 1100/1525/1083 1098/1523/1081
f 1103/1526/1084 1102/1527/1085 1101/1528/1086
f 1105/1529/1087 1104/1530/1088 1103/1531/1084
f 1108/1532/1089 1107/1533/1090 1106/1534/1091
f 1110/1535/1092 1106/1536/1091 1109/1537/1093
f 1112/1538/1094 1109/1537/1093 1111/1539/1095
f 1111/1540/1095 1113/1541/1096 1112/1542/1094
f 1116/1543/1097 1115/1544/1098 1114/1545/1099
f 1119/1546/1100 1118/1547/1101 1117/1548/1102
f 1117/1548/1102 1120/1549/1103 1119/1546/1100
f 1120/1550/1103 1117/1551/1102 1121/1552/1104
f 1124/1553/1105 1123/1554/1106 1122/1555/1107
f 1127/1556/1108 1126/1557/1109 1125/1558/1110
f 1126/1557/1109 1127/1556/1108 1128/1559/1111
f 1131/1560/1112 1130/1561/1112 1129/1562/1113
f 1130/1561/1112 1131/1560/1112 1132/1563/1114
f 1135/1564/1115 1134/1565/1115 1133/1566/1116
f 1134/1565/1115 1135/1564/1115 1136/1567/1117
f 1139/1568/1118 1138/1569/1118 1137/1570/1119
f 1138/1571/1118 1139/1572/1118 1140/1573/1120
f 1143/1574/1121 1142/1575/1122 1141/1576/1123
f 1142/1575/1122 1143/1574/1121 1144/1577/1124
f 1144/1577/1124 1145/1578/1125 1142/1575/1122
f 1147/1579/1126 1144/1580/1124 1146/1581/1119
f 1149/1582/1127 1111/1540/1095 1148/1583/1128
f 1109/1537/1093 1102/1527/1085 1103/1526/1084
f 1080/1498/1061 1150/1584/1129 1079/1499/1062
f 1152/1585/1130 1107/1533/1090 1151/1586/1131
f 1122/1587/1107 1118/1547/1101 1124/1588/1105
f 1155/1589/1132 1154/1590/1133 1153/1591/1134
f 1051/1471/1036 1052/1470/1035 1156/1592/1135
f 1109/1537/1093 1106/1536/1091 1157/1593/1136
f 1150/1594/1129 1080/1506/1061 1086/1505/1068
f 1082/1521/1065 1084/1595/1067 1095/1519/1077
f 1108/1532/1089 1106/1534/1091 1110/1596/1092
f 1116/1597/1097 1158/1598/1137 1115/1599/1098
f 1159/1600/1138 1154/1590/1133 1155/1589/1132
f 1158/1598/1137 1116/1597/1097 1118/1547/1101
f 1118/1547/1101 1122/1587/1107 1117/1548/1102
f 1100/1601/1083 1052/1602/1035 1160/1603/1139
f 1100/1601/1083 1099/1604/1080 1052/1602/1035
f 1159/1600/1138 1055/1605/1038 1154/1590/1133
f 1095/1606/1077 1093/1607/1074 1096/1608/1079
f 1088/1508/1070 1086/1505/1068 1085/1507/1069
f 1145/1609/1125 1144/1580/1124 1147/1579/1126
f 1118/1547/1101 1119/1546/1100 1158/1598/1137
f 1056/1610/1041 1055/1605/1038 1159/1600/1138
f 1123/1554/1106 1124/1553/1105 1161/1611/1140
f 1103/1612/1084 1101/1613/1086 1105/1614/1087
f 1087/1615/1071 1088/1511/1070 1090/1510/1072
f 1093/1513/1074 1094/1616/1078 1092/1514/1075
f 1113/1541/1096 1111/1540/1095 1149/1582/1127
f 1120/1550/1103 1121/1552/1104 1162/1617/1141
f 1164/1618/1142 1090/1510/1072 1163/1619/1143
f 1098/1523/1081 1166/1620/1144 1165/1621/1145
f 1168/1622/1146 1155/1589/1132 1167/1623/1147
f 1092/1514/1075 1170/1624/1148 1169/1625/1149
f 1120/1550/1103 1162/1617/1141 1171/1626/1150
f 1107/1533/1090 1108/1532/1089 1172/1627/1151
f 1084/1595/1067 1173/1628/1152 1095/1519/1077
f 1110/1535/1092 1109/1537/1093 1112/1538/1094
f 1109/1537/1093 1157/1593/1136 1102/1527/1085
f 1174/1629/1153 1150/1594/1129 1086/1505/1068
f 1092/1514/1075 1094/1616/1078 1170/1624/1148
f 1094/1616/1078 1175/1630/1154 1170/1624/1148
f 1094/1616/1078 1095/1631/1077 1175/1630/1154
f 1095/1519/1077 1173/1628/1152 1175/1632/1154
f 1176/1633/1155 1087/1509/1071 1164/1634/1142
f 1087/1615/1071 1090/1510/1072 1164/1618/1142
f 1174/1629/1153 1086/1505/1068 1176/1633/1155
f 1086/1505/1068 1087/1509/1071 1176/1633/1155
f 1157/1635/1136 1106/1534/1091 1152/1585/1130
f 1106/1534/1091 1107/1533/1090 1152/1585/1130
f 1073/1493/1057 1072/1492/1056 1177/1636/1156
f 1058/1478/1043 1060/1480/1045 1178/1637/1157
f 1178/1637/1157 1060/1480/1045 1179/1638/1158
f 1066/1486/1051 1068/1488/1053 1180/1639/1159
f 1182/1640/1160 1077/1497/1060 1181/1641/1161
f 1064/1484/1049 1184/1642/1162 1183/1643/1163
f 1064/1484/1049 1063/1481/1046 1184/1642/1162
f 1056/1610/1041 1159/1600/1138 1168/1622/1146
f 1159/1600/1138 1155/1589/1132 1168/1622/1146
f 1098/1523/1081 1100/1525/1083 1166/1620/1144
f 1100/1601/1083 1160/1603/1139 1166/1644/1144
f 1180/1639/1159 1068/1488/1053 1185/1645/1164
f 1075/1495/1059 1077/1497/1060 1182/1640/1160
f 1064/1484/1049 1183/1643/1163 1186/1646/1165
f 1189/1647/1166 1188/1648/1166 1187/1649/1166
f 1192/1650/1167 1191/1651/1168 1190/1652/1169
f 1195/1653/1170 1194/1654/1171 1193/1655/1172
f 1193/1656/1172 1197/1657/1173 1196/1658/1174
f 1200/1659/1175 1199/1660/1176 1198/1661/1177
f 1203/1662/1178 1202/1663/1179 1201/1664/1180
f 1206/1665/1181 1205/1666/1182 1204/1667/1183
f 1204/1667/1183 1207/1668/1184 1206/1665/1181
f 1210/1669/1185 1209/1670/1186 1208/1671/1187
f 1209/1670/1186 1210/1669/1185 1211/1672/1188
f 1213/1673/1189 1212/1664/1190 1202/1663/1179
f 1213/1674/1189 1214/1675/1191 1212/1676/1190
f 1194/1654/1171 1195/1653/1170 1215/1468/1192
f 1217/1677/1193 1204/1667/1183 1216/1678/1194
f 1218/1679/1195 1199/1680/1176 1200/1681/1175
f 1194/1654/1171 1215/1468/1192 1192/1682/1167
f 1197/1657/1173 1219/1683/1196 1199/1660/1176
f 1197/1657/1173 1193/1656/1172 1219/1683/1196
f 1193/1655/1172 1196/1684/1174 1195/1653/1170
f 1214/1675/1191 1213/1674/1189 1220/1685/1197
f 1205/1686/1182 1206/1687/1181 1221/1688/1198
f 1192/1650/1167 1215/1689/1192 1191/1651/1168
f 1199/1680/1176 1202/1663/1179 1203/1662/1178
f 1223/1690/1199 1190/1691/1169 1222/1692/1199
f 1220/1685/1197 1213/1674/1189 1224/1693/1200
f 1209/1670/1186 1211/1672/1188 1225/1694/1201
f 1207/1668/1184 1204/1667/1183 1217/1677/1193
f 1199/1660/1176 1219/1683/1196 1198/1661/1177
f 1219/1683/1196 1193/1656/1172 1198/1661/1177
f 1213/1673/1189 1202/1663/1179 1218/1679/1195
f 1202/1663/1179 1199/1680/1176 1218/1679/1195
f 1224/1693/1200 1213/1674/1189 1226/1695/1202
f 1213/1673/1189 1218/1679/1195 1226/1696/1202
f 1229/1697/1203 1228/1698/1204 1227/1699/1205
f 1228/1698/1204 1229/1697/1203 1230/1700/1206
f 1230/1700/1206 1231/1701/1207 1228/1698/1204
f 1231/1701/1207 1230/1700/1206 1232/1702/1208
f 1235/1703/1209 1234/1704/1210 1233/1705/1211
f 1233/1705/1211 1236/1706/1212 1235/1703/1209
f 1233/1705/1211 1237/1707/1213 1236/1706/1212
f 1240/1708/1214 1239/1709/1215 1238/1710/1216
f 1239/1711/1215 1240/1712/1214 1241/1713/1217
f 1241/1713/1217 1243/1714/1218 1242/1715/1219
f 1246/1716/1220 1245/1717/1221 1244/1718/1222
f 1249/1719/1223 1248/1720/1223 1247/1721/1224
f 1248/1722/1223 1249/1723/1223 1250/1724/1225
f 1237/1707/1213 1233/1705/1211 1251/1725/1226
f 1234/1704/1210 1235/1703/1209 1250/1726/1227
f 1239/1711/1215 1241/1713/1217 1242/1715/1219
f 1243/1714/1218 1245/1717/1221 1246/1716/1220
f 1243/1714/1218 1241/1713/1217 1245/1717/1221
f 2538/1727/1228 2537/1728/1229 2536/1729/1230
f 2541/1730/1231 2540/1731/1232 2539/1732/1233
f 2544/1733/1234 2543/1734/1235 2542/1735/1236
f 2541/1730/1231 2545/1736/1237 2540/1731/1232
f 2548/1737/1238 2547/1738/1239 2546/1739/1240
f 2551/1740/1241 2550/1741/1242 2549/1742/1241
f 2548/1737/1238 2552/1743/1243 2547/1738/1239
f 2544/1733/1234 2553/1744/1244 2543/1734/1235
f 2555/1745/1245 2554/1746/1246 2552/1747/1243
f 2550/1748/1247 2547/1738/1239 2552/1743/1243
f 2552/1747/1243 2557/1749/1248 2556/1750/1249
f 2559/1751/1250 2543/1734/1235 2558/1752/1251
f 2562/1753/1252 2561/1754/1253 2560/1755/1254
f 2539/1732/1233 2540/1731/1232 2563/1756/1255
f 2566/1757/1256 2565/1758/1257 2564/1759/1258
f 2569/1760/1259 2568/1761/1260 2567/1762/1261
f 2572/1763/1262 2571/1764/1263 2570/1765/1264
f 2566/1757/1256 2564/1759/1258 2573/1766/1265
f 2575/1767/1266 2568/1761/1260 2574/1768/1267
f 2568/1769/1260 2571/1770/1263 2572/1771/1262
f 2539/1732/1233 2563/1756/1255 2576/1772/1268
f 2579/1773/1269 2578/1774/1270 2577/1775/1271
f 2582/1776/1272 2581/1777/1273 2580/1778/1274
f 2585/1779/1275 2584/1780/1276 2583/1781/1277
f 2588/1782/1278 2587/1783/1279 2586/1784/1280
f 2587/1785/1279 2581/1786/1273 2586/1787/1280
f 2585/1779/1275 2589/1788/1281 2584/1780/1276
f 2590/1789/1282 2587/1783/1279 2588/1782/1278
f 2593/1790/1283 2592/1791/1284 2591/1792/1285
f 2537/1728/1229 2594/1793/1286 2591/1794/1285
f 2597/1795/1287 2596/1796/1288 2595/1797/1289
f 2596/1796/1288 2598/1798/1290 2595/1797/1289
f 2555/1745/1245 2559/1799/1250 2554/1746/1246
f 2574/1800/1267 2568/1769/1260 2572/1771/1262
f 2601/1801/1291 2600/1802/1292 2599/1803/1293
f 2553/1804/1244 2544/1805/1234 2539/1732/1233
f 2604/1806/1294 2603/1807/1295 2602/1808/1296
f 2607/1809/1297 2606/1810/1298 2605/1811/1299
f 2607/1812/1297 2608/1813/1300 2606/1814/1298
f 2608/1815/1300 2609/1816/1301 2606/1817/1298
f 2608/1815/1300 2610/1818/1302 2609/1816/1301
f 2612/1819/1303 2602/1808/1296 2611/1820/1304
f 2581/1786/1273 2582/1821/1272 2586/1787/1280
f 2557/1749/1248 2552/1747/1243 2554/1746/1246
f 2614/1822/1305 2613/1823/1306 2563/1756/1255
f 2617/1824/1307 2616/1825/1308 2615/1826/1309
f 2620/1827/1310 2619/1828/1311 2618/1829/1312
f 2623/1830/1313 2622/1831/1314 2621/1832/1315
f 2625/1833/1316 2624/1834/1317 2620/1835/1310
f 2624/1836/1317 2619/1828/1311 2620/1827/1310
f 2627/1837/1318 2541/1838/1231 2626/1839/1319
f 2623/1830/1313 2629/1840/1320 2628/1841/1321
f 2632/1842/1322 2631/1843/1323 2630/1844/1324
f 2614/1845/1305 2550/1846/1247 2613/1847/1306
f 2618/1848/1312 2634/1849/1325 2633/1850/1326
f 2613/1847/1306 2550/1846/1247 2556/1851/1249
f 2550/1852/1247 2552/1747/1243 2556/1750/1249
f 2537/1728/1229 2538/1727/1228 2594/1793/1286
f 2635/1853/1327 2596/1854/1288 2597/1855/1287
f 2638/1856/1328 2637/1857/1329 2636/1858/1330
f 2637/1859/1329 2639/1860/1331 2636/1861/1330
f 2629/1840/1320 2623/1830/1313 2640/1862/1332
f 2634/1849/1325 2618/1848/1312 2619/1863/1311
f 2640/1862/1332 2615/1826/1309 2629/1840/1320
f 2642/1864/1333 2641/1865/1334 2632/1842/1322
f 2634/1849/1325 2619/1863/1311 2643/1866/1335
f 2646/1867/1336 2645/1868/1337 2644/1869/1338
f 2642/1864/1333 2616/1870/1308 2641/1865/1334
f 2649/1871/1339 2648/1872/1340 2647/1873/1341
f 2580/1778/1274 2581/1777/1273 2650/1874/1342
f 2653/1875/1343 2652/1876/1344 2651/1877/1345
f 2655/1878/1346 2578/1879/1347 2654/1880/1348
f 2658/1881/1349 2657/1882/1350 2656/1883/1351
f 2573/1766/1265 2564/1759/1258 2659/1884/1352
f 2567/1762/1261 2568/1761/1260 2575/1767/1266
f 2539/1732/1233 2544/1805/1234 2541/1730/1231
f 2544/1805/1234 2661/1885/1353 2660/1886/1354
f 2664/1887/1355 2663/1888/1356 2662/1889/1357
f 2667/1890/1358 2666/1891/1359 2665/1892/1360
f 2577/1775/1271 2668/1893/1361 2579/1773/1269
f 2669/1894/1362 2653/1875/1343 2651/1877/1345
f 2600/1802/1292 2604/1806/1294 2599/1803/1293
f 2670/1895/1363 2665/1892/1360 2666/1891/1359
f 2615/1826/1309 2640/1862/1332 2617/1824/1307
f 2643/1866/1335 2646/1867/1336 2644/1869/1338
f 2636/1861/1330 2639/1860/1331 2671/1896/1364
f 2639/1897/1331 2673/1898/1365 2672/1899/1366
f 2560/1755/1254 2673/1900/1367 2562/1753/1252
f 2676/209/1368 2675/1901/1369 2674/1902/1370
f 2676/209/1368 2674/1902/1370 2677/1903/1371
f 2637/1857/1329 2638/1856/1328 2562/1904/1372
f 2587/1783/1279 2590/1789/1282 2678/1905/1373
f 2589/1788/1281 2668/1893/1361 2679/1906/1374
f 2589/1788/1281 2585/1779/1275 2668/1893/1361
f 2650/1874/1342 2581/1777/1273 2669/1894/1362
f 2681/1907/1375 2548/1737/1238 2680/1908/1376
f 2626/1839/1319 2541/1838/1231 2682/1909/1377
f 2602/1808/1296 2612/1819/1303 2604/1806/1294
f 2610/1818/1302 2662/1910/1357 2670/1895/1363
f 2654/1880/1348 2678/1905/1373 2655/1878/1346
f 2679/1906/1374 2668/1893/1361 2577/1775/1271
f 2636/1858/1330 2569/1760/1259 2638/1856/1328
f 2565/1758/1257 2683/1911/1378 2561/1754/1253
f 2686/1912/1379 2685/1913/1380 2684/1914/1381
f 2537/1915/1229 2591/1792/1285 2592/1791/1284
f 2635/1853/1327 2536/1916/1382 2596/1854/1288
f 2536/1916/1382 2687/1917/1383 2686/1918/1379
f 2684/1914/1381 2685/1913/1380 2688/1919/1384
f 2691/1920/1385 2690/1921/1385 2689/1922/1386
f 2688/1923/1384 2592/1924/1284 2684/1925/1381
f 2598/1798/1290 2686/1926/1379 2692/1927/1387
f 2599/1803/1293 2667/1928/1388 2601/1801/1291
f 2695/1929/1389 2694/1930/1390 2693/1931/1391
f 2604/1806/1294 2600/1802/1292 2603/1807/1295
f 2696/1932/1392 2663/1933/1356 2664/1934/1355
f 2695/1929/1389 2693/1931/1391 2697/1935/1393
f 2663/1933/1356 2696/1932/1392 2601/1936/1394
f 2611/1820/1304 2602/1808/1296 2698/1937/1395
f 2700/1938/1396 2607/1809/1297 2699/1939/1397
f 2696/1932/1392 2664/1934/1355 2701/1940/1398
f 2607/1809/1297 2700/1938/1396 2701/1940/1398
f 2623/1830/1313 2628/1841/1321 2622/1831/1314
f 2630/1844/1324 2624/1834/1317 2625/1833/1316
f 2682/1941/1377 2541/1730/1231 2660/1886/1354
f 2541/1730/1231 2544/1805/1234 2660/1886/1354
f 2635/1853/1327 2597/1855/1287 2702/1942/1399
f 2545/1736/1237 2541/1730/1231 2627/1943/1318
f 2565/1758/1257 2566/1757/1256 2683/1911/1378
f 2703/1944/1400 2570/1765/1264 2571/1764/1263
f 2563/1756/1255 2540/1731/1232 2614/1822/1305
f 2540/1945/1232 2545/1946/1237 2614/1947/1305
f 2536/1729/1230 2537/1728/1229 2688/1948/1384
f 2537/1949/1229 2592/1924/1284 2688/1923/1384
f 2686/1912/1379 2687/1950/1383 2685/1913/1380
f 2704/1951/1401 2690/1921/1385 2691/1920/1385
f 2576/1772/1268 2563/1756/1255 2705/1952/1402
f 2563/1756/1255 2706/1823/1403 2705/1952/1402
f 2561/1754/1253 2683/1911/1378 2560/1755/1254
f 2707/1953/1404 2703/1944/1400 2571/1764/1263
f 2707/1953/1404 2671/1954/1364 2672/1899/1366
f 2671/1954/1364 2639/1897/1331 2672/1899/1366
f 2579/1773/1269 2652/1955/1405 2578/1774/1270
f 2708/1956/1406 2657/1882/1350 2658/1881/1349
f 2559/1799/1250 2555/1745/1245 2543/1957/1235
f 2617/1824/1307 2645/1958/1407 2616/1825/1308
f 2709/1959/1408 2648/1872/1340 2649/1871/1339
f 2710/1960/1409 2552/1747/1243 2681/1961/1375
f 2552/1743/1243 2548/1737/1238 2681/1907/1375
f 2669/1894/1362 2711/1962/1410 2653/1875/1343
f 2711/1963/1410 2712/1964/1411 2653/1965/1343
f 2653/1965/1343 2712/1964/1411 2654/1966/1348
f 2712/1967/1411 2678/1905/1373 2654/1880/1348
f 2598/1798/1290 2596/1796/1288 2686/1926/1379
f 2596/1854/1288 2536/1916/1382 2686/1918/1379
f 2670/1895/1363 2662/1910/1357 2665/1892/1360
f 2662/1889/1357 2663/1888/1356 2665/1968/1360
f 2643/1866/1335 2713/1969/1412 2646/1867/1336
f 2713/1970/1412 2631/1971/1323 2646/1972/1336
f 2646/1972/1336 2631/1971/1323 2641/1973/1334
f 2631/1843/1323 2632/1842/1322 2641/1865/1334
f 2610/1818/1302 2608/1815/1300 2662/1910/1357
f 2608/1813/1300 2664/1887/1355 2662/1889/1357
f 2542/1735/1236 2543/1734/1235 2714/1974/1413
f 2543/1957/1235 2715/1975/1414 2714/1976/1413
f 2607/1809/1297 2605/1811/1299 2699/1939/1397
f 2558/1752/1251 2543/1734/1235 2553/1744/1244
f 2571/1770/1263 2568/1769/1260 2636/1861/1330
f 2568/1761/1260 2569/1760/1259 2636/1858/1330
f 2707/1953/1404 2571/1764/1263 2671/1954/1364
f 2571/1770/1263 2636/1861/1330 2671/1896/1364
f 2701/1940/1398 2664/1934/1355 2607/1809/1297
f 2664/1887/1355 2608/1813/1300 2607/1812/1297
f 2552/1747/1243 2710/1960/1409 2555/1745/1245
f 2669/1894/1362 2581/1777/1273 2711/1962/1410
f 2581/1786/1273 2587/1785/1279 2711/1963/1410
f 2711/1963/1410 2587/1785/1279 2712/1964/1411
f 2587/1783/1279 2678/1905/1373 2712/1967/1411
f 2543/1957/1235 2555/1745/1245 2715/1975/1414
f 2555/1745/1245 2710/1960/1409 2715/1975/1414
f 2626/1839/1319 2682/1909/1377 2716/1977/1415
f 2643/1866/1335 2619/1863/1311 2713/1969/1412
f 2619/1828/1311 2624/1836/1317 2713/1970/1412
f 2713/1970/1412 2624/1836/1317 2631/1971/1323
f 2624/1834/1317 2630/1844/1324 2631/1843/1323
f 2553/1804/1244 2539/1732/1233 2717/1978/1416
f 2539/1732/1233 2576/1772/1268 2717/1978/1416
f 1254/1979/1417 1253/1980/1418 1252/1981/1419
f 1252/1981/1419 1255/1982/1420 1254/1979/1417
f 1255/1982/1420 1257/1983/1421 1256/1984/1422
f 1260/1985/1423 1259/1986/1424 1258/1987/1425
f 1263/1988/1426 1262/1989/1427 1261/1990/1428
f 1266/1991/1429 1265/1992/1430 1264/1993/1431
f 1269/1994/1432 1268/1995/1433 1267/1996/1434
f 1271/1997/1435 1268/1995/1433 1270/1998/1436
f 1274/1999/1437 1273/2000/1438 1272/2001/1439
f 1272/2001/1439 1275/2002/1440 1274/1999/1437
f 1274/2003/1437 1277/2004/1441 1276/2005/1442
f 1280/2006/1443 1279/2007/1444 1278/2008/1445
f 1283/2009/1446 1282/2010/1447 1281/2011/1448
f 1286/2012/1449 1285/2013/1450 1284/2014/1451
f 1284/2014/1451 1285/2013/1450 1287/2015/1452
f 1290/2016/1453 1289/2017/1454 1288/2018/1455
f 1290/2016/1453 1291/2019/1456 1289/2017/1454
f 1291/2019/1456 1290/2016/1453 1292/2020/1457
f 1291/2019/1456 1292/2020/1457 1293/2021/1458
f 1293/2021/1458 1294/2022/1459 1291/2019/1456
f 1297/2023/1460 1296/2024/1461 1295/2025/1462
f 1296/2024/1461 1297/2023/1460 1298/2026/1463
f 1298/2026/1463 1299/2027/1464 1296/2024/1461
f 1298/2026/1463 1300/2028/1465 1299/2027/1464
f 1300/2028/1465 1298/2026/1463 1301/2029/1466
f 1304/2030/1467 1303/2031/1467 1302/2032/1468
f 1303/2031/1467 1304/2030/1467 1305/2033/1469
f 1308/2034/1470 1307/2035/1471 1306/2036/1472
f 1307/2035/1471 1308/2034/1470 1309/2037/1473
f 1312/2038/1474 1311/2039/1475 1310/2040/1476
f 1312/2038/1474 1313/2041/1477 1311/2039/1475
f 1316/2042/1478 1315/2043/1479 1314/2044/1480
f 1315/2043/1479 1316/2042/1478 1317/2045/1481
f 1319/2046/1482 1317/2045/1481 1318/2047/1483
f 1322/2048/1484 1321/2049/1485 1320/2050/1486
f 1321/2049/1485 1322/2048/1484 1323/2051/1487
f 1326/2052/1488 1325/2053/1488 1324/2054/1489
f 1325/2053/1488 1326/2052/1488 1327/2055/1490
f 1330/2056/1491 1329/2057/1492 1328/2058/1493
f 1329/2057/1492 1330/2056/1491 1331/2059/1494
f 1334/2060/1495 1333/2061/1496 1332/2062/1497
f 1332/2062/1497 1335/2063/1498 1334/2060/1495
f 1333/2064/1496 1331/2065/1494 1330/2066/1491
f 1338/2067/1499 1337/2068/1500 1336/2069/1501
f 1341/2070/1502 1340/2071/1503 1339/2072/1504
f 1344/2073/1505 1343/2074/1506 1342/2075/1507
f 1347/2076/1508 1346/2077/1509 1345/2078/1510
f 1346/2079/1509 1349/2080/1511 1348/2081/1512
f 1352/2082/1513 1351/2083/1514 1350/2084/1515
f 1355/2085/1516 1354/2086/1517 1353/2087/1518
f 1358/2088/1519 1357/2089/1520 1356/2090/1521
f 1361/2091/1522 1360/2092/1523 1359/2093/1524
f 1364/2094/1525 1363/2095/1526 1362/2096/1527
f 1367/2097/1528 1366/2098/1529 1365/2099/1530
f 1366/2098/1529 1367/2097/1528 1368/2100/1531
f 1368/2100/1531 1369/2101/1532 1366/2098/1529
f 1368/2100/1531 1370/2102/1533 1369/2101/1532
f 1370/2102/1533 1368/2100/1531 1371/2103/1534
f 1374/2104/1535 1373/2105/1536 1372/2106/1537
f 1374/2104/1535 1375/2107/1538 1373/2105/1536
f 1375/2107/1538 1374/2104/1535 1376/2108/1539
f 1375/2107/1538 1376/2108/1539 1377/2109/1540
f 1377/2109/1540 1378/2110/1541 1375/2107/1538
f 1381/2111/1542 1380/2112/1542 1379/2113/1543
f 1380/2112/1542 1381/2111/1542 1382/2114/1544
f 1385/2115/1545 1384/2116/1545 1383/2117/1546
f 1384/2116/1545 1385/2115/1545 1386/2118/1547
f 1389/2119/1548 1388/2120/1549 1387/2121/1550
f 1388/2120/1549 1389/2119/1548 1390/2122/1551
f 1393/2123/1552 1392/2124/1553 1391/2125/1554
f 1396/2126/1555 1395/2127/1556 1394/2128/1557
f 1399/2129/1558 1398/2130/1559 1397/2131/1560
f 1401/2132/1561 1399/2129/1558 1400/2133/1562
f 1400/2133/1562 1402/2134/1563 1401/2132/1561
f 1405/2135/1564 1404/2136/1564 1403/2137/1565
f 1404/2136/1564 1405/2135/1564 1406/2138/1566
f 1277/2139/1441 1267/1996/1434 1276/2140/1442
f 1319/2141/1482 1318/2142/1483 1407/2143/1567
f 1395/2127/1556 1396/2126/1555 1408/2144/1568
f 1350/2145/1515 1348/2146/1512 1349/2147/1511
f 1393/2123/1552 1391/2125/1554 1394/2148/1557
f 1410/2149/1569 1409/2150/1570 1320/2050/1486
f 1260/1985/1423 1411/2151/1571 1259/1986/1424
f 1414/2152/1572 1413/2153/1573 1412/2154/1574
f 1414/2152/1572 1415/2155/1575 1413/2153/1573
f 1418/2156/1576 1417/2157/1577 1416/2158/1577
f 1416/2159/1577 1417/2160/1577 1419/2161/1578
f 1420/2162/1579 1286/2012/1449 1284/2014/1451
f 1413/2153/1573 1415/2155/1575 1421/2163/1580
f 1424/2164/1581 1423/2165/1582 1422/2166/1583
f 1320/2050/1486 1409/2150/1570 1322/2048/1484
f 1426/2167/1584 1425/2168/1585 1264/1993/1431
f 1260/2169/1423 1428/2170/1586 1427/2171/1587
f 1431/2172/1588 1430/2173/1589 1429/2174/1590
f 1433/2175/1591 1331/2059/1494 1432/2176/1592
f 1436/2177/1593 1435/2178/1594 1434/2179/1595
f 1439/2180/1596 1438/2181/1597 1437/2182/1598
f 1398/2130/1559 1399/2129/1558 1401/2132/1561
f 1436/2177/1593 1440/2183/1599 1435/2178/1594
f 1443/2184/1600 1442/2185/1600 1441/2186/1601
f 1443/2187/1600 1444/2188/1602 1442/2189/1600
f 1445/2190/1603 1361/2091/1522 1359/2093/1524
f 1448/2191/1604 1447/2192/1581 1446/2193/1605
f 1445/2190/1603 1359/2093/1524 1449/2194/1606
f 1435/2178/1594 1440/2183/1599 1450/2195/1607
f 1451/2196/1608 1447/2192/1581 1448/2191/1604
f 1333/2197/1496 1453/2198/1609 1452/2199/1610
f 1364/2094/1525 1362/2096/1527 1454/2200/1611
f 1285/2013/1450 1286/2012/1449 1430/2201/1589
f 1455/2202/1612 1423/2165/1582 1424/2164/1581
f 1316/2203/1478 1409/2204/1570 1410/2205/1569
f 1267/1996/1434 1277/2139/1441 1269/1994/1432
f 1282/2010/1447 1283/2009/1446 1456/2206/1613
f 1397/2207/1560 1398/2208/1559 1393/2123/1552
f 1358/2088/1519 1356/2090/1521 1457/2209/1614
f 1348/2146/1512 1350/2145/1515 1351/2210/1514
f 1395/2127/1556 1408/2144/1568 1458/2211/1615
f 1407/2143/1567 1318/2142/1483 1459/2212/1616
f 1356/2213/1521 1357/2214/1520 1390/2215/1551
f 1374/2216/1535 1372/2217/1537 1460/2218/1617
f 1439/2219/1596 1339/2072/1504 1438/2220/1597
f 1392/2124/1553 1393/2123/1552 1398/2208/1559
f 1316/2203/1478 1314/2221/1480 1409/2204/1570
f 1270/2222/1436 1268/2223/1433 1426/2167/1584
f 1462/2224/1618 1333/2061/1496 1461/2225/1619
f 1333/2061/1496 1463/2226/1620 1461/2225/1619
f 1295/2227/1462 1296/2228/1461 1464/2229/1621
f 1281/2230/1448 1282/2231/1447 1313/2232/1477
f 1390/2215/1551 1389/2233/1548 1465/2234/1622
f 1345/2235/1510 1346/2079/1509 1348/2081/1512
f 1274/2003/1437 1275/2236/1440 1277/2004/1441
f 1311/2237/1475 1313/2232/1477 1466/2238/1623
f 1432/2176/1592 1468/2239/1624 1467/2240/1625
f 1452/2199/1610 1453/2198/1609 1469/2241/1626
f 1426/2167/1584 1268/2223/1433 1425/2168/1585
f 1254/2242/1417 1255/2243/1420 1260/2244/1423
f 1427/2171/1587 1428/2170/1586 1470/2245/1627
f 1472/2246/1628 1256/1984/1422 1471/2247/1629
f 1475/2248/1630 1474/2249/1631 1473/2250/1632
f 1396/2126/1555 1394/2128/1557 1391/2251/1554
f 1317/2045/1481 1319/2046/1482 1315/2043/1479
f 1478/2252/1633 1477/2253/1634 1476/2254/1635
f 1280/2006/1443 1479/2255/1636 1279/2007/1444
f 1295/2227/1462 1464/2229/1621 1480/2256/1637
f 1254/2242/1417 1260/2244/1423 1263/2257/1426
f 1260/1985/1423 1262/2258/1427 1263/2259/1426
f 1432/2176/1592 1331/2059/1494 1468/2239/1624
f 1331/2260/1494 1333/2197/1496 1452/2199/1610
f 1333/2061/1496 1462/2224/1618 1453/2261/1609
f 1361/2091/1522 1363/2262/1526 1364/2263/1525
f 1478/2264/1633 1476/2265/1635 1481/2266/1638
f 1476/2265/1635 1482/2267/1639 1481/2266/1638
f 1260/2169/1423 1255/2268/1420 1428/2170/1586
f 1255/1982/1420 1256/1984/1422 1472/2246/1628
f 1451/2196/1608 1483/2269/1640 1447/2192/1581
f 1363/2262/1526 1361/2091/1522 1445/2190/1603
f 1333/2064/1496 1330/2066/1491 1332/2270/1497
f 1341/2070/1502 1339/2072/1504 1439/2219/1596
f 1341/2070/1502 1473/2271/1632 1340/2071/1503
f 1473/2250/1632 1474/2249/1631 1340/2272/1503
f 1484/2273/1641 1414/2274/1572 1429/2174/1590
f 1411/2151/1571 1260/1985/1423 1427/2275/1587
f 1429/2174/1590 1430/2173/1589 1484/2273/1641
f 1486/2276/1642 1455/2202/1612 1485/2277/1643
f 1455/2202/1612 1424/2164/1581 1485/2277/1643
f 1415/2278/1575 1414/2274/1572 1484/2273/1641
f 1460/2218/1617 1372/2217/1537 1487/2279/1644
f 1488/2280/1444 1354/2086/1517 1355/2085/1516
f 1491/2281/1645 1490/2282/1646 1489/2283/1647
f 1490/2282/1646 1492/2284/1648 1489/2283/1647
f 1495/2285/1649 1494/2286/1650 1493/2287/1651
f 1494/2288/1650 1496/2289/1652 1493/2290/1651
f 1498/2291/1653 1497/2292/1654 1352/2082/1513
f 1497/2292/1654 1338/2293/1499 1352/2082/1513
f 1501/2294/1655 1500/2295/1656 1499/2296/1657
f 1504/2297/1658 1503/2298/1659 1502/2299/1660
f 1506/2300/1661 1505/2301/1662 1501/2302/1655
f 1505/2301/1662 1500/2303/1656 1501/2302/1655
f 1481/2266/1638 1482/2267/1639 1506/2304/1661
f 1482/2305/1639 1505/2301/1662 1506/2300/1661
f 1430/2201/1589 1431/2306/1588 1285/2013/1450
f 1470/2307/1627 1472/2246/1628 1471/2247/1629
f 1474/2249/1631 1475/2248/1630 1507/2308/1663
f 1475/2309/1630 1508/2310/1664 1507/2311/1663
f 1508/2312/1664 1510/2313/1665 1509/2314/1666
f 1437/2182/1598 1438/2181/1597 1511/2315/1667
f 1507/2311/1663 1508/2310/1664 1512/2316/1668
f 1508/2312/1664 1509/2314/1666 1512/2317/1668
f 1514/2318/1669 1344/2319/1505 1513/2320/1670
f 1344/2073/1505 1342/2075/1507 1513/2321/1670
f 1503/2322/1659 1477/2253/1634 1515/2323/1671
f 1477/2253/1634 1478/2252/1633 1515/2323/1671
f 1502/2299/1660 1503/2298/1659 1516/2324/1672
f 1503/2322/1659 1515/2323/1671 1516/2325/1672
f 1519/2326/1673 1518/2327/1674 1517/2328/1675
f 1518/2329/1674 1520/2330/1676 1517/2331/1675
f 1436/2332/1593 1362/2096/1527 1440/2333/1599
f 1521/2334/1640 1483/2269/1640 1451/2196/1608
f 1468/2239/1624 1469/2335/1626 1467/2240/1625
f 1454/2200/1611 1362/2096/1527 1436/2332/1593
f 1520/2330/1676 1522/2336/1677 1476/2254/1635
f 1522/2337/1677 1270/1998/1436 1476/2265/1635
f 1497/2292/1654 1523/2338/1678 1473/2271/1632
f 1523/2339/1678 1514/2340/1669 1473/2250/1632
f 1526/2341/1679 1525/2342/1680 1524/2343/1681
f 1525/2344/1680 1527/2345/1682 1524/2346/1681
f 1530/2347/1683 1529/2348/1684 1528/2349/1685
f 1533/2350/1686 1532/2351/1687 1531/2352/1688
f 1505/2301/1662 1534/2353/1689 1500/2303/1656
f 1519/2326/1673 1503/2298/1659 1504/2297/1658
f 1467/2354/1625 1469/2355/1626 1495/2285/1649
f 1469/2355/1626 1494/2286/1650 1495/2285/1649
f 1469/2335/1626 1468/2239/1624 1452/2356/1610
f 1468/2239/1624 1331/2059/1494 1452/2356/1610
f 1490/2282/1646 1470/2357/1627 1492/2284/1648
f 1470/2307/1627 1471/2247/1629 1492/2358/1648
f 1255/1982/1420 1472/2246/1628 1428/2359/1586
f 1472/2246/1628 1470/2307/1627 1428/2359/1586
f 1523/2339/1678 1535/2360/1690 1514/2340/1669
f 1535/2361/1690 1344/2319/1505 1514/2318/1669
f 1518/2329/1674 1536/2362/1691 1520/2330/1676
f 1536/2362/1691 1522/2336/1677 1520/2330/1676
f 1539/2363/1692 1538/2364/1693 1537/2365/1694
f 1542/2366/1695 1541/2367/1696 1540/2368/1697
f 1425/2168/1585 1268/2223/1433 1543/2369/1698
f 1268/1995/1433 1269/1994/1432 1543/2370/1698
f 1351/2083/1514 1352/2082/1513 1526/2341/1679
f 1352/2082/1513 1525/2342/1680 1526/2341/1679
f 1352/2082/1513 1338/2293/1499 1525/2342/1680
f 1338/2067/1499 1527/2345/1682 1525/2344/1680
f 1508/2312/1664 1342/2075/1507 1510/2313/1665
f 1337/2068/1500 1439/2180/1596 1437/2182/1598
f 1264/1993/1431 1425/2168/1585 1266/1991/1429
f 1425/2168/1585 1543/2369/1698 1266/1991/1429
f 1333/2061/1496 1334/2060/1495 1463/2226/1620
f 1388/2120/1549 1545/2371/1699 1544/2372/1700
f 1426/2167/1584 1264/1993/1431 1546/2373/1701
f 1273/2000/1438 1274/1999/1437 1547/2374/1702
f 1469/2241/1626 1453/2198/1609 1494/2375/1650
f 1453/2261/1609 1462/2224/1618 1494/2288/1650
f 1411/2151/1571 1427/2275/1587 1490/2376/1646
f 1427/2171/1587 1470/2245/1627 1490/2377/1646
f 1494/2288/1650 1462/2224/1618 1496/2289/1652
f 1462/2224/1618 1461/2225/1619 1496/2289/1652
f 1259/1986/1424 1411/2151/1571 1491/2378/1645
f 1411/2379/1571 1490/2282/1646 1491/2281/1645
f 1549/2380/1703 1312/2038/1474 1548/2381/1704
f 1262/2258/1427 1260/1985/1423 1258/1987/1425
f 1524/2346/1681 1527/2345/1682 1550/2382/1705
f 1551/2383/1706 1346/2077/1509 1347/2076/1508
f 1338/2067/1499 1336/2069/1501 1527/2345/1682
f 1343/2074/1506 1346/2077/1509 1551/2383/1706
f 1426/2167/1584 1546/2373/1701 1534/2353/1689
f 1547/2374/1702 1518/2327/1674 1519/2326/1673
f 1554/2384/1707 1553/2385/1708 1552/2386/1709
f 1553/2387/1708 1555/2388/1710 1552/2389/1709
f 1553/2387/1708 1556/2390/1711 1555/2388/1710
f 1556/2391/1711 1557/2392/1712 1555/2393/1710
f 1560/2394/1713 1559/2395/1714 1558/2396/1715
f 1559/2397/1714 1561/2398/1716 1558/2399/1715
f 1563/2400/1717 1562/2401/1718 1560/2394/1713
f 1562/2401/1718 1559/2395/1714 1560/2394/1713
f 1345/2078/1510 1533/2350/1686 1347/2076/1508
f 1529/2348/1684 1530/2347/1683 1550/2382/1705
f 1255/1982/1420 1252/1981/1419 1257/1983/1421
f 1283/2009/1446 1281/2011/1448 1564/2402/1719
f 1275/2002/1440 1272/2001/1439 1538/2364/1693
f 1265/2403/1430 1541/2404/1696 1542/2405/1695
f 1357/2089/1520 1358/2088/1519 1565/2406/1720
f 1329/2057/1492 1331/2059/1494 1433/2175/1591
f 1547/2374/1702 1274/1999/1437 1518/2327/1674
f 1274/2003/1437 1536/2362/1691 1518/2329/1674
f 1274/2003/1437 1276/2005/1442 1536/2362/1691
f 1276/2005/1442 1522/2336/1677 1536/2362/1691
f 1535/2361/1690 1346/2079/1509 1344/2319/1505
f 1346/2077/1509 1343/2074/1506 1344/2073/1505
f 1523/2339/1678 1349/2147/1511 1535/2360/1690
f 1349/2080/1511 1346/2079/1509 1535/2361/1690
f 1526/2341/1679 1524/2343/1681 1530/2407/1683
f 1524/2346/1681 1550/2382/1705 1530/2347/1683
f 1265/1992/1430 1266/1991/1429 1541/2408/1696
f 1266/1991/1429 1543/2369/1698 1541/2408/1696
f 1388/2120/1549 1390/2122/1551 1545/2371/1699
f 1390/2215/1551 1357/2214/1520 1545/2409/1699
f 1281/2230/1448 1313/2232/1477 1549/2410/1703
f 1313/2041/1477 1312/2038/1474 1549/2380/1703
f 1559/2397/1714 1539/2411/1692 1561/2398/1716
f 1539/2363/1692 1537/2365/1694 1561/2412/1716
f 1531/2352/1688 1532/2351/1687 1554/2413/1707
f 1532/2414/1687 1553/2385/1708 1554/2384/1707
f 1335/2063/1498 1332/2062/1497 1566/2415/1721
f 1332/2270/1497 1330/2066/1491 1566/2416/1721
f 1254/2242/1417 1263/2257/1426 1567/2417/1722
f 1263/2418/1426 1261/2419/1428 1567/2420/1722
f 1351/2083/1514 1526/2341/1679 1557/2421/1712
f 1526/2341/1679 1530/2407/1683 1557/2421/1712
f 1541/2408/1696 1543/2369/1698 1563/2422/1717
f 1543/2370/1698 1269/1994/1432 1563/2400/1717
f 1566/2416/1721 1330/2066/1491 1568/2423/1723
f 1330/2056/1491 1328/2058/1493 1568/2424/1723
f 1253/1980/1418 1254/1979/1417 1569/2425/1724
f 1254/2242/1417 1567/2417/1722 1569/2426/1724
f 1476/2254/1635 1477/2253/1634 1570/2427/1725
f 1477/2253/1634 1571/2428/1726 1570/2427/1725
f 1573/2429/1727 1475/2309/1630 1572/2430/1728
f 1475/2248/1630 1473/2250/1632 1572/2431/1728
f 1497/2292/1654 1498/2291/1653 1523/2338/1678
f 1498/2432/1653 1349/2147/1511 1523/2339/1678
f 1276/2005/1442 1271/2433/1435 1522/2336/1677
f 1271/1997/1435 1270/1998/1436 1522/2337/1677
f 1337/2068/1500 1574/2434/1729 1439/2180/1596
f 1574/2435/1729 1341/2070/1502 1439/2219/1596
f 1482/2305/1639 1575/2436/1730 1505/2301/1662
f 1575/2436/1730 1534/2353/1689 1505/2301/1662
f 1576/2437/1731 1426/2167/1584 1575/2436/1730
f 1426/2167/1584 1534/2353/1689 1575/2436/1730
f 1476/2265/1635 1270/1998/1436 1576/2438/1731
f 1270/2222/1436 1426/2167/1584 1576/2437/1731
f 1337/2068/1500 1338/2067/1499 1574/2434/1729
f 1338/2293/1499 1577/2439/1732 1574/2435/1729
f 1338/2293/1499 1497/2292/1654 1577/2439/1732
f 1497/2292/1654 1473/2271/1632 1577/2439/1732
f 1473/2271/1632 1341/2070/1502 1577/2439/1732
f 1341/2070/1502 1574/2435/1729 1577/2439/1732
f 1575/2436/1730 1482/2305/1639 1576/2437/1731
f 1482/2267/1639 1476/2265/1635 1576/2438/1731
f 1475/2309/1630 1573/2429/1727 1508/2310/1664
f 1573/2440/1727 1342/2075/1507 1508/2312/1664
f 1519/2326/1673 1571/2441/1726 1503/2298/1659
f 1571/2428/1726 1477/2253/1634 1503/2322/1659
f 1539/2411/1692 1559/2397/1714 1277/2004/1441
f 1559/2395/1714 1269/1994/1432 1277/2139/1441
f 1351/2210/1514 1553/2387/1708 1348/2146/1512
f 1553/2385/1708 1532/2414/1687 1348/2081/1512
f 1352/2082/1513 1350/2084/1515 1498/2291/1653
f 1350/2145/1515 1349/2147/1511 1498/2432/1653
f 1276/2140/1442 1267/1996/1434 1271/1997/1435
f 1267/1996/1434 1268/1995/1433 1271/1997/1435
f 1473/2250/1632 1514/2340/1669 1572/2431/1728
f 1514/2318/1669 1513/2320/1670 1572/2430/1728
f 1517/2331/1675 1520/2330/1676 1570/2427/1725
f 1520/2330/1676 1476/2254/1635 1570/2427/1725
f 1572/2430/1728 1513/2320/1670 1573/2429/1727
f 1513/2321/1670 1342/2075/1507 1573/2440/1727
f 1519/2326/1673 1517/2328/1675 1571/2441/1726
f 1517/2331/1675 1570/2427/1725 1571/2428/1726
f 1457/2209/1614 1356/2090/1521 1465/2442/1622
f 1356/2213/1521 1390/2215/1551 1465/2234/1622
f 1313/2232/1477 1282/2231/1447 1466/2238/1623
f 1282/2010/1447 1456/2206/1613 1466/2443/1623
f 1533/2350/1686 1345/2078/1510 1532/2351/1687
f 1345/2235/1510 1348/2081/1512 1532/2414/1687
f 1277/2004/1441 1275/2236/1440 1539/2411/1692
f 1275/2002/1440 1538/2364/1693 1539/2363/1692
f 1557/2444/1712 1556/2390/1711 1351/2210/1514
f 1556/2390/1711 1553/2387/1708 1351/2210/1514
f 1559/2395/1714 1562/2401/1718 1269/1994/1432
f 1562/2401/1718 1563/2400/1717 1269/1994/1432
f 1580/2445/1733 1579/2446/1734 1578/2447/1735
f 1583/2448/1736 1582/2449/1737 1581/2450/1738
f 1585/2451/1739 1584/2452/1740 1582/2449/1737
f 1582/2449/1737 1584/2452/1740 1586/2453/1741
f 1588/2454/1742 1580/2445/1733 1587/2455/1743
f 1591/2456/1744 1590/2457/1745 1589/2458/1746
f 1580/2445/1733 1588/2454/1742 1579/2446/1734
f 1586/2453/1741 1578/2447/1735 1592/2459/1747
f 1578/2447/1735 1593/2460/1748 1592/2459/1747
f 1584/2452/1740 1585/2451/1739 1580/2445/1733
f 1594/2461/1749 1587/2455/1743 1580/2445/1733
f 1586/2453/1741 1584/2452/1740 1578/2447/1735
f 1584/2452/1740 1580/2445/1733 1578/2447/1735
f 1591/2456/1744 1589/2458/1746 1587/2455/1743
f 1579/2446/1734 1588/2454/1742 1595/2462/1750
f 1588/2454/1742 1596/2463/1751 1595/2462/1750
f 1588/2454/1742 1587/2455/1743 1596/2463/1751
f 1587/2455/1743 1589/2458/1746 1596/2463/1751
f 1581/2450/1738 1582/2449/1737 1597/2464/1752
f 1582/2449/1737 1598/2465/1753 1597/2464/1752
f 1582/2449/1737 1586/2453/1741 1598/2465/1753
f 1583/2448/1736 1581/2450/1738 1599/2466/1754
f 1578/2447/1735 1579/2446/1734 1593/2460/1748
f 1579/2446/1734 1595/2462/1750 1593/2460/1748
f 1580/2445/1733 1585/2451/1739 1594/2461/1749
f 1583/2448/1736 1599/2466/1754 1594/2461/1749
f 1598/2465/1753 1586/2453/1741 1600/2467/1755
f 1586/2453/1741 1592/2459/1747 1600/2467/1755
f 1597/2464/1752 1598/2465/1753 1601/2468/1756
f 1598/2465/1753 1600/2467/1755 1601/2468/1756
f 1599/2466/1754 1591/2456/1744 1594/2461/1749
f 1591/2456/1744 1587/2455/1743 1594/2461/1749
f 1591/2456/1744 1599/2466/1754 1590/2457/1745
f 1599/2466/1754 1602/2469/1757 1590/2457/1745
f 1581/2450/1738 1597/2464/1752 1603/2470/1758
f 1597/2464/1752 1601/2468/1756 1603/2470/1758
f 1582/2449/1737 1583/2448/1736 1585/2451/1739
f 1583/2448/1736 1594/2461/1749 1585/2451/1739
f 1599/2466/1754 1581/2450/1738 1602/2469/1757
f 1581/2450/1738 1603/2470/1758 1602/2469/1757
f 1606/2471/1759 1605/2472/1760 1604/2473/1761
f 1609/2474/1762 1608/2475/1763 1607/2476/1764
f 1604/2473/1761 1605/2472/1760 1610/2477/1765
f 1613/2478/1766 1612/2479/1767 1611/2480/1768
f 1609/2474/1762 1614/2481/1769 1611/2482/1768
f 1610/2477/1765 1616/2483/1770 1615/2484/1771
f 1609/2474/1762 1607/2476/1764 1614/2481/1769
f 1611/2480/1768 1617/2485/1772 1609/2486/1762
f 1619/2487/1773 1618/2488/1774 1609/2474/1762
f 1612/2479/1767 1613/2478/1766 1620/2489/1775
f 1622/2490/1776 1608/2475/1763 1621/2491/1777
f 1610/2477/1765 1615/2484/1771 1623/2492/1778
f 1609/2474/1762 1618/2488/1774 1608/2475/1763
f 1618/2488/1774 1623/2492/1778 1608/2475/1763
f 1625/2493/1779 1614/2481/1769 1624/2494/1780
f 1614/2481/1769 1607/2476/1764 1624/2494/1780
f 1613/2478/1766 1611/2480/1768 1625/2495/1779
f 1611/2480/1768 1614/2496/1769 1625/2495/1779
f 1619/2487/1773 1610/2477/1765 1618/2488/1774
f 1610/2477/1765 1623/2492/1778 1618/2488/1774
f 1610/2477/1765 1605/2472/1760 1616/2483/1770
f 1624/2494/1780 1607/2476/1764 1622/2490/1776
f 1607/2476/1764 1608/2475/1763 1622/2490/1776
f 1606/2471/1759 1604/2473/1761 1617/2497/1772
f 1619/2487/1773 1609/2474/1762 1617/2497/1772
f 1608/2475/1763 1623/2492/1778 1621/2491/1777
f 1623/2492/1778 1615/2484/1771 1626/2498/1781
f 1623/2492/1778 1626/2498/1781 1621/2491/1777
f 1626/2498/1781 1615/2484/1771 1627/2499/1782
f 1615/2484/1771 1616/2483/1770 1627/2499/1782
f 1611/2480/1768 1612/2479/1767 1617/2485/1772
f 1612/2479/1767 1606/2500/1759 1617/2485/1772
f 1628/2501/1783 1606/2500/1759 1620/2489/1775
f 1606/2500/1759 1612/2479/1767 1620/2489/1775
f 1627/2499/1782 1616/2483/1770 1629/2502/1784
f 1616/2483/1770 1605/2472/1760 1629/2502/1784
f 1617/2503/1772 1604/2504/1761 1619/2505/1773
f 1604/2473/1761 1610/2477/1765 1619/2487/1773
f 1629/2506/1784 1605/2507/1760 1628/2501/1783
f 1605/2507/1760 1606/2500/1759 1628/2501/1783
f 1632/2508/1785 1631/2509/1786 1630/2510/1787
f 1635/2511/1788 1634/2512/1789 1633/2513/1790
f 1638/2514/1791 1637/2515/1792 1636/2516/1793
f 1641/2517/1794 1640/2518/1795 1639/2519/1796
f 1635/2520/1788 1633/2521/1790 1642/2522/1797
f 1644/2523/1798 1642/2522/1797 1643/2524/1799
f 1637/2515/1792 1638/2514/1791 1631/2509/1786
f 1647/2525/1800 1646/2526/1801 1645/2527/1802
f 1633/2513/1790 1634/2512/1789 1648/2528/1803
f 1648/2528/1803 1634/2512/1789 1649/2529/1804
f 1631/2509/1786 1632/2508/1785 1637/2515/1792
f 1638/2514/1791 1636/2516/1793 1650/2530/1805
f 1643/2524/1799 1642/2522/1797 1646/2526/1801
f 1640/2518/1795 1641/2517/1794 1632/2508/1785
f 1642/2522/1797 1644/2523/1798 1635/2520/1788
f 1632/2508/1785 1630/2510/1787 1640/2518/1795
f 1652/2531/1806 1639/2519/1796 1651/2532/1807
f 1646/2526/1801 1647/2525/1800 1643/2524/1799
f 1647/2525/1800 1645/2527/1802 1653/2533/1808
f 1639/2519/1796 1652/2531/1806 1641/2517/1794
f 2153/2534/1809 2152/2535/1810 2151/2536/1811
f 2152/2537/1810 2155/2538/1812 2154/2539/1813
f 2152/2535/1810 2153/2534/1809 2156/2540/1814
f 2152/2537/1810 2156/2541/1814 2155/2538/1812
f 2156/2541/1814 2158/2542/1815 2157/2543/1816
f 2159/2544/1817 2158/2545/1815 2153/2534/1809
f 2158/2545/1815 2156/2540/1814 2153/2534/1809
f 2156/2541/1814 2157/2543/1816 2155/2538/1812
f 2162/2546/1818 2161/2547/1819 2160/2548/1820
f 2163/2549/1821 2162/2550/1818 2158/2545/1815
f 2162/2546/1818 2157/2543/1816 2158/2542/1815
f 2162/2546/1818 2160/2548/1820 2157/2543/1816
f 2165/2551/1822 2161/2552/1819 2164/2553/1823
f 2161/2552/1819 2162/2554/1818 2164/2553/1823
f 2161/2547/1819 2166/2555/1824 2160/2548/1820
f 2161/2547/1819 2167/2556/1825 2166/2555/1824
f 2162/2554/1818 2163/2557/1821 2164/2553/1823
f 2166/2555/1824 2167/2556/1825 2168/2558/1826
f 2158/2545/1815 2159/2544/1817 2163/2549/1821
f 2161/2552/1819 2165/2551/1822 2167/2559/1825
f 2171/2560/1827 2170/2561/1828 2169/2562/1829
f 2174/2563/1830 2173/2564/1831 2172/2565/1832
f 2177/2566/1833 2176/2567/1834 2175/2568/1835
f 2180/2569/1836 2179/2570/1837 2178/2571/1838
f 2183/2572/1839 2182/2573/1840 2181/2574/1841
f 2186/2575/1842 2185/2576/1843 2184/2577/1844
f 2189/2578/1845 2188/2579/1846 2187/2580/1847
f 2192/2581/1848 2191/2582/1849 2190/2583/1850
f 2195/2584/1851 2194/2585/1852 2193/2586/1853
f 2198/2587/1854 2197/2588/1855 2196/2589/1856
f 2201/2590/1857 2200/2591/1858 2199/2592/1859
f 2204/2593/1860 2203/2594/1861 2202/2595/1862
f 2207/2596/1863 2206/2597/1864 2205/2598/1865
f 2210/2599/1866 2209/2600/1867 2208/2601/1868
f 2213/2602/1869 2212/2603/1870 2211/2604/1871
f 2216/2605/1872 2215/2606/1873 2214/2607/1874
f 2219/2608/1875 2218/2609/1876 2217/2610/1877
f 2222/2611/1878 2221/2612/1879 2220/2613/1880
f 2225/2614/1881 2224/2615/1882 2223/2616/1883
f 2228/2617/1884 2227/2618/1885 2226/2619/1886
f 2216/2620/1872 2229/2621/1887 2215/2622/1873
f 2217/2623/1877 2230/2624/1888 2219/2625/1875
f 2233/2626/1889 2232/2627/1890 2231/2628/1891
f 2234/2629/1892 2232/2627/1890 2233/2626/1889
f 2237/2630/1893 2236/2631/1894 2235/2632/1895
f 2240/2633/1896 2239/2634/1897 2238/2635/1898
f 2243/2636/1899 2242/2637/1900 2241/2638/1901
f 2246/2639/1902 2245/2640/1903 2244/2641/1904
f 2220/2613/1880 2221/2612/1879 2247/2642/1905
f 2218/2643/1876 2219/2644/1875 2248/2645/1906
f 2251/2646/1907 2250/2647/1908 2249/2648/1909
f 2254/2649/1910 2253/2650/1911 2252/2651/1912
f 2257/2652/1913 2256/2653/1914 2255/2654/1915
f 2260/2655/1916 2259/2656/1917 2258/2657/1918
f 2263/2658/1919 2262/2659/1920 2261/2660/1921
f 2262/2659/1920 2265/2661/1922 2264/2662/1923
f 2196/2589/1856 2197/2588/1855 2266/2663/1924
f 2269/2664/1925 2268/2665/1926 2267/2666/1927
f 2272/2667/1928 2271/2668/1929 2270/2669/1930
f 2275/2670/1931 2274/2671/1932 2273/2672/1933
f 2277/2673/1934 2240/2674/1896 2276/2675/1935
f 2240/2633/1896 2238/2635/1898 2278/2676/1936
f 2190/2583/1850 2191/2582/1849 2279/2677/1937
f 2280/2678/1938 2221/2612/1879 2222/2611/1878
f 2283/2679/1939 2282/2680/1940 2281/2681/1941
f 2282/2680/1940 2235/2632/1895 2284/2682/1942
f 2240/2674/1896 2278/2683/1936 2276/2675/1935
f 2213/2602/1869 2211/2604/1871 2285/2684/1943
f 2204/2593/1860 2202/2595/1862 2286/2685/1944
f 2239/2686/1897 2250/2647/1908 2287/2687/1945
f 2193/2586/1853 2194/2585/1852 2288/2688/1946
f 2265/2661/1922 2228/2617/1884 2289/2689/1947
f 2284/2682/1942 2291/2690/1948 2290/2691/1949
f 2292/2692/1950 2211/2604/1871 2212/2603/1870
f 2272/2667/1928 2293/2693/1951 2271/2668/1929
f 2295/2694/1952 2292/2692/1950 2294/2695/1953
f 2280/2678/1938 2296/2696/1954 2221/2612/1879
f 2297/2697/1955 2180/2569/1836 2181/2574/1841
f 2299/2690/1956 2212/2603/1870 2298/2691/1957
f 2275/2670/1931 2301/2698/1958 2300/2699/1959
f 2303/2700/1960 2302/2701/1961 2253/2702/1911
f 2169/2562/1829 2303/2700/1960 2304/2703/1962
f 2307/2704/1963 2306/2705/1964 2305/2706/1965
f 2268/2707/1926 2254/2708/1910 2267/2709/1927
f 2310/2710/1966 2309/2711/1967 2308/2712/1968
f 2313/2713/1969 2312/2714/1970 2311/2715/1971
f 2316/2716/1972 2315/2717/1973 2314/2718/1974
f 2319/2719/1975 2318/2720/1976 2317/2721/1977
f 2322/2722/1978 2321/2723/1979 2320/2724/1980
f 2174/2725/1830 2172/2726/1832 2323/2727/1981
f 2326/2728/1982 2325/2729/1983 2324/2730/1984
f 2237/2630/1893 2174/2563/1830 2236/2631/1894
f 2327/2731/1985 2300/2699/1959 2313/2713/1969
f 2319/2719/1975 2316/2732/1972 2318/2720/1976
f 2316/2716/1972 2328/2733/1986 2322/2734/1978
f 2275/2670/1931 2273/2672/1933 2301/2698/1958
f 2329/2735/1987 2316/2732/1972 2319/2719/1975
f 2316/2716/1972 2329/2736/1987 2315/2717/1973
f 2329/2735/1987 2331/2737/1988 2330/2738/1989
f 2225/2614/1881 2223/2616/1883 2332/2739/1990
f 2263/2658/1919 2261/2660/1921 2333/2740/1991
f 2335/2741/1992 2334/2742/1993 2243/2636/1899
f 2334/2742/1993 2242/2637/1900 2243/2636/1899
f 2313/2713/1969 2300/2699/1959 2312/2714/1970
f 2337/2743/1994 2336/2744/1995 2320/2724/1980
f 2339/2745/1996 2333/2740/1991 2338/2746/1997
f 2342/2747/1998 2341/2748/1999 2340/2749/2000
f 2345/2750/2001 2344/2751/2002 2343/2752/2003
f 2186/2753/1842 2184/2754/1844 2346/2755/2004
f 2348/2756/2005 2190/2757/1850 2347/2758/2006
f 2190/2583/1850 2279/2677/1937 2349/2759/2007
f 2188/2579/1846 2189/2578/1845 2350/2760/2008
f 2303/2700/1960 2169/2562/1829 2256/2653/1914
f 2183/2761/1839 2352/2762/2009 2351/2763/2010
f 2354/2764/2011 2175/2568/1835 2353/2765/2012
f 2257/2766/1913 2255/2767/1915 2302/2768/1961
f 2255/2654/1915 2355/2769/2013 2302/2701/1961
f 2177/2770/1833 2356/2771/2014 2176/2772/1834
f 2357/2773/2015 2255/2654/1915 2256/2653/1914
f 2360/2774/2016 2359/2775/2017 2358/2776/2018
f 2362/2777/2019 2361/2778/2020 2358/2779/2018
f 2362/2777/2019 2363/2780/2021 2361/2778/2020
f 2232/2627/1890 2234/2629/1892 2364/2781/2022
f 2251/2646/1907 2249/2648/1909 2231/2628/1891
f 2171/2560/1827 2365/2782/2023 2170/2561/1828
f 2365/2782/2023 2367/2783/2024 2366/2784/2025
f 2323/2727/1981 2368/2785/2026 2273/2672/1933
f 2369/2786/2027 2329/2787/1987 2330/2788/1989
f 2371/2789/2028 2370/2790/2029 2328/2791/1986
f 2372/2792/2030 2254/2793/1910 2268/2794/1926
f 2329/2735/1987 2319/2719/1975 2331/2737/1988
f 2319/2719/1975 2317/2721/1977 2331/2737/1988
f 2178/2571/1838 2179/2570/1837 2373/2795/2031
f 2170/2561/1828 2365/2782/2023 2366/2784/2025
f 2320/2724/1980 2336/2744/1995 2322/2722/1978
f 2336/2744/1995 2316/2732/1972 2322/2722/1978
f 2295/2694/1952 2294/2695/1953 2271/2796/1929
f 2236/2631/1894 2375/2797/2032 2374/2798/2033
f 2377/2799/2034 2315/2800/1973 2376/2801/2035
f 2315/2802/1973 2329/2803/1987 2369/2804/2027
f 2322/2805/1978 2328/2806/1986 2378/2807/2036
f 2328/2791/1986 2370/2790/2029 2379/2808/2037
f 2316/2716/1972 2314/2718/1974 2328/2733/1986
f 2314/2809/1974 2371/2789/2028 2328/2791/1986
f 2365/2782/2023 2171/2560/1827 2380/2810/2038
f 2171/2560/1827 2381/2811/2039 2380/2810/2038
f 2186/2753/1842 2346/2755/2004 2382/2812/2040
f 2332/2813/1990 2383/2814/2041 2338/2746/1997
f 2177/2770/1833 2384/2815/2042 2356/2771/2014
f 2385/2816/2043 2262/2659/1920 2264/2662/1923
f 2387/2817/2044 2342/2818/1998 2386/2819/2045
f 2342/2818/1998 2340/2820/2000 2386/2819/2045
f 2389/2821/2046 2388/2822/2047 2381/2811/2039
f 2372/2823/2030 2391/2824/2048 2390/2825/2049
f 2372/2826/2030 2268/2827/1926 2391/2828/2048
f 2321/2829/1979 2322/2830/1978 2378/2831/2036
f 2190/2757/1850 2349/2832/2007 2392/2833/2050
f 2286/2834/1944 2394/2835/2051 2393/2836/2052
f 2390/2837/2049 2388/2838/2047 2395/2839/2053
f 2396/2840/2054 2303/2700/1960 2253/2702/1911
f 2169/2562/1829 2304/2703/1962 2389/2821/2046
f 2398/2841/2055 2397/2842/2056 2389/2821/2046
f 2399/2843/2057 2306/2705/1964 2397/2844/2056
f 2306/2705/1964 2395/2839/2053 2397/2844/2056
f 2401/2845/2058 2367/2783/2024 2400/2846/2059
f 2367/2783/2024 2402/2847/2060 2400/2846/2059
f 2404/2848/2061 2256/2653/1914 2403/2849/2062
f 2351/2763/2010 2406/2850/2063 2405/2851/2064
f 2266/2852/1924 2197/2853/1855 2407/2854/2065
f 2192/2855/1848 2190/2757/1850 2348/2756/2005
f 2409/2856/2066 2269/2664/1925 2408/2857/2067
f 2407/2858/2065 2411/2859/2068 2410/2860/2069
f 2192/2581/1848 2198/2861/1854 2191/2582/1849
f 2198/2861/1854 2411/2862/2068 2197/2863/1855
f 2411/2864/2068 2407/2854/2065 2197/2853/1855
f 2363/2780/2021 2364/2781/2022 2361/2778/2020
f 2347/2758/2006 2190/2757/1850 2392/2833/2050
f 2307/2865/1963 2305/2866/1965 2398/2841/2055
f 2399/2867/2057 2397/2842/2056 2398/2841/2055
f 2285/2684/1943 2248/2868/1906 2259/2869/1917
f 2256/2653/1914 2169/2562/1829 2412/2870/2070
f 2169/2562/1829 2170/2561/1828 2412/2870/2070
f 2346/2755/2004 2184/2754/1844 2413/2871/2071
f 2415/2872/2072 2414/2873/2073 2413/2871/2071
f 2334/2742/1993 2244/2641/1904 2416/2874/2074
f 2339/2745/1996 2338/2746/1997 2383/2814/2041
f 2419/2875/2075 2418/2876/2076 2417/2877/2077
f 2422/2878/2078 2421/2879/2079 2420/2880/2080
f 2223/2616/1883 2224/2615/1882 2241/2881/1901
f 2377/2799/2034 2371/2789/2028 2315/2800/1973
f 2371/2789/2028 2314/2809/1974 2315/2800/1973
f 2371/2789/2028 2377/2799/2034 2423/2882/2081
f 2417/2877/2077 2425/2883/2082 2424/2884/2083
f 2408/2857/2067 2269/2664/1925 2426/2885/2084
f 2269/2664/1925 2267/2666/1927 2426/2885/2084
f 2396/2886/2054 2253/2887/1911 2395/2839/2053
f 2253/2650/1911 2254/2649/1910 2372/2888/2030
f 2326/2728/1982 2427/2889/2085 2325/2729/1983
f 2427/2890/2085 2326/2891/1982 2415/2892/2072
f 2326/2893/1982 2414/2873/2073 2415/2872/2072
f 2429/2894/2086 2404/2848/2061 2428/2895/2087
f 2404/2848/2061 2403/2849/2062 2430/2896/2088
f 2286/2897/1944 2202/2898/1862 2431/2899/2089
f 2205/2900/1865 2206/2901/1864 2432/2902/2090
f 2360/2774/2016 2228/2617/1884 2359/2775/2017
f 2228/2617/1884 2238/2635/1898 2359/2775/2017
f 2228/2617/1884 2433/2903/2091 2289/2689/1947
f 2436/2904/2092 2435/2905/2093 2434/2906/2094
f 2195/2584/1851 2437/2907/2095 2194/2585/1852
f 2252/2908/1912 2253/2909/1911 2302/2910/1961
f 2367/2783/2024 2401/2845/2058 2366/2784/2025
f 2414/2873/2073 2326/2893/1982 2324/2911/1984
f 2439/2912/2096 2400/2846/2059 2438/2913/2097
f 2400/2846/2059 2440/2914/2098 2438/2913/2097
f 2302/2915/1961 2442/2916/2099 2441/2917/2100
f 2442/2918/2099 2444/2919/2101 2443/2920/2102
f 2442/2918/2099 2443/2920/2102 2441/2921/2100
f 2447/2922/2103 2446/2923/2104 2445/2924/2105
f 2277/2673/1934 2250/2925/1908 2240/2674/1896
f 2250/2647/1908 2239/2686/1897 2240/2926/1896
f 2371/2789/2028 2423/2882/2081 2370/2790/2029
f 2424/2884/2083 2425/2883/2082 2420/2880/2080
f 2417/2877/2077 2418/2876/2076 2425/2883/2082
f 2450/2927/2106 2449/2928/2107 2448/2929/2108
f 2267/2930/1927 2254/2931/1910 2451/2932/2109
f 2254/2933/1910 2453/2934/2110 2452/2935/2111
f 2455/2936/2112 2408/2857/2067 2454/2937/2113
f 2408/2857/2067 2456/2938/2114 2454/2937/2113
f 2351/2763/2010 2352/2762/2009 2406/2850/2063
f 2184/2577/1844 2185/2576/1843 2427/2890/2085
f 2457/2939/2115 2200/2940/1858 2186/2753/1842
f 2200/2591/1858 2201/2590/1857 2186/2575/1842
f 2350/2760/2008 2310/2710/1966 2188/2579/1846
f 2451/2941/2109 2254/2942/1910 2452/2943/2111
f 2307/2704/1963 2396/2886/2054 2306/2705/1964
f 2396/2886/2054 2395/2839/2053 2306/2705/1964
f 2389/2821/2046 2304/2703/1962 2398/2841/2055
f 2304/2703/1962 2307/2865/1963 2398/2841/2055
f 2304/2703/1962 2303/2700/1960 2307/2865/1963
f 2303/2944/1960 2396/2886/2054 2307/2704/1963
f 2230/2624/1888 2458/2945/2116 2219/2625/1875
f 2205/2598/1865 2459/2946/2117 2207/2596/1863
f 2263/2658/1919 2245/2640/1903 2262/2659/1920
f 2226/2619/1886 2227/2618/1885 2262/2659/1920
f 2460/2947/2118 2270/2948/1930 2311/2715/1971
f 2461/2949/2119 2313/2713/1969 2311/2715/1971
f 2335/2741/1992 2246/2639/1902 2334/2742/1993
f 2246/2639/1902 2244/2641/1904 2334/2742/1993
f 2264/2662/1923 2265/2661/1922 2255/2654/1915
f 2265/2661/1922 2289/2689/1947 2255/2654/1915
f 2412/2870/2070 2170/2561/1828 2462/2950/2120
f 2170/2561/1828 2366/2784/2025 2463/2951/2121
f 2282/2680/1940 2284/2682/1942 2281/2681/1941
f 2180/2569/1836 2297/2697/1955 2179/2570/1837
f 2464/2952/2122 2170/2953/1828 2463/2954/2121
f 2463/2951/2121 2366/2784/2025 2465/2955/2123
f 2366/2784/2025 2401/2845/2058 2465/2955/2123
f 2426/2885/2084 2267/2666/1927 2466/2956/2124
f 2267/2957/1927 2451/2958/2109 2466/2959/2124
f 2468/2960/2125 2467/2961/2126 2368/2785/2026
f 2376/2801/2035 2315/2800/1973 2369/2962/2027
f 2381/2811/2039 2171/2560/1827 2389/2821/2046
f 2171/2560/1827 2169/2562/1829 2389/2821/2046
f 2253/2650/1911 2372/2888/2030 2395/2963/2053
f 2372/2888/2030 2390/2964/2049 2395/2963/2053
f 2238/2635/1898 2239/2634/1897 2359/2775/2017
f 2362/2777/2019 2358/2779/2018 2359/2965/2017
f 2328/2791/1986 2379/2808/2037 2378/2966/2036
f 2470/2967/2127 2469/2968/2128 2460/2969/2118
f 2455/2936/2112 2234/2629/1892 2408/2857/2067
f 2230/2624/1888 2409/2856/2066 2408/2857/2067
f 2231/2628/1891 2232/2627/1890 2251/2646/1907
f 2232/2627/1890 2364/2781/2022 2363/2780/2021
f 2245/2640/1903 2263/2658/1919 2244/2641/1904
f 2263/2658/1919 2333/2740/1991 2339/2745/1996
f 2306/2705/1964 2399/2843/2057 2305/2706/1965
f 2399/2867/2057 2398/2841/2055 2305/2866/1965
f 2447/2922/2103 2445/2924/2105 2471/2970/2129
f 2445/2924/2105 2472/2971/2130 2471/2970/2129
f 2402/2972/2060 2220/2613/1880 2400/2973/2059
f 2225/2614/1881 2440/2974/2098 2400/2973/2059
f 2332/2739/1990 2223/2616/1883 2383/2975/2041
f 2223/2616/1883 2241/2881/1901 2242/2976/1900
f 2192/2977/1848 2348/2978/2005 2410/2860/2069
f 2473/2979/2131 2455/2936/2112 2454/2937/2113
f 2225/2614/1881 2247/2642/1905 2224/2615/1882
f 2476/2980/2132 2475/2981/2133 2474/2982/2134
f 2477/2983/2135 2404/2848/2061 2430/2896/2088
f 2274/2671/1932 2275/2670/1931 2375/2984/2032
f 2275/2670/1931 2374/2985/2033 2375/2984/2032
f 2327/2731/1985 2313/2713/1969 2374/2985/2033
f 2313/2986/1969 2461/2987/2119 2478/2988/2136
f 2318/2720/1976 2337/2743/1994 2479/2989/2137
f 2482/2990/2138 2481/2991/2139 2480/2992/2140
f 2318/2720/1976 2479/2989/2137 2317/2721/1977
f 2483/2993/2141 2482/2990/2138 2480/2992/2140
f 2483/2993/2141 2480/2992/2140 2484/2994/2142
f 2486/2995/2143 2485/2996/2144 2484/2994/2142
f 2442/2997/2099 2488/2998/2145 2487/2999/2146
f 2436/2904/2092 2434/2906/2094 2489/3000/2147
f 2206/2901/1864 2435/2905/2093 2432/2902/2090
f 2492/3001/2148 2491/3002/2149 2490/3003/2150
f 2487/2999/2146 2488/2998/2145 2493/3004/2151
f 2488/2998/2145 2492/3005/2148 2493/3004/2151
f 2496/3006/2152 2495/3007/2153 2494/3008/2154
f 2429/2894/2086 2428/2895/2087 2497/3009/2155
f 2286/2685/1944 2498/3010/2156 2204/2593/1860
f 2332/2813/1990 2338/2746/1997 2499/3011/2157
f 2338/2746/1997 2501/3012/2158 2500/3013/2159
f 2200/2940/1858 2457/2939/2115 2343/2752/2003
f 2499/3011/2157 2338/2746/1997 2500/3013/2159
f 2404/2848/2061 2477/2983/2135 2428/2895/2087
f 2475/2981/2133 2176/2772/1834 2356/2771/2014
f 2210/2599/1866 2476/3014/2132 2209/2600/1867
f 2476/2980/2132 2474/2982/2134 2209/3015/1867
f 2343/2752/2003 2344/2751/2002 2200/2940/1858
f 2344/3016/2002 2199/3017/1859 2200/3018/1858
f 2344/3016/2002 2502/3019/2160 2199/3017/1859
f 2387/2817/2044 2503/3020/2161 2342/2818/1998
f 2503/3021/2161 2504/3022/2162 2342/2747/1998
f 2374/2798/2033 2294/2695/1953 2505/3023/2163
f 2294/2695/1953 2292/2692/1950 2505/3023/2163
f 2461/2987/2119 2271/2668/1929 2478/2988/2136
f 2271/2796/1929 2294/2695/1953 2478/3024/2136
f 2294/2695/1953 2374/2798/2033 2478/3024/2136
f 2374/3025/2033 2313/2986/1969 2478/2988/2136
f 2235/2632/1895 2236/2631/1894 2505/3023/2163
f 2236/2631/1894 2374/2798/2033 2505/3023/2163
f 2236/2631/1894 2174/2563/1830 2375/2797/2032
f 2174/2725/1830 2274/2671/1932 2375/2984/2032
f 2437/2907/2095 2195/2584/1851 2189/3026/1845
f 2507/3027/2164 2364/2781/2022 2506/3028/2165
f 2455/2936/2112 2473/2979/2131 2506/3028/2165
f 2246/3029/1902 2335/3030/1992 2276/2675/1935
f 2510/3031/2166 2509/3032/2167 2508/3033/2168
f 2509/3034/2167 2482/2990/2138 2508/3035/2168
f 2484/2994/2142 2485/2996/2144 2511/3036/2169
f 2485/2996/2144 2512/3037/2170 2511/3036/2169
f 2438/2913/2097 2440/2914/2098 2513/3038/2171
f 2440/2914/2098 2514/3039/2172 2513/3038/2171
f 2271/2668/1929 2293/2693/1951 2295/3040/1952
f 2217/2610/1877 2285/2684/1943 2211/2604/1871
f 2283/2679/1939 2222/3041/1878 2282/2680/1940
f 2173/2564/1831 2174/2563/1830 2237/2630/1893
f 2183/2761/1839 2181/3042/1841 2352/2762/2009
f 2181/2574/1841 2182/2573/1840 2297/2697/1955
f 2462/2950/2120 2170/2561/1828 2464/3043/2122
f 2310/2710/1966 2350/2760/2008 2309/2711/1967
f 2198/2861/1854 2192/2581/1848 2411/2862/2068
f 2192/2977/1848 2410/2860/2069 2411/2859/2068
f 2413/2871/2071 2184/2754/1844 2415/2872/2072
f 2184/2577/1844 2427/2890/2085 2415/2892/2072
f 2395/2839/2053 2388/2838/2047 2397/2844/2056
f 2388/3044/2047 2389/3045/2046 2397/3046/2056
f 2228/2617/1884 2360/2774/2016 2433/2903/2091
f 2491/3047/2149 2492/3005/2148 2488/2998/2145
f 2491/3048/2149 2358/3049/2018 2515/3050/2173
f 2431/2899/2089 2202/2898/1862 2516/3051/2174
f 2282/2680/1940 2222/3041/1878 2173/2564/1831
f 2222/2611/1878 2220/2613/1880 2402/2972/2060
f 2235/2632/1895 2282/2680/1940 2237/2630/1893
f 2282/2680/1940 2173/2564/1831 2237/2630/1893
f 2408/2857/2067 2426/2885/2084 2456/2938/2114
f 2426/2885/2084 2466/2956/2124 2456/2938/2114
f 2465/2955/2123 2401/2845/2058 2439/2912/2096
f 2401/2845/2058 2400/2846/2059 2439/2912/2096
f 2230/2624/1888 2217/2623/1877 2409/2856/2066
f 2217/2610/1877 2211/2604/1871 2293/3052/1951
f 2293/3052/1951 2211/2604/1871 2295/2694/1952
f 2211/2604/1871 2292/2692/1950 2295/2694/1952
f 2250/2925/1908 2277/2673/1934 2249/3053/1909
f 2518/3054/2175 2361/2778/2020 2517/3055/2176
f 2361/2778/2020 2364/2781/2022 2507/3027/2164
f 2393/3056/2052 2349/3057/2007 2286/3058/1944
f 2349/3059/2007 2498/3010/2156 2286/2685/1944
f 2361/3060/2020 2507/3061/2164 2517/3062/2176
f 2392/2833/2050 2349/2832/2007 2393/3063/2052
f 2223/2616/1883 2416/3064/2074 2383/2975/2041
f 2416/2874/2074 2339/2745/1996 2383/2814/2041
f 2362/2777/2019 2287/2687/1945 2363/2780/2021
f 2287/2687/1945 2232/2627/1890 2363/2780/2021
f 2177/2770/1833 2519/3065/2177 2384/2815/2042
f 2520/3066/2178 2429/3067/2086 2497/3068/2155
f 2520/3069/2178 2495/3007/2153 2429/2894/2086
f 2261/2660/1921 2262/2659/1920 2385/2816/2043
f 2495/3007/2153 2496/3006/2152 2333/2740/1991
f 2386/2819/2045 2340/2820/2000 2521/3070/2179
f 2470/2967/2127 2460/2969/2118 2522/3071/2180
f 2460/2969/2118 2523/3072/2181 2522/3071/2180
f 2525/3073/2182 2368/2785/2026 2524/3074/2183
f 2368/3075/2026 2467/3076/2126 2524/3077/2183
f 2337/2743/1994 2318/2720/1976 2336/2744/1995
f 2318/2720/1976 2316/2732/1972 2336/2744/1995
f 2189/2578/1845 2187/2580/1847 2437/3078/2095
f 2453/2934/2110 2254/2933/1910 2252/3079/1912
f 2186/2753/1842 2382/2812/2040 2457/2939/2115
f 2514/3039/2172 2332/2813/1990 2499/3011/2157
f 2416/2874/2074 2244/2641/1904 2339/2745/1996
f 2244/2641/1904 2263/2658/1919 2339/2745/1996
f 2359/2965/2017 2239/2686/1897 2362/2777/2019
f 2239/2686/1897 2287/2687/1945 2362/2777/2019
f 2505/3023/2163 2292/2692/1950 2299/2690/1956
f 2292/2692/1950 2212/2603/1870 2299/2690/1956
f 2284/2682/1942 2235/2632/1895 2291/2690/1948
f 2235/2632/1895 2505/3023/2163 2291/2690/1948
f 2527/3080/2184 2526/3081/2185 2434/3082/2094
f 2526/3083/2185 2489/3000/2147 2434/2906/2094
f 2349/3059/2007 2279/3084/1937 2498/3010/2156
f 2391/2828/2048 2268/2827/1926 2270/2948/1930
f 2268/2665/1926 2269/2664/1925 2270/2669/1930
f 2367/2783/2024 2365/2782/2023 2323/2727/1981
f 2365/2782/2023 2380/2810/2038 2323/2727/1981
f 2247/2642/1905 2225/2614/1881 2220/2613/1880
f 2225/2614/1881 2400/2973/2059 2220/2613/1880
f 2408/2857/2067 2234/2629/1892 2230/2624/1888
f 2234/2629/1892 2458/2945/2116 2230/2624/1888
f 2234/2629/1892 2233/2626/1889 2458/2945/2116
f 2471/3085/2129 2472/3086/2130 2528/3087/2186
f 2529/3088/2187 2432/3089/2090 2516/3090/2174
f 2490/3091/2150 2491/3048/2149 2515/3050/2173
f 2276/2675/1935 2278/2683/1936 2246/3029/1902
f 2278/2676/1936 2245/2640/1903 2246/2639/1902
f 2449/2928/2107 2390/3092/2049 2448/2929/2108
f 2390/3093/2049 2391/3094/2048 2469/2968/2128
f 2380/2810/2038 2381/2811/2039 2468/2960/2125
f 2381/2811/2039 2449/2928/2107 2530/3095/2188
f 2258/3096/1918 2259/3097/1917 2531/3098/2189
f 2390/3093/2049 2469/2968/2128 2448/3099/2108
f 2469/2968/2128 2470/2967/2127 2448/3099/2108
f 2467/2961/2126 2468/2960/2125 2530/3095/2188
f 2468/2960/2125 2381/2811/2039 2530/3095/2188
f 2481/3100/2139 2300/3101/1959 2480/3102/2140
f 2300/3101/1959 2301/3103/1958 2486/3104/2143
f 2300/3101/1959 2481/3100/2139 2312/3105/1970
f 2481/2991/2139 2482/2990/2138 2509/3034/2167
f 2526/3083/2185 2446/3106/2104 2489/3000/2147
f 2444/3107/2101 2442/2997/2099 2487/2999/2146
f 2516/3090/2174 2202/3108/1862 2529/3088/2187
f 2202/2595/1862 2203/2594/1861 2529/3109/2187
f 2176/2567/1834 2210/2599/1866 2532/3110/2190
f 2361/2778/2020 2518/3054/2175 2533/3111/2191
f 2394/2835/2051 2286/2834/1944 2431/3112/2089
f 2521/3070/2179 2340/2820/2000 2344/2751/2002
f 2340/2749/2000 2502/3019/2160 2344/3016/2002
f 2442/3113/2099 2433/2903/2091 2488/3114/2145
f 2433/2903/2091 2491/3115/2149 2488/3114/2145
f 2255/2654/1915 2289/2689/1947 2355/2769/2013
f 2289/3116/1947 2433/3117/2091 2355/3118/2013
f 2495/3007/2153 2385/2816/2043 2429/2894/2086
f 2385/2816/2043 2404/2848/2061 2429/2894/2086
f 2385/2816/2043 2264/2662/1923 2357/2773/2015
f 2264/2662/1923 2255/2654/1915 2357/2773/2015
f 2283/3119/1939 2215/3120/1873 2296/3121/1954
f 2340/2749/2000 2341/2748/1999 2502/3019/2160
f 2186/2575/1842 2201/2590/1857 2185/2576/1843
f 2515/3122/2173 2358/3123/2018 2533/3124/2191
f 2358/2779/2018 2361/2778/2020 2533/3111/2191
f 2338/2746/1997 2333/2740/1991 2534/3125/2192
f 2333/2740/1991 2496/3006/2152 2534/3125/2192
f 2300/2699/1959 2327/2731/1985 2275/2670/1931
f 2327/2731/1985 2374/2985/2033 2275/2670/1931
f 2422/2878/2078 2470/3126/2127 2421/2879/2079
f 2470/3126/2127 2522/3127/2180 2421/2879/2079
f 2470/2967/2127 2422/3128/2078 2448/3099/2108
f 2422/3129/2078 2450/2927/2106 2448/2929/2108
f 2262/2659/1920 2227/2618/1885 2265/2661/1922
f 2227/2618/1885 2228/2617/1884 2265/2661/1922
f 2311/3130/1971 2312/3131/1970 2509/3032/2167
f 2312/3105/1970 2481/3100/2139 2509/3132/2167
f 2486/3104/2143 2301/3103/1958 2485/3133/2144
f 2301/3103/1958 2273/3134/1933 2485/3133/2144
f 2390/3135/2049 2449/3136/2107 2388/3137/2047
f 2449/2928/2107 2381/2811/2039 2388/2822/2047
f 2524/3077/2183 2467/3076/2126 2419/2875/2075
f 2467/3076/2126 2418/2876/2076 2419/2875/2075
f 2256/2653/1914 2257/2652/1913 2303/2700/1960
f 2257/2652/1913 2302/2701/1961 2303/2700/1960
f 2354/3138/2011 2387/2817/2044 2519/3065/2177
f 2494/3008/2154 2495/3007/2153 2520/3069/2178
f 2215/3139/1873 2283/3140/1939 2214/3141/1874
f 2283/2679/1939 2281/2681/1941 2214/3142/1874
f 2213/2602/1869 2285/2684/1943 2260/3143/1916
f 2285/3144/1943 2259/3145/1917 2260/3146/1916
f 2469/2968/2128 2391/3094/2048 2460/2969/2118
f 2391/2828/2048 2270/2948/1930 2460/2947/2118
f 2323/2727/1981 2380/2810/2038 2368/2785/2026
f 2380/2810/2038 2468/2960/2125 2368/2785/2026
f 2425/3147/2082 2418/3148/2076 2450/2927/2106
f 2418/3148/2076 2467/2961/2126 2530/3095/2188
f 2344/2751/2002 2345/2750/2001 2521/3070/2179
f 2501/3012/2158 2338/2746/1997 2534/3125/2192
f 2526/3081/2185 2527/3080/2184 2535/3149/2193
f 2511/3036/2169 2512/3037/2170 2525/3073/2182
f 2512/3037/2170 2368/2785/2026 2525/3073/2182
f 2460/2969/2118 2510/3031/2166 2523/3072/2181
f 2510/3031/2166 2508/3033/2168 2523/3072/2181
f 2323/2727/1981 2172/2726/1832 2367/2783/2024
f 2172/2726/1832 2402/2847/2060 2367/2783/2024
f 2409/2856/2066 2272/2667/1928 2269/2664/1925
f 2272/2667/1928 2270/2669/1930 2269/2664/1925
f 2262/2659/1920 2245/2640/1903 2226/2619/1886
f 2245/2640/1903 2278/2676/1936 2226/2619/1886
f 2278/2676/1936 2238/2635/1898 2226/2619/1886
f 2238/2635/1898 2228/2617/1884 2226/2619/1886
f 2519/3065/2177 2177/2770/1833 2354/3138/2011
f 2177/2566/1833 2175/2568/1835 2354/2764/2011
f 2272/2667/1928 2409/2856/2066 2293/2693/1951
f 2409/2856/2066 2217/2623/1877 2293/2693/1951
f 2222/2611/1878 2402/2972/2060 2173/3150/1831
f 2402/3151/2060 2172/2565/1832 2173/2564/1831
f 2449/2928/2107 2450/2927/2106 2530/3095/2188
f 2450/2927/2106 2418/3148/2076 2530/3095/2188
f 2420/2880/2080 2425/2883/2082 2422/2878/2078
f 2425/3147/2082 2450/2927/2106 2422/3129/2078
f 2225/2614/1881 2332/2739/1990 2440/2974/2098
f 2332/2813/1990 2514/3039/2172 2440/2914/2098
f 2506/3028/2165 2364/2781/2022 2455/2936/2112
f 2364/2781/2022 2234/2629/1892 2455/2936/2112
f 2435/2905/2093 2206/2901/1864 2434/2906/2094
f 2206/2597/1864 2527/3080/2184 2434/3082/2094
f 2485/2996/2144 2273/2672/1933 2512/3037/2170
f 2273/2672/1933 2368/2785/2026 2512/3037/2170
f 2460/2947/2118 2311/2715/1971 2510/3152/2166
f 2311/3130/1971 2509/3032/2167 2510/3031/2166
f 2342/2747/1998 2504/3022/2162 2341/2748/1999
f 2271/2668/1929 2461/2987/2119 2270/2669/1930
f 2461/2949/2119 2311/2715/1971 2270/2948/1930
f 2273/2672/1933 2274/2671/1932 2323/2727/1981
f 2274/2671/1932 2174/2725/1830 2323/2727/1981
f 2385/2816/2043 2357/2773/2015 2404/2848/2061
f 2357/2773/2015 2256/2653/1914 2404/2848/2061
f 2302/2701/1961 2355/2769/2013 2442/3113/2099
f 2355/2769/2013 2433/2903/2091 2442/3113/2099
f 2296/2696/1954 2280/2678/1938 2283/3153/1939
f 2280/2678/1938 2222/2611/1878 2283/3153/1939
f 2217/2610/1877 2218/2609/1876 2285/2684/1943
f 2218/2609/1876 2248/2868/1906 2285/2684/1943
f 2484/2994/2142 2480/2992/2140 2486/2995/2143
f 2480/3102/2140 2300/3101/1959 2486/3104/2143
f 2223/2616/1883 2242/2976/1900 2416/3064/2074
f 2242/2637/1900 2334/2742/1993 2416/2874/2074
f 2250/2647/1908 2251/2646/1907 2287/2687/1945
f 2251/2646/1907 2232/2627/1890 2287/2687/1945
f 2433/2903/2091 2360/2774/2016 2491/3115/2149
f 2360/2774/2016 2358/2776/2018 2491/3115/2149
f 2333/2740/1991 2261/2660/1921 2495/3007/2153
f 2261/2660/1921 2385/2816/2043 2495/3007/2153
f 2206/2597/1864 2207/2596/1863 2527/3080/2184
f 2459/2946/2117 2205/2598/1865 2529/3109/2187
f 2205/3154/1865 2432/3089/2090 2529/3088/2187
f 2529/3109/2187 2203/2594/1861 2459/2946/2117
f 2353/2765/2012 2503/3021/2161 2354/2764/2011
f 2503/3020/2161 2387/2817/2044 2354/3138/2011
f 2503/3021/2161 2353/2765/2012 2504/3022/2162
f 2446/3106/2104 2526/3083/2185 2445/3155/2105
f 2526/3081/2185 2472/3156/2130 2445/3157/2105
f 2526/3081/2185 2535/3149/2193 2472/3156/2130
f 2210/2599/1866 2176/2567/1834 2476/3014/2132
f 2176/2772/1834 2475/2981/2133 2476/2980/2132
f 2176/2567/1834 2532/3110/2190 2175/2568/1835
f 1656/3158/2194 1655/3159/2194 1654/3160/2194
f 1659/3161/2195 1658/3162/2195 1657/3163/2195
f 1662/3164/2196 1661/3165/2197 1660/3166/2198
f 1665/3167/2199 1664/3168/2200 1663/3169/2201
f 1668/3170/2202 1667/3171/2203 1666/3172/2204
f 1671/3173/2205 1670/3174/2206 1669/3175/2207
f 1674/3176/2208 1673/3177/2209 1672/3178/2210
f 1677/3179/2211 1676/3180/2212 1675/3181/2213
f 1676/3180/2212 1677/3179/2211 1678/3182/2214
f 1680/3183/2215 1679/3184/2216 1676/3180/2212
f 1683/3185/2217 1682/3186/2218 1681/3187/2219
f 1682/3186/2218 1685/3188/2220 1684/3189/2221
f 1688/3190/2222 1687/3191/2223 1686/3192/2224
f 1691/3193/2225 1690/3194/2226 1689/3195/2227
f 1694/3196/2228 1693/3197/2229 1692/3198/2230
f 1697/3199/2231 1696/3200/2232 1695/3201/2233
f 1699/3202/2234 1698/3203/2235 1696/3200/2232
f 1702/3204/2236 1701/3205/2237 1700/3206/2238
f 1705/3207/2239 1704/3208/2240 1703/3209/2241
f 1708/3210/2242 1707/3211/2243 1706/3212/2244
f 1711/3213/2245 1710/3214/2246 1709/3215/2247
f 1714/3216/2248 1713/3217/2249 1712/3218/2250
f 1717/3219/2251 1716/3220/2252 1715/3221/2253
f 1716/3220/2252 1717/3219/2251 1718/3222/2254
f 1720/3223/2255 1712/3224/2250 1719/3225/2256
f 1723/3226/2257 1722/3227/2258 1721/3228/2259
f 1721/3228/2259 1725/3229/2260 1724/3230/2261
f 1728/3231/2262 1727/3232/2263 1726/3233/2264
f 1731/3234/2265 1730/3235/2266 1729/3236/2267
f 1734/3237/2268 1733/3238/2269 1732/3239/2270
f 1737/3240/2271 1736/3241/2272 1735/3242/2273
f 1736/3241/2272 1737/3240/2271 1738/3243/2274
f 1740/3244/2275 1738/3243/2274 1739/3245/2276
f 1742/3246/2277 1739/3245/2276 1741/3247/2278
f 1744/3248/2279 1743/3249/2280 1742/3250/2277
f 1743/3249/2280 1746/3251/2281 1745/3252/2282
f 1749/3253/2283 1748/3254/2284 1747/3255/2285
f 1751/3256/2286 1747/3255/2285 1750/3257/2287
f 1750/3258/2287 1753/3259/2288 1752/3260/2289
f 1756/3261/2290 1755/3262/2291 1754/3263/2292
f 1759/3264/2293 1758/3265/2294 1757/3266/2295
f 1762/3267/2296 1761/3268/2297 1760/3269/2298
f 1765/3270/2299 1764/3271/2300 1763/3272/2301
f 1768/3273/2302 1767/3274/2303 1766/3275/2304
f 1771/3276/2305 1770/3277/2306 1769/3278/2307
f 1769/3278/2307 1773/3279/2308 1772/3280/2309
f 1773/3279/2308 1775/3281/2310 1774/3282/2311
f 1778/3283/2312 1777/3284/2313 1776/3285/2314
f 1777/3284/2313 1780/3286/2315 1779/3287/2316
f 1783/3288/2317 1782/3289/2318 1781/3290/2319
f 1783/3288/2317 1784/3291/2320 1782/3289/2318
f 1787/3292/2321 1786/3293/2322 1785/3294/2323
f 1790/3295/2324 1789/3296/2325 1788/3297/2326
f 1789/3298/2325 1792/3299/2327 1791/3300/2328
f 1792/3301/2327 1790/3302/2324 1788/3303/2326
f 1795/3304/2329 1794/3305/2330 1793/3306/2331
f 1798/3307/2332 1797/3308/2333 1796/3309/2334
f 1800/3310/2335 1795/3311/2329 1799/3312/2336
f 1803/3313/2337 1802/3314/2338 1801/3315/2339
f 1806/3316/2340 1805/3317/2341 1804/3318/2342
f 1808/3319/2343 1806/3320/2340 1807/3321/2344
f 1806/3320/2340 1808/3319/2343 1809/3322/2345
f 1807/3323/2344 1810/3324/2346 1808/3325/2343
f 1810/3326/2346 1804/3327/2342 1811/3328/2347
f 1804/3327/2342 1810/3326/2346 1812/3329/2348
f 1815/3330/2349 1814/3331/2350 1813/3332/2351
f 1814/3331/2350 1815/3330/2349 1816/3333/2352
f 1815/3334/2349 1818/3335/2353 1817/3336/2354
f 1818/3335/2353 1815/3334/2349 1813/3337/2351
f 1819/3338/2355 1817/3339/2354 1818/3340/2353
f 1819/3341/2355 1816/3342/2352 1820/3343/2356
f 1823/3344/2357 1822/3345/2358 1821/3346/2359
f 1826/3347/2360 1825/3348/2361 1824/3349/2362
f 1824/3350/2362 1828/3351/2363 1827/3352/2364
f 1826/3353/2360 1827/3354/2364 1825/3355/2361
f 1831/3356/2365 1830/3357/2366 1829/3358/2367
f 1834/3359/2368 1833/3360/2369 1832/3361/2370
f 1837/3362/2371 1836/3363/2372 1835/3364/2373
f 1840/3365/2374 1839/3366/2375 1838/3367/2376
f 1843/3368/2377 1842/3369/2378 1841/3370/2379
f 1846/3371/2380 1845/3372/2381 1844/3373/2382
f 1846/3371/2380 1844/3373/2382 1847/3374/2383
f 1850/3375/2384 1849/3376/2385 1848/3377/2386
f 1852/3378/2387 1851/3379/2388 1850/3380/2384
f 1855/3381/2389 1854/3382/2390 1853/3383/2391
f 1856/3384/2392 1850/3385/2384 1851/3386/2388
f 1859/3387/2393 1858/3388/2394 1857/3389/2395
f 1862/3390/2396 1861/3391/2397 1860/3392/2398
f 1789/3296/2325 1790/3295/2324 1863/3393/2399
f 1866/3394/2400 1865/3395/2401 1864/3396/2402
f 1865/3397/2401 1868/3398/2403 1867/3399/2404
f 1871/3400/2405 1870/3401/2406 1869/3402/2407
f 1874/3403/2408 1873/3404/2409 1872/3405/2410
f 1681/3187/2219 1875/3406/2411 1683/3185/2217
f 1876/3407/2412 1872/3405/2410 1873/3404/2409
f 1879/3408/2413 1878/3409/2414 1877/3410/2415
f 1664/3168/2200 1665/3167/2199 1880/3411/2416
f 1883/3412/2417 1882/3413/2418 1881/3414/2419
f 1884/3415/2420 1722/3227/2258 1723/3226/2257
f 1881/3414/2419 1885/3416/2421 1883/3412/2417
f 1886/3417/2422 1718/3418/2254 1717/3419/2251
f 1888/3420/2423 1887/3421/2424 1700/3422/2238
f 1891/3423/2425 1890/3424/2426 1889/3425/2427
f 1894/3426/2428 1893/3427/2429 1892/3428/2430
f 1896/3429/2431 1853/3430/2391 1895/3431/2432
f 1739/3245/2276 1897/3432/2433 1740/3244/2275
f 1900/3433/2434 1899/3434/2435 1898/3435/2436
f 1902/3436/2437 1664/3437/2200 1901/3438/2438
f 1905/3439/2439 1904/3440/2440 1903/3441/2441
f 1908/3442/2442 1907/3443/2442 1906/3444/2442
f 1904/3445/2440 1905/3446/2439 1909/3447/2443
f 1758/3265/2294 1911/3448/2444 1910/3449/2445
f 1913/3450/2446 1900/3451/2434 1912/3452/2447
f 1729/3236/2267 1730/3235/2266 1914/3453/2448
f 1881/3454/2419 1882/3455/2418 1891/3456/2425
f 1876/3407/2412 1873/3404/2409 1878/3457/2414
f 1689/3195/2227 1690/3194/2226 1915/3458/2449
f 1689/3195/2227 1915/3458/2449 1878/3457/2414
f 1901/3438/2438 1905/3439/2439 1903/3441/2441
f 1917/3459/2450 1887/3421/2424 1916/3460/2451
f 1914/3453/2448 1730/3235/2266 1891/3456/2425
f 1878/3409/2414 1879/3408/2413 1876/3461/2412
f 1875/3406/2411 1681/3187/2219 1918/3462/2452
f 1921/3463/2453 1920/3464/2454 1919/3465/2455
f 1834/3466/2368 1836/3363/2372 1837/3362/2371
f 1923/3467/2456 1797/3468/2333 1922/3469/2457
f 1924/3470/2458 1802/3314/2338 1803/3313/2337
f 1722/3227/2258 1884/3415/2420 1925/3471/2459
f 1890/3472/2426 1891/3456/2425 1882/3455/2418
f 1667/3473/2203 1668/3474/2202 1926/3475/2460
f 1671/3173/2205 1669/3175/2207 1927/3476/2461
f 1816/3342/2352 1819/3341/2355 1928/3477/2462
f 1819/3338/2355 1820/3478/2356 1817/3339/2354
f 1702/3204/2236 1700/3206/2238 1929/3479/2463
f 1932/3480/2464 1931/3481/2464 1930/3482/2464
f 1806/3316/2340 1809/3483/2345 1805/3317/2341
f 1810/3324/2346 1807/3323/2344 1812/3484/2348
f 1844/3373/2382 1934/3485/2465 1933/3486/2466
f 1937/3487/2467 1936/3488/2468 1935/3489/2469
f 1849/3376/2385 1850/3375/2384 1938/3490/2470
f 1846/3371/2380 1847/3374/2383 1939/3491/2471
f 1937/3487/2467 1941/3492/2472 1940/3493/2473
f 1894/3426/2428 1892/3428/2430 1942/3494/2474
f 1662/3164/2196 1660/3166/2198 1943/3495/2475
f 1946/3496/2476 1945/3497/2477 1944/3498/2478
f 1949/3499/2479 1948/3500/2480 1947/3501/2481
f 1950/3502/2482 1697/3199/2231 1695/3201/2233
f 1947/3501/2481 1948/3500/2480 1951/3503/2483
f 1948/3504/2480 1952/3505/2484 1951/3506/2483
f 1954/3507/2485 1708/3508/2242 1953/3509/2486
f 1705/3510/2239 1703/3511/2241 1955/3512/2487
f 1957/3513/2488 1946/3496/2476 1956/3514/2489
f 1946/3496/2476 1944/3498/2478 1958/3515/2490
f 1869/3402/2407 1957/3513/2488 1871/3400/2405
f 1661/3165/2197 1662/3164/2196 1959/3516/2491
f 1781/3290/2319 1779/3517/2316 1960/3518/2492
f 1892/3428/2430 1893/3427/2429 1961/3519/2493
f 1958/3520/2490 1944/3521/2478 1962/3522/2494
f 1872/3523/2410 1876/3524/2412 1688/3190/2222
f 1869/3402/2407 1963/3525/2495 1945/3497/2477
f 1691/3193/2225 1689/3195/2227 1874/3403/2408
f 1965/3526/2496 1757/3266/2295 1964/3527/2497
f 1919/3528/2455 1920/3529/2454 1834/3530/2368
f 1920/3531/2454 1833/3360/2369 1834/3359/2368
f 1798/3307/2332 1924/3532/2458 1797/3308/2333
f 1924/3533/2458 1803/3534/2337 1797/3535/2333
f 1758/3265/2294 1966/3536/2498 1911/3448/2444
f 1899/3434/2435 1900/3433/2434 1913/320/2446
f 1730/3537/2266 1731/3538/2265 1885/3416/2421
f 1886/3417/2422 1717/3419/2251 1949/3499/2479
f 1882/3413/2418 1883/3412/2417 1728/3539/2262
f 1947/3540/2481 1951/3541/2483 1967/3542/2499
f 1969/3543/2500 1917/3544/2450 1968/3545/2501
f 1917/3459/2450 1916/3460/2451 1968/3546/2501
f 1728/3539/2262 1726/3547/2264 1882/3413/2418
f 1925/3471/2459 1884/3415/2420 1970/3548/2502
f 1890/3472/2426 1882/3455/2418 1971/3549/2503
f 1882/3413/2418 1726/3547/2264 1971/3550/2503
f 1875/3406/2411 1918/3462/2452 1972/3551/2504
f 1687/3191/2223 1688/3190/2222 1876/3524/2412
f 1687/3191/2223 1876/3524/2412 1973/3552/2505
f 1876/3461/2412 1879/3408/2413 1973/3553/2505
f 1948/3504/2480 1715/3221/2253 1952/3505/2484
f 1699/3202/2234 1696/3200/2232 1697/3199/2231
f 1974/3554/2506 1935/3555/2469 1933/3486/2466
f 1744/3556/2279 1742/3246/2277 1741/3247/2278
f 1861/3557/2397 1863/3393/2399 1975/3558/2507
f 1975/3558/2507 1863/3393/2399 1976/3559/2508
f 1831/3356/2365 1839/3560/2375 1830/3357/2366
f 1919/3528/2455 1834/3530/2368 1837/3561/2371
f 1797/3535/2333 1803/3534/2337 1922/3562/2457
f 1977/3563/2509 1794/3305/2330 1795/3304/2329
f 1915/3458/2449 1690/3194/2226 1978/3564/2510
f 1671/3565/2205 1980/3566/2511 1979/3567/2512
f 1953/3509/2486 1708/3508/2242 1981/3568/2513
f 1729/3236/2267 1914/3453/2448 1982/3569/2514
f 1943/3495/2475 1660/3166/2198 1983/3570/2515
f 1956/3514/2489 1946/3496/2476 1958/3515/2490
f 1773/3571/2308 1774/3572/2311 1776/3573/2516
f 1761/3574/2297 1985/3575/2517 1984/3576/2518
f 1664/3437/2200 1902/3436/2437 1663/3577/2201
f 1988/3578/2519 1987/3579/2520 1986/3580/2521
f 1991/3581/2508 1990/3582/2522 1989/3583/2523
f 1672/3178/2210 1675/3181/2213 1674/3176/2208
f 1667/3584/2203 1926/3585/2460 1992/3586/2524
f 1995/3587/2525 1994/3588/2526 1993/3589/2527
f 1711/3213/2245 1709/3215/2247 1996/3590/2528
f 1850/3591/2384 1997/3592/2529 1845/3372/2381
f 1857/3389/2395 1941/3593/2472 1937/3594/2467
f 1999/3595/2530 1787/3596/2321 1998/3597/2531
f 1787/3292/2321 1999/3598/2530 1786/3293/2322
f 1777/3284/2313 1779/3287/2316 2000/3599/2532
f 1933/3486/2466 1934/3485/2465 1974/3554/2506
f 1934/3485/2465 2001/3600/2533 1974/3554/2506
f 1934/3485/2465 1997/3592/2529 2001/3600/2533
f 1856/3384/2392 1859/3387/2393 1857/3389/2395
f 1891/3456/2425 1730/3235/2266 1881/3454/2419
f 1730/3537/2266 1885/3416/2421 1881/3414/2419
f 1957/3513/2488 1869/3402/2407 1946/3496/2476
f 1869/3402/2407 1945/3497/2477 1946/3496/2476
f 1865/3397/2401 1867/3399/2404 2002/3601/2534
f 1747/3255/2285 1751/3256/2286 1749/3253/2283
f 1910/3602/2445 1911/3603/2444 2003/3604/2535
f 1661/3165/2197 1959/3516/2491 2004/3605/2536
f 1682/3186/2218 1684/3189/2221 2005/3606/2537
f 1979/3567/2512 1694/3607/2228 1671/3565/2205
f 1694/3196/2228 1692/3198/2230 1671/3608/2205
f 1671/3608/2205 1692/3198/2230 1670/3609/2206
f 1677/3179/2211 1675/3181/2213 1672/3178/2210
f 1961/3519/2493 2006/3610/2538 1896/3429/2431
f 1893/3611/2429 2008/3612/2539 2007/3613/2540
f 1856/3384/2392 1851/3386/2388 1859/3387/2393
f 1855/3614/2389 2006/3615/2538 2007/3613/2540
f 1708/3210/2242 1954/3616/2485 1707/3211/2243
f 1880/3411/2416 1905/3446/2439 1664/3168/2200
f 1905/3439/2439 1901/3438/2438 1664/3437/2200
f 2011/3617/2541 2010/3618/2542 2009/3619/2543
f 1823/3344/2357 1821/3346/2359 2012/3620/2544
f 1821/3621/2359 1822/3622/2358 2011/3623/2541
f 2013/3624/2545 2010/3618/2542 2011/3617/2541
f 2011/3625/2541 1822/3626/2358 2013/3627/2545
f 1822/3345/2358 2015/3628/2546 2014/3629/2547
f 2017/3630/2548 2016/3631/2549 2010/3632/2542
f 2015/3628/2546 1822/3345/2358 1823/3344/2357
f 2019/3633/2550 2018/3634/2551 1981/3635/2513
f 2020/3636/2552 1704/3637/2240 1705/3638/2239
f 1874/3403/2408 1689/3195/2227 1873/3404/2409
f 1689/3195/2227 1878/3457/2414 1873/3404/2409
f 1869/3402/2407 1870/3401/2406 1963/3525/2495
f 2021/3639/2553 1690/3194/2226 1691/3193/2225
f 1725/3229/2260 1721/3228/2259 2022/3640/2554
f 1698/3203/2235 1699/3202/2234 2023/3641/2555
f 2025/3642/2556 2024/3643/2557 1708/3644/2242
f 2024/3645/2557 1981/3635/2513 1708/3646/2242
f 1949/3499/2479 1717/3419/2251 1948/3500/2480
f 1717/3219/2251 1715/3221/2253 1948/3504/2480
f 1751/3647/2286 2027/3648/2558 2026/3649/2559
f 2027/3650/2558 2029/3651/2560 2028/3652/2561
f 2032/3653/2562 2031/3654/2563 2030/3655/2564
f 2031/3656/2563 1755/3262/2291 1756/3261/2290
f 1764/3271/2300 1765/3270/2299 2033/3657/2565
f 1713/3217/2249 1714/3216/2248 1710/3214/2246
f 2025/3658/2556 1708/3659/2242 1706/3660/2244
f 1779/3517/2316 1781/3290/2319 2000/3661/2532
f 2034/3662/2566 1770/3277/2306 1771/3276/2305
f 1841/3663/2379 1842/3664/2378 2035/3665/2567
f 2036/3666/2568 2034/3667/2566 2035/3665/2567
f 2039/3668/2569 2038/3669/2570 2037/3670/2571
f 1822/3626/2358 2014/3671/2547 2013/3627/2545
f 2017/3630/2548 2010/3632/2542 2013/3672/2545
f 2013/3627/2545 2014/3671/2547 2017/3673/2548
f 2042/3674/2572 2041/3675/2573 2040/3676/2574
f 2040/3677/2574 2044/3678/2575 2043/3679/2576
f 2047/3680/2577 2046/3681/2578 2045/3682/2579
f 2042/3683/2572 2040/3684/2574 2048/3685/2580
f 2040/3677/2574 2043/3679/2576 2048/3686/2580
f 1855/3381/2389 2050/3687/2581 2049/3688/2582
f 2051/3689/2583 1851/3386/2388 1855/3614/2389
f 1851/3379/2388 2050/3687/2581 1855/3381/2389
f 1757/3266/2295 1965/3526/2496 1759/3264/2293
f 1755/3262/2291 2031/3656/2563 2052/3690/2584
f 1929/3479/2463 1700/3206/2238 1917/3544/2450
f 1700/3422/2238 1887/3421/2424 1917/3459/2450
f 2054/3691/2585 2053/3692/2586 1940/3493/2473
f 1780/3286/2315 1777/3284/2313 1778/3283/2312
f 1913/3450/2446 1912/3452/2447 2055/3693/2587
f 1743/3249/2280 1745/3252/2282 1749/3253/2283
f 2057/3694/2588 1900/3695/2434 2056/3696/2589
f 1900/3697/2434 1898/3698/2436 2032/3653/2562
f 1666/3172/2204 2058/3699/2590 1668/3170/2202
f 1986/3580/2521 1987/3579/2520 1979/3567/2512
f 2014/3629/2547 2015/3628/2546 2045/3682/2579
f 2016/3631/2549 2048/3686/2580 2043/3679/2576
f 1922/3469/2457 1800/3700/2335 1923/3467/2456
f 1710/3214/2246 1711/3213/2245 1713/3217/2249
f 1994/3588/2526 1955/3512/2487 1703/3511/2241
f 2039/3701/2569 2059/3702/2591 2038/577/2570
f 1855/3381/2389 2049/3688/2582 1854/3382/2390
f 2062/3703/2592 2061/3704/2593 2060/3705/2592
f 2062/3706/2592 2060/3707/2592 2063/3708/2594
f 1861/3391/2397 1975/3709/2507 1860/3392/2398
f 1954/3507/2485 1953/3509/2486 2064/3710/2595
f 1955/3512/2487 1994/3588/2526 1995/3587/2525
f 1673/3177/2209 1674/3176/2208 2065/3711/2596
f 1992/3712/2524 2067/3713/2597 2066/3714/2598
f 1790/3302/2324 1792/3301/2327 2068/3715/2599
f 1792/3299/2327 1789/3298/2325 2069/3716/2600
f 1824/3350/2362 1827/3352/2364 1868/3717/2403
f 1827/3354/2364 1826/3353/2360 2070/3718/2601
f 1857/3389/2395 1858/3388/2394 1941/3593/2472
f 2008/3612/2539 1893/3611/2429 1894/3719/2428
f 1998/3597/2531 1787/3596/2321 2071/3720/2602
f 2073/3721/2603 2072/3722/2604 2071/3720/2602
f 2047/3680/2577 2042/3723/2572 2046/3681/2578
f 2042/3724/2572 2048/3725/2580 2046/3726/2578
f 1712/3218/2250 2074/3727/2605 1714/3216/2248
f 1733/3238/2269 2024/3645/2557 2025/3728/2556
f 1996/3590/2528 1709/3215/2247 2075/3729/2606
f 1707/3211/2243 1954/3616/2485 2076/3730/2607
f 1750/3258/2287 1752/3260/2289 2029/3651/2560
f 1985/3731/2517 1761/3268/2297 2077/3732/2608
f 2020/3636/2552 2078/3733/2609 1704/3637/2240
f 2081/3734/2610 2080/3735/2611 2079/3736/2612
f 1718/3222/2254 1719/3225/2256 1716/3220/2252
f 2080/3735/2611 1725/3229/2260 2022/3640/2554
f 2084/3737/2613 2083/3738/2614 2082/3739/2615
f 2085/3740/2616 2058/3699/2590 1666/3172/2204
f 1684/3189/2221 2084/3737/2613 2005/3606/2537
f 1679/3184/2216 1870/3401/2406 1871/3400/2405
f 1738/3243/2274 1740/3244/2275 1736/3241/2272
f 2030/3655/2564 2031/3654/2563 2086/3741/2617
f 2087/3742/2618 2039/3701/2569 2027/3650/2558
f 2039/3668/2569 2037/3670/2571 2027/3648/2558
f 1845/3372/2381 1846/3371/2380 1850/3591/2384
f 1846/3743/2380 1938/3490/2470 1850/3375/2384
f 2073/3744/2603 2088/3745/2619 2072/3746/2604
f 1910/912/2445 2003/3747/2535 2089/3748/2620
f 2055/3693/2587 1912/3452/2447 2090/3749/2621
f 2033/3657/2565 1760/3269/2298 1764/3271/2300
f 1775/3281/2310 1773/3279/2308 1769/3278/2307
f 1775/3750/2310 2092/3751/2622 2091/3752/2623
f 2092/3753/2622 1842/3369/2378 1843/3368/2377
f 2092/3751/2622 2093/3754/2624 2091/3752/2623
f 1992/3712/2524 1926/3755/2460 2067/3713/2597
f 1980/3566/2511 1671/3565/2205 1927/3756/2461
f 1980/3566/2511 1927/3756/2461 2094/3757/2625
f 1927/3476/2461 1669/3175/2207 2095/3758/2626
f 1673/3177/2209 2065/3711/2596 2096/3759/2627
f 2099/3760/2628 2098/3761/2629 2097/3762/2630
f 1749/3253/2283 1745/3252/2282 1748/3254/2284
f 1940/3493/2473 2053/3692/2586 2100/3763/2631
f 1853/3383/2391 1896/3764/2431 1855/3381/2389
f 1896/3765/2431 2006/3615/2538 1855/3614/2389
f 1721/3228/2259 1724/3230/2261 1723/3226/2257
f 1929/3479/2463 1917/3544/2450 1969/3543/2500
f 2040/3766/2574 2101/3767/2632 2044/3768/2575
f 2041/3769/2573 2042/3770/2572 2047/3771/2577
f 1919/3465/2455 1840/3365/2374 1921/3463/2453
f 1896/3429/2431 2102/3772/2633 1961/3519/2493
f 1851/3379/2388 1852/3378/2387 2103/3773/2634
f 1850/3774/2384 1848/3775/2386 1852/3776/2387
f 2106/3777/2635 2105/3778/2636 2104/3779/2635
f 2106/3777/2635 2104/3779/2635 2107/3780/2637
f 1905/3446/2439 1880/3411/2416 1909/3447/2443
f 1685/3188/2220 1682/3186/2218 1683/3185/2217
f 2109/3781/2638 2098/3782/2629 2108/3783/2639
f 2111/3784/2640 2110/3785/2641 2108/3783/2639
f 2108/3783/2639 2110/3785/2641 2070/3786/2601
f 2110/3785/2641 2112/3787/2642 2070/3786/2601
f 2114/3788/2643 1936/3488/2468 2113/3789/2644
f 1940/3493/2473 2100/3763/2631 2113/3789/2644
f 1733/3238/2269 1734/3237/2268 2019/3633/2550
f 1734/3237/2268 2115/3790/2645 2019/3633/2550
f 1861/3391/2397 1862/3390/2396 2069/3791/2600
f 2117/3792/2646 2116/3793/2647 2068/3794/2599
f 2116/3793/2647 2118/3795/2648 2068/3794/2599
f 1988/3578/2519 2119/3796/2649 1987/3579/2520
f 2119/3797/2649 1693/3197/2229 1987/3798/2520
f 1863/3393/2399 1861/3557/2397 1789/3296/2325
f 1861/3391/2397 2069/3791/2600 1789/3799/2325
f 1800/3310/2335 1922/3800/2457 1795/3311/2329
f 1922/3562/2457 1803/3534/2337 1795/3801/2329
f 1734/3237/2268 1982/3569/2514 2115/3790/2645
f 1888/3420/2423 1700/3422/2238 1701/3802/2237
f 1888/3420/2423 1701/3802/2237 2120/3803/2650
f 2121/3804/2651 2078/3733/2609 2020/3636/2552
f 2019/3633/2550 2115/3790/2645 2018/3634/2551
f 2120/3805/2650 2121/3804/2651 2020/3636/2552
f 1775/3281/2310 1769/3278/2307 2092/3753/2622
f 1769/3278/2307 1770/3277/2306 2092/3753/2622
f 2085/3740/2616 2122/3806/2652 2058/3699/2590
f 2122/3807/2652 2123/3808/2653 2058/3809/2590
f 1663/3577/2201 1902/3436/2437 2123/3808/2653
f 1978/3810/2510 2119/3796/2649 1988/3578/2519
f 1942/3811/2474 2054/3691/2585 1894/3812/2428
f 2054/3813/2585 2124/3814/2654 1894/3719/2428
f 1840/3365/2374 1919/3465/2455 1839/3366/2375
f 1919/3528/2455 1830/3815/2366 1839/3816/2375
f 1919/3528/2455 1837/3561/2371 1830/3815/2366
f 1837/3817/2371 1835/3818/2373 1830/3819/2366
f 1786/3293/2322 1999/3598/2530 1768/3820/2302
f 1999/3821/2530 1767/3274/2303 1768/3273/2302
f 2116/3793/2647 2125/3822/2655 2118/3795/2648
f 1862/3390/2396 1860/3392/2398 2126/3823/2656
f 1830/3819/2366 1835/3818/2373 2127/3824/2657
f 2125/3822/2655 2126/3825/2656 2118/3795/2648
f 2118/3795/2648 2126/3825/2656 2128/3826/2658
f 2126/3823/2656 2130/3827/2659 2129/3828/2660
f 2126/3825/2656 2129/3829/2660 2128/3826/2658
f 1844/3373/2382 1845/3372/2381 1934/3485/2465
f 1845/3372/2381 1997/3592/2529 1934/3485/2465
f 2007/3613/2540 2006/3615/2538 1893/3611/2429
f 2006/3610/2538 1961/3519/2493 1893/3427/2429
f 1868/3398/2403 1865/3397/2401 1824/3830/2362
f 1865/3395/2401 1866/3394/2400 1824/3349/2362
f 1795/3801/2329 1803/3534/2337 1977/3831/2509
f 1803/3313/2337 1801/3315/2339 1977/3832/2509
f 1751/3647/2286 1750/3833/2287 2027/3648/2558
f 1750/3258/2287 2029/3651/2560 2027/3650/2558
f 1937/3834/2467 2001/3835/2533 1857/3836/2395
f 2001/3837/2533 1856/3384/2392 1857/3389/2395
f 2001/3837/2533 1997/3838/2529 1856/3384/2392
f 1997/3838/2529 1850/3385/2384 1856/3384/2392
f 1965/3526/2496 1964/3527/2497 2131/3839/2661
f 1782/3289/2318 1784/3291/2320 2132/3840/2662
f 1979/3567/2512 1987/3579/2520 1694/3607/2228
f 1987/3798/2520 1693/3197/2229 1694/3196/2228
f 1733/3238/2269 2019/3633/2550 2024/3645/2557
f 2019/3633/2550 1981/3635/2513 2024/3645/2557
f 2069/3791/2600 1862/3390/2396 2125/3841/2655
f 1862/3390/2396 2126/3823/2656 2125/3841/2655
f 2045/3682/2579 2046/3681/2578 2014/3629/2547
f 2046/3842/2578 2017/3673/2548 2014/3671/2547
f 2046/3726/2578 2048/3725/2580 2017/3843/2548
f 2048/3686/2580 2016/3631/2549 2017/3630/2548
f 1898/3435/2436 1899/3434/2435 2052/3690/2584
f 1966/3536/2498 1758/3265/2294 1759/3264/2293
f 2035/3665/2567 1842/3664/2378 2036/3666/2568
f 1842/3369/2378 2092/3753/2622 2036/3844/2568
f 1865/3397/2401 2002/3601/2534 1864/3845/2402
f 2002/3601/2534 1867/3399/2404 2098/3761/2629
f 1867/3399/2404 1868/3398/2403 2111/3846/2640
f 1936/3488/2468 2114/3788/2643 2133/3847/2663
f 1746/3251/2281 1743/3249/2280 1744/3248/2279
f 2008/3612/2539 2051/3689/2583 2007/3613/2540
f 2051/3689/2583 1855/3614/2389 2007/3613/2540
f 1894/3719/2428 2124/3814/2654 2008/3612/2539
f 2124/3814/2654 2051/3689/2583 2008/3612/2539
f 2111/3846/2640 1868/3398/2403 2110/3848/2641
f 1868/3717/2403 2112/3849/2642 2110/3850/2641
f 2117/3851/2646 2069/3716/2600 2116/3852/2647
f 2069/3791/2600 2125/3841/2655 2116/3853/2647
f 2092/3751/2622 1843/3854/2377 2093/3754/2624
f 1843/3854/2377 1841/3855/2379 2093/3754/2624
f 2119/3797/2649 2021/3639/2553 1693/3197/2229
f 2134/3856/2664 1963/3525/2495 1870/3401/2406
f 2134/3856/2664 1680/3183/2215 1678/3182/2214
f 1680/3183/2215 1676/3180/2212 1678/3182/2214
f 1729/3236/2267 1732/3239/2270 1731/3234/2265
f 2135/3857/2665 1718/3418/2254 1886/3417/2422
f 1712/3218/2250 1720/3858/2255 2074/3727/2605
f 1720/3858/2255 2135/3857/2665 2074/3727/2605
f 1933/3486/2466 1935/3555/2469 2133/3859/2663
f 1935/3489/2469 1936/3488/2468 2133/3847/2663
f 2100/3763/2631 1942/3811/2474 2136/3860/2666
f 1942/3494/2474 1892/3428/2430 2136/3861/2666
f 1824/3349/2362 1866/3394/2400 1826/3347/2360
f 1900/3697/2434 2032/3653/2562 2056/3862/2589
f 1897/3432/2433 1739/3245/2276 1742/3246/2277
f 2001/3863/2533 1937/3864/2467 1974/3865/2506
f 1937/3487/2467 1935/3489/2469 1974/3866/2506
f 2108/3783/2639 2098/3782/2629 2111/3784/2640
f 2098/3761/2629 1867/3399/2404 2111/3846/2640
f 2098/3782/2629 2109/3781/2638 2097/3867/2630
f 2097/3867/2630 2109/3781/2638 2137/3868/2667
f 2121/3804/2651 1702/3204/2236 2078/3733/2609
f 1725/3229/2260 2080/3735/2611 2081/3734/2610
f 1750/3257/2287 1747/3255/2285 1753/3869/2288
f 1747/3255/2285 1748/3254/2284 1753/3869/2288
f 1844/3373/2382 1933/3486/2466 2138/3870/2668
f 1933/3486/2466 2133/3859/2663 2138/3870/2668
f 2084/3737/2613 1684/3189/2221 2083/3738/2614
f 1665/3167/2199 2122/3806/2652 2085/3740/2616
f 1977/3832/2509 1801/3315/2339 2139/3871/2669
f 2100/3763/2631 2053/3692/2586 1942/3811/2474
f 2053/3692/2586 2054/3691/2585 1942/3811/2474
f 2071/3720/2602 1787/3596/2321 2073/3721/2603
f 1787/3292/2321 2088/3745/2619 2073/3744/2603
f 2039/3701/2569 2087/3742/2618 2059/3702/2591
f 2031/3654/2563 1756/3872/2290 2086/3741/2617
f 1756/3872/2290 1754/3873/2292 2086/3741/2617
f 1761/3268/2297 1762/3267/2296 2077/3732/2608
f 2142/3874/2670 2141/3875/2671 2140/3876/2672
f 1735/3242/2273 2143/3877/2673 1737/3240/2271
f 2092/3753/2622 1770/3277/2306 2036/3844/2568
f 1770/3277/2306 2034/3662/2566 2036/3844/2568
f 2128/3826/2658 2129/3829/2660 2144/3878/2674
f 2027/3648/2558 2037/3670/2571 2026/3649/2559
f 2120/3805/2650 1701/3205/2237 2121/3804/2651
f 1701/3205/2237 1702/3204/2236 2121/3804/2651
f 1665/3167/2199 1663/3169/2201 2122/3806/2652
f 1663/3577/2201 2123/3808/2653 2122/3807/2652
f 2070/3718/2601 2112/3879/2642 1827/3354/2364
f 2112/3849/2642 1868/3717/2403 1827/3352/2364
f 2069/3716/2600 2117/3851/2646 1792/3299/2327
f 2117/3880/2646 2068/3715/2599 1792/3301/2327
f 1851/3379/2388 2103/3773/2634 2050/3687/2581
f 1896/3429/2431 1895/3431/2432 2102/3772/2633
f 1864/3396/2402 1991/3581/2508 1866/3394/2400
f 1999/3595/2530 1998/3597/2531 1767/3881/2303
f 1978/3564/2510 1690/3194/2226 2119/3797/2649
f 1690/3194/2226 2021/3639/2553 2119/3797/2649
f 1732/3239/2270 1729/3236/2267 1734/3237/2268
f 1729/3236/2267 1982/3569/2514 1734/3237/2268
f 2146/3882/2675 1976/3559/2508 2145/3883/2676
f 1991/3581/2508 1864/3396/2402 1990/3582/2522
f 1864/3845/2402 2002/3601/2534 1990/3884/2522
f 1860/3392/2398 1975/3709/2507 2146/3885/2675
f 1975/3558/2507 1976/3559/2508 2146/3882/2675
f 1769/3278/2307 1772/3280/2309 1771/3276/2305
f 2032/3653/2562 1898/3698/2436 2031/3654/2563
f 1898/3435/2436 2052/3690/2584 2031/3656/2563
f 1937/3487/2467 1940/3493/2473 1936/3488/2468
f 1940/3493/2473 2113/3789/2644 1936/3488/2468
f 1846/3743/2380 1939/3886/2471 1938/3490/2470
f 2126/3823/2656 1860/3392/2398 2130/3827/2659
f 1860/3392/2398 2146/3885/2675 2130/3827/2659
f 1990/3884/2522 2002/3601/2534 2099/3760/2628
f 2002/3601/2534 2098/3761/2629 2099/3760/2628
f 1941/3593/2472 1858/3388/2394 2124/3814/2654
f 1858/3388/2394 1859/3387/2393 2124/3814/2654
f 2124/3814/2654 1859/3387/2393 2051/3689/2583
f 1859/3387/2393 1851/3386/2388 2051/3689/2583
f 2136/3861/2666 1892/3428/2430 2147/3887/2677
f 1892/3428/2430 1961/3519/2493 2147/3887/2677
f 2132/3840/2662 1784/3291/2320 2148/3888/2678
f 2134/3856/2664 1870/3401/2406 1680/3183/2215
f 1870/3401/2406 1679/3184/2216 1680/3183/2215
f 1719/3225/2256 1718/3222/2254 1720/3223/2255
f 1718/3418/2254 2135/3857/2665 1720/3858/2255
f 1940/3493/2473 1941/3492/2472 2054/3691/2585
f 1941/3593/2472 2124/3814/2654 2054/3813/2585
f 2094/3757/2625 1927/3756/2461 2149/3889/2679
f 1927/3476/2461 2095/3758/2626 2149/3890/2679
f 2076/3730/2607 1954/3616/2485 2150/3891/2680
f 1954/3507/2485 2064/3710/2595 2150/3892/2680
f 1760/3269/2298 2033/3657/2565 1762/3267/2296
f 1787/3292/2321 1785/3294/2323 2088/3745/2619
f 2027/3650/2558 2028/3652/2561 2087/3742/2618
f 1784/3291/2320 1783/3288/2317 1960/3518/2492
f 1783/3288/2317 1781/3290/2319 1960/3518/2492
f 1735/3242/2273 2142/3874/2670 2143/3877/2673
f 2142/3874/2670 1735/3242/2273 2141/3875/2671
